                mean         sd      5.5%      94.5%      rhat  ess_bulk
a[1]       4.7500369 0.33009133 4.2141707  5.2650230 1.0016278 7042.8469
a[2]       5.8651768 0.32861803 5.3441901  6.3869043 1.0028299 6420.8281
a[3]       5.3750646 0.32625394 4.8672655  5.8883891 1.0004853 8644.3611
a[4]       4.9105221 0.33436186 4.3812361  5.4341924 0.9998173 7333.8131
a[5]       5.3543669 0.32470513 4.8277643  5.8762896 1.0012493 7634.8907
a[6]       5.2207281 0.24583544 4.8261235  5.6158559 1.0023806 6337.1134
a[7]       4.5936071 0.33146740 4.0646880  5.1224453 1.0015197 6004.5105
a[8]       5.5384430 0.32278618 5.0207615  6.0598335 1.0040753 6451.2428
a[9]       4.5612071 0.34007321 4.0085336  5.0977992 1.0004259 7077.0484
a[10]      5.7277813 0.32759400 5.2055230  6.2581592 1.0012347 8095.1926
a[11]      5.1068789 0.32624269 4.5881592  5.6275758 0.9999466 7129.9016
a[12]      5.3016955 0.33030951 4.7745115  5.8440387 0.9995858 7007.8495
a[13]      4.4268729 0.32902719 3.9020167  4.9452199 1.0003668 6823.9114
a[14]      4.5717115 0.24159754 4.1928821  4.9566210 1.0000370 7240.4543
a[15]      4.7497961 0.33099672 4.2176495  5.2764944 1.0006796 6724.2169
a[16]      5.0622008 0.32886350 4.5320355  5.5850837 0.9997695 6982.8613
a[17]      5.2215693 0.32271433 4.7099050  5.7322958 1.0018194 8065.5923
a[18]      5.0110473 0.34150121 4.4672506  5.5450240 1.0016902 7754.8738
a[19]      5.7556759 0.32073029 5.2338451  6.2791680 1.0003729 6875.5224
a[20]      4.7765095 0.33186805 4.2600053  5.3059045 1.0006587 7562.3935
a[21]      4.4562214 0.31357317 3.9553335  4.9768244 1.0000292 5977.6387
a[22]      5.5725543 0.31896115 5.0715783  6.0852881 0.9999032 6814.4506
a[23]      5.5676578 0.31462355 5.0570578  6.0529696 1.0002934 6696.0734
a[24]      6.0781095 0.33568222 5.5487088  6.6094224 0.9996201 6543.6625
a[25]      4.7815883 0.32508131 4.2567794  5.3070396 1.0006756 7368.9258
a[26]      6.0848373 0.31770870 5.5855219  6.5947945 1.0010638 6469.8563
a[27]      5.5321130 0.32158676 5.0047301  6.0484332 1.0016519 5717.4068
a[28]      4.7506985 0.33247139 4.2174189  5.2879211 1.0040677 7285.6792
a[29]      5.2961348 0.33066343 4.7686265  5.8146082 1.0008024 5544.8450
a[30]      5.5998980 0.33695498 5.0656891  6.1447851 0.9997341 6111.7727
a[31]      4.9545053 0.33475913 4.4119459  5.4867633 1.0018580 7185.5019
a[32]      4.3566069 0.33316444 3.8313115  4.8831322 0.9996611 6028.6557
a[33]      5.3083085 0.32902905 4.7878710  5.8272087 1.0011822 6793.9000
a[34]      6.0796618 0.25688081 5.6673130  6.4985622 1.0041935 8286.7600
a[35]      4.2475838 0.32613606 3.7438215  4.7700288 1.0004978 6243.5055
a[36]      5.2310365 0.31318760 4.7195742  5.7343098 1.0011661 6531.5406
a[37]      5.4175407 0.32686573 4.8931766  5.9355943 1.0018497 6237.5503
a[38]      4.4190454 0.32678128 3.9053826  4.9417920 1.0030617 6602.8773
a[39]      4.6595381 0.32778751 4.1553824  5.1757293 0.9996925 7016.7568
a[40]      5.5532855 0.31835870 5.0422228  6.0637489 1.0016530 6190.4127
a[41]      5.4845479 0.32410792 4.9626528  5.9939827 1.0006201 7336.5525
a[42]      4.3089532 0.33405787 3.7699386  4.8349393 1.0009384 5115.8073
a[43]      5.2452090 0.32784895 4.7118524  5.7701886 0.9997554 7237.9671
a[44]      5.5858470 0.33633253 5.0457433  6.1120236 1.0003407 7365.0874
a[45]      5.8499420 0.21091680 5.5115485  6.1871276 1.0003114 7119.9558
a[46]      5.0571178 0.32050601 4.5525526  5.5794906 1.0005953 7303.1996
a[47]      5.2811894 0.32996946 4.7615708  5.8091437 1.0016171 6745.8063
a[48]      4.2730414 0.33460787 3.7382828  4.8093694 1.0034656 6069.7310
a[49]      5.0245050 0.32006748 4.5122088  5.5331245 1.0002057 6311.0123
a[50]      5.4277120 0.32241775 4.9124234  5.9340263 1.0011661 7151.0735
a[51]      5.2875297 0.31919859 4.7780831  5.8053121 1.0018131 6903.4437
a[52]      5.3694021 0.32845507 4.8408902  5.8954080 1.0019813 5797.4767
a[53]      5.1548202 0.33120326 4.6274668  5.6949486 1.0006139 6764.0504
a[54]      4.6398236 0.32607450 4.1314313  5.1656708 1.0018670 5758.7973
a[55]      5.6510660 0.32570912 5.1282992  6.1617401 1.0007624 7860.1947
a[56]      5.7204607 0.32773841 5.1787761  6.2567990 1.0003957 5919.7485
a[57]      5.7803277 0.33636227 5.2505925  6.3182021 1.0003904 6943.3537
a[58]      4.4415321 0.34234667 3.9008014  5.0021841 1.0027585 6419.1126
a[59]      5.6329019 0.33273965 5.1002206  6.1694581 1.0011528 6371.0850
a[60]      5.6792932 0.32123574 5.1807010  6.1962072 1.0009762 7311.7404
a[61]      5.1302290 0.32368688 4.6109946  5.6511310 1.0008908 7362.9882
a[62]      4.5343876 0.33774339 3.9827907  5.0704233 1.0024517 7667.7003
a[63]      4.2368261 0.32409894 3.7346541  4.7575814 1.0000491 6100.0339
a[64]      5.5424597 0.34342764 4.9957731  6.0974200 1.0011869 8305.9557
a[65]      5.7983575 0.31727907 5.2851522  6.3038660 1.0022075 7390.5441
a[66]      5.3738998 0.32710629 4.8477426  5.8956990 1.0004799 6922.0610
a[67]      5.2289898 0.32064839 4.7173989  5.7486646 1.0066516 7761.2824
a[68]      4.7128547 0.32788543 4.2011718  5.2364273 0.9998753 6369.2607
a[69]      5.1918737 0.32498176 4.6723855  5.7189335 1.0009362 7199.1862
a[70]      6.3100793 0.32411240 5.7874069  6.8218346 1.0013189 6090.5388
a[71]      4.4920638 0.32750113 3.9796949  5.0136843 1.0013179 7807.2577
a[72]      4.8057099 0.33272541 4.2751870  5.3266839 1.0017266 7659.5302
a[73]      5.0184378 0.32880187 4.4927068  5.5546695 1.0019116 7178.9399
a[74]      5.0194369 0.32035631 4.5183355  5.5340527 1.0020982 7132.5678
a[75]      5.4729496 0.18010865 5.1875262  5.7586573 1.0020450 7202.4481
a[76]      5.4814700 0.32659292 4.9550065  6.0136932 1.0019324 7542.8339
a[77]      5.5693570 0.25483055 5.1516605  5.9692683 1.0044270 6940.9423
a[78]      5.3706534 0.32937181 4.8332665  5.8954561 1.0011362 8085.1795
a[79]      5.9876963 0.33432773 5.4622062  6.5212443 1.0002571 6867.9218
a[80]      4.7342836 0.26003339 4.3126170  5.1535804 1.0016552 7664.3706
a[81]      4.3833921 0.33555591 3.8499053  4.9188209 1.0001682 6701.9415
a[82]      4.2158353 0.32763784 3.6953526  4.7461883 1.0009283 6506.9993
a[83]      4.5931881 0.33122880 4.0733703  5.1081860 1.0004243 7512.2481
a[84]      4.8482644 0.33072392 4.3294080  5.3677054 1.0025080 7019.8447
a[85]      5.6532719 0.24836496 5.2539820  6.0481593 1.0013812 6101.9783
a[86]      4.6095299 0.32483032 4.0853155  5.1400364 1.0024446 7348.9536
a[87]      5.6186427 0.31283872 5.1318623  6.1108714 1.0002773 5773.7151
a[88]      5.8424350 0.33501011 5.3095822  6.3910090 1.0005968 6037.3203
a[89]      4.9071877 0.32697891 4.3830424  5.4283124 1.0015217 7104.9794
a[90]      5.3095243 0.33655161 4.7766146  5.8464060 1.0020732 6186.0502
a[91]      5.0994420 0.31952642 4.5941739  5.5968719 1.0014259 6940.6111
a[92]      4.5913165 0.32387965 4.0835922  5.1144583 1.0012321 5816.8723
a[93]      5.1057438 0.32960436 4.5758041  5.6274368 1.0008471 6721.6686
a[94]      6.2328871 0.32296757 5.7134425  6.7517700 0.9993950 6636.7890
a[95]      4.3026844 0.33332618 3.7574938  4.8366973 1.0006933 7354.9527
a[96]      4.5081348 0.24866519 4.1040940  4.9038149 1.0016140 6869.0205
a[97]      5.6158803 0.24313493 5.2264255  6.0104108 1.0004896 7496.7909
a[98]      4.6686055 0.33066835 4.1355937  5.1840883 1.0021754 6957.6333
a[99]      5.4426582 0.32228691 4.9316570  5.9630100 1.0018723 7561.8525
a[100]     4.2656830 0.33097718 3.7455542  4.7925888 0.9996531 7026.3358
a[101]     4.7883577 0.33118638 4.2553762  5.3140510 0.9999716 7487.9541
a[102]     5.4815028 0.32073079 4.9659190  5.9926119 1.0015465 7601.0113
a[103]     4.5035133 0.33112835 3.9822196  5.0415626 1.0043524 6457.1213
a[104]     5.6197578 0.24987832 5.2191896  6.0201045 1.0019806 5921.9635
a[105]     5.5889679 0.32743208 5.0545482  6.1091760 0.9999553 6195.5596
a[106]     6.2514299 0.33498470 5.7159731  6.7754474 1.0016019 6133.4400
a[107]     5.0378027 0.32392331 4.5225341  5.5397638 1.0011441 6205.8100
a[108]     4.4751387 0.32916333 3.9548908  4.9969456 1.0012793 6466.2233
a[109]     4.2763603 0.32730931 3.7589968  4.8118000 1.0001399 6932.8731
a[110]     4.5973580 0.33334808 4.0632931  5.1243923 1.0007373 7044.0590
a[111]     4.4872282 0.33247319 3.9431413  5.0237814 1.0014825 7214.1043
a[112]     5.5198660 0.33260888 4.9915372  6.0389910 1.0003236 6780.0606
a[113]     4.9765731 0.33930203 4.4331723  5.5141477 1.0036084 9007.0385
a[114]     4.7918540 0.31007482 4.3049438  5.2951552 0.9999607 6234.4530
a[115]     5.9399388 0.33069107 5.4152150  6.4715113 1.0007236 6249.9908
a[116]     4.9287452 0.33385970 4.3878052  5.4705454 1.0021130 8249.3364
a[117]     5.1378985 0.32266611 4.6195270  5.6494252 1.0018315 7458.4243
a[118]     5.4751881 0.23872928 5.0965274  5.8488686 1.0002564 7746.6548
a[119]     4.3808841 0.33063089 3.8490861  4.9139163 1.0023145 8318.9820
a[120]     5.5408233 0.32450196 5.0261917  6.0538276 1.0018661 7379.7228
a[121]     4.4891773 0.24517451 4.1013543  4.8854082 1.0001672 6929.9615
a[122]     5.3374551 0.33019262 4.8143702  5.8546044 1.0027475 6117.8010
a[123]     5.2406880 0.32417489 4.7172429  5.7655876 1.0024799 7684.8617
a[124]     5.4392391 0.32261079 4.9224626  5.9511328 1.0012213 6903.6996
a[125]     4.7437835 0.33859661 4.2004317  5.2851289 1.0003275 7935.0041
a[126]     4.9056118 0.31908053 4.3921942  5.4181319 0.9995943 6678.5043
a[127]     4.8004275 0.31711647 4.3012274  5.3090808 0.9995465 7465.0291
a[128]     4.6951801 0.32694576 4.1785670  5.2161877 1.0002293 6794.7874
a[129]     4.9737726 0.32192949 4.4578863  5.4795058 0.9996387 7686.6666
a[130]     4.8100838 0.32513065 4.2836219  5.3343895 0.9997142 6253.2539
a[131]     4.5096979 0.32175127 4.0009772  5.0277573 1.0014026 6467.1075
a[132]     4.6448978 0.32675091 4.1373706  5.1616332 1.0012196 7225.9572
a[133]     4.4934931 0.33285170 3.9596034  5.0370328 1.0003893 7163.3375
a[134]     4.4413690 0.32673292 3.9196002  4.9603345 1.0001766 7585.6282
a[135]     5.6380722 0.32389889 5.1086889  6.1627407 0.9997926 8179.6776
a[136]     5.2426056 0.33581557 4.7124242  5.7859983 1.0007783 7291.3739
a[137]     5.3464684 0.32337841 4.8329990  5.8645298 0.9997663 7221.7413
a[138]     6.2591096 0.32939368 5.7390112  6.7930085 1.0023367 6152.1382
a[139]     5.0762970 0.32939180 4.5500280  5.5961319 1.0012035 6605.1685
a[140]     5.4758624 0.33540191 4.9305718  5.9988974 1.0021671 6168.9661
a[141]     5.1336303 0.32905873 4.5945752  5.6655506 1.0008011 7554.5425
a[142]     5.4279587 0.33274313 4.8890595  5.9583799 1.0005894 7133.4617
a[143]     5.4111339 0.32043828 4.9022198  5.9209529 1.0022132 7249.7577
a[144]     4.4449963 0.32948675 3.9126312  4.9675304 1.0000583 7910.1031
a[145]     4.1865551 0.32208568 3.6784956  4.7055008 1.0002409 6084.9923
a[146]     4.2809960 0.34099259 3.7438197  4.8278550 1.0005480 6311.7405
a[147]     4.6008986 0.33309186 4.0754942  5.1420425 1.0000341 6169.9471
a[148]     5.0671776 0.32327073 4.5564977  5.5807557 1.0041231 6344.7025
a[149]     5.1737567 0.32957338 4.6372918  5.7018646 0.9997900 6335.6376
a[150]     5.0629190 0.32813493 4.5427349  5.5894626 1.0009636 7477.2583
a[151]     4.8672842 0.32186887 4.3535304  5.3737242 1.0000447 7176.4850
a[152]     5.1861766 0.33287890 4.6589094  5.7211656 1.0029619 7583.3117
a[153]     3.7093152 0.32762443 3.1839772  4.2450367 1.0008799 6477.4385
a[154]     5.6121512 0.32619657 5.0924222  6.1215570 1.0006049 7366.4445
a[155]     5.4592856 0.33134057 4.9398590  5.9871135 1.0023611 7755.5091
a[156]     4.9906860 0.32796139 4.4663457  5.5150383 1.0008147 9784.0592
a[157]     4.7842751 0.32559249 4.2631620  5.3167886 1.0017456 7116.6610
a[158]     5.5587781 0.32574815 5.0426653  6.0736533 1.0013351 6964.0998
a[159]     5.4459999 0.32190798 4.9457127  5.9507901 1.0010695 5931.5384
a[160]     5.0494620 0.32592090 4.5232585  5.5672329 1.0017477 7041.1386
a[161]     5.9315074 0.33230723 5.3896179  6.4570986 0.9999282 6242.0625
a[162]     4.5045927 0.34072645 3.9555645  5.0468845 1.0010435 7421.7664
a[163]     5.4082473 0.33796280 4.8695145  5.9503653 1.0003358 7073.3997
a[164]     5.7371873 0.32961416 5.1993570  6.2510620 1.0007433 6551.5797
a[165]     4.7826234 0.32174606 4.2684556  5.2867544 1.0011501 7333.7880
a[166]     4.6913758 0.32212774 4.1794226  5.2093693 1.0013085 6187.8845
a[167]     5.4103340 0.33832081 4.8693563  5.9402225 1.0003871 7573.7244
a[168]     4.8649407 0.24733763 4.4665798  5.2452566 0.9996668 8188.4878
a[169]     4.6959171 0.33185134 4.1707205  5.2223530 1.0012966 6329.1007
a[170]     4.3786274 0.33011791 3.8383977  4.9143815 0.9999664 6821.0100
a[171]     4.3473856 0.32712347 3.8293037  4.8771049 1.0007033 5906.1467
a[172]     5.2604540 0.32057450 4.7500200  5.7715059 1.0005203 7017.9071
a[173]     4.1401385 0.33034378 3.6147447  4.6700404 1.0000659 6415.7598
a[174]     4.9010064 0.31851336 4.3949345  5.4022459 1.0029011 6778.9647
a[175]     5.8495978 0.33367342 5.3193177  6.3812705 0.9993047 6261.9779
a[176]     5.5141391 0.31779463 5.0066851  6.0133350 1.0014874 7422.4686
a[177]     3.8923355 0.33818820 3.3515048  4.4338381 1.0000083 6520.5413
a[178]     5.6975597 0.32752030 5.1898616  6.2226750 0.9995464 6787.0149
a[179]     5.2617509 0.32898441 4.7411800  5.7818942 1.0012322 7258.3885
a[180]     6.7123951 0.32596241 6.1814584  7.2353242 0.9994894 6516.7003
a[181]     5.3395218 0.33242851 4.7910242  5.8658329 1.0008882 6670.0956
a[182]     5.3180185 0.32745979 4.7932625  5.8387995 1.0025875 7456.4858
a[183]     5.9220817 0.34017487 5.3777674  6.4710991 0.9997909 7125.6908
a[184]     5.4791394 0.33041480 4.9470645  6.0147456 1.0010400 7421.3148
a[185]     4.7119271 0.32867394 4.1830996  5.2384469 1.0011513 7009.1831
a[186]     5.0033228 0.32763094 4.4878239  5.5151311 1.0025453 6114.6901
a[187]     5.1473292 0.32645921 4.6236653  5.6746549 1.0016466 9424.0497
a[188]     5.0782137 0.33180186 4.5475886  5.6077226 1.0009520 6966.8221
a[189]     5.1067276 0.33222661 4.5842884  5.6469802 1.0008503 5394.2821
a[190]     4.8918277 0.32334832 4.3797644  5.4081570 1.0020318 7630.6942
a[191]     5.1089570 0.33448365 4.5785553  5.6394839 1.0010062 7382.8989
a[192]     5.5590292 0.33229205 5.0292278  6.0955438 1.0009503 6960.1216
a[193]     4.7442444 0.32963142 4.2061425  5.2584474 1.0003070 7083.4960
a[194]     5.1142315 0.32812383 4.5959572  5.6481740 1.0001978 6538.7019
a[195]     5.3298115 0.32623617 4.8138293  5.8491338 1.0004263 6747.5000
a[196]     5.2490836 0.32755122 4.7277403  5.7807581 1.0011586 6803.9185
a[197]     5.0075866 0.33505873 4.4768518  5.5455785 1.0015872 6818.6910
a[198]     4.4120677 0.33460333 3.8761464  4.9515373 1.0032013 7405.3794
a[199]     4.4766918 0.32854201 3.9623616  5.0115693 1.0015859 7172.3358
a[200]     5.9919097 0.32719850 5.4797778  6.5037803 1.0028736 5472.9483
a[201]     5.1617445 0.33754325 4.6172382  5.7063069 1.0026991 7863.2144
a[202]     4.0307466 0.32770278 3.4993577  4.5590411 1.0010362 7390.0533
a[203]     4.2786312 0.33049821 3.7601984  4.8138940 1.0010647 8906.1689
a[204]     5.5998146 0.32769637 5.0760497  6.1240336 1.0022414 6014.5606
a[205]     5.4716148 0.33244311 4.9341543  5.9890631 1.0002049 7626.8147
a[206]     5.1019455 0.32336830 4.5965173  5.6270251 1.0001411 7365.4612
a[207]     6.0549868 0.33237139 5.5328845  6.5887622 0.9998994 5382.1338
a[208]     6.0618946 0.32295007 5.5472701  6.5778832 1.0008883 7154.8860
a[209]     5.4746633 0.33827681 4.9328811  6.0172818 1.0003033 6625.2667
a[210]     6.3082970 0.33937046 5.7656259  6.8414870 0.9999321 6889.9927
a[211]     4.7267463 0.32940151 4.1986858  5.2554441 1.0017694 6188.9802
a[212]     5.0522542 0.32246644 4.5468491  5.5726238 1.0003273 6595.7234
a[213]     5.1144986 0.33445263 4.5802813  5.6430352 0.9998400 7154.3707
a[214]     5.1997595 0.33254891 4.6744184  5.7213551 1.0041241 6520.9579
a[215]     5.2589094 0.31963536 4.7444803  5.7610672 1.0024312 7842.7937
a[216]     4.3241207 0.33846875 3.7786934  4.8719834 1.0002325 6997.9711
a[217]     6.2435544 0.15280218 5.9950305  6.4901921 1.0005849 7431.3177
a[218]     5.0638853 0.32809115 4.5541211  5.5946959 0.9998901 7269.2082
a[219]     4.2596240 0.32817047 3.7405526  4.7892301 1.0020763 7061.7443
a[220]     5.2529662 0.33503717 4.7223482  5.8006049 1.0038994 7847.7185
a[221]     5.3266921 0.33518039 4.7755541  5.8666282 0.9999211 7742.3036
a[222]     5.7984928 0.33253584 5.2604045  6.3330628 1.0003178 6726.5647
a[223]     4.9009378 0.33420916 4.3607600  5.4315372 1.0006728 7205.4699
a[224]     4.6185956 0.32391107 4.0832128  5.1425639 1.0014897 7048.1584
a[225]     4.6925909 0.32380587 4.1605104  5.2104561 1.0008462 5887.9205
a[226]     5.0812579 0.32667788 4.5606082  5.5999598 1.0016611 6373.4992
a[227]     4.9730190 0.33432134 4.4307018  5.5122182 1.0018166 6292.0427
a[228]     5.9968668 0.33821439 5.4489018  6.5299970 1.0016541 7122.3065
a[229]     5.2163321 0.32906590 4.6957645  5.7415325 1.0007606 7591.7594
a[230]     4.9929345 0.33081979 4.4627749  5.5345440 1.0011963 7378.2596
a[231]     4.9515117 0.32602935 4.4328466  5.4703821 1.0009526 7700.8531
a[232]     4.9173530 0.33600307 4.3969786  5.4611039 1.0011648 6811.2133
a[233]     4.4818590 0.32660135 3.9541843  5.0110190 0.9999936 7337.8409
a[234]     5.5688081 0.32675335 5.0504955  6.0986680 1.0010484 6740.8378
a[235]     5.0035095 0.32501932 4.4919903  5.5219833 1.0007687 6110.3841
a[236]     5.9312696 0.33746120 5.3767816  6.4525400 1.0004951 6656.6366
a[237]     4.4923306 0.32230445 3.9759546  5.0067860 1.0010243 7997.0214
a[238]     5.1311964 0.32140108 4.6185170  5.6431533 1.0022098 5834.4462
a[239]     4.7658681 0.32990900 4.2480625  5.2936594 1.0021086 7335.5982
a[240]     5.8662129 0.33476898 5.3344007  6.3948248 1.0010603 6665.0876
a[241]     5.7368027 0.33000457 5.2161500  6.2622150 1.0001913 6890.3911
a[242]     5.0946936 0.32639104 4.5631926  5.6106536 1.0016566 7096.6345
a[243]     5.4605704 0.31747134 4.9591903  5.9676140 0.9996475 6048.5566
a[244]     5.7680265 0.33033507 5.2310393  6.2999417 1.0009972 7971.4621
a[245]     6.7867477 0.32778787 6.2786528  7.3128862 1.0007518 6498.9917
a[246]     4.4278971 0.33843642 3.8858871  4.9761220 1.0068325 6663.7522
a[247]     5.7259579 0.33278195 5.1901404  6.2571350 1.0037160 7880.2907
a[248]     5.0158507 0.32315324 4.5058806  5.5147728 1.0025370 6880.4867
a[249]     5.5682473 0.32721829 5.0557057  6.1051677 0.9992937 6300.8512
a[250]     5.6541540 0.33072569 5.1211602  6.1911988 1.0018231 7444.6917
a[251]     5.8814055 0.32145774 5.3555921  6.4014773 1.0023108 6428.4154
a[252]     4.9233270 0.33128959 4.3919464  5.4478913 1.0028137 6471.5183
a[253]     5.7599808 0.33100424 5.2295940  6.2874200 1.0015009 5907.2054
a[254]     4.8041494 0.33667160 4.2620145  5.3451581 0.9996804 6758.8317
a[255]     4.9562685 0.33520657 4.4303025  5.4819226 1.0011269 6986.6687
a[256]     5.7977251 0.32001554 5.2952062  6.3039110 1.0038041 7008.5959
a[257]     4.9231929 0.32347662 4.4072341  5.4508801 1.0033000 6277.0857
a[258]     4.7074016 0.32506912 4.1884780  5.2243874 1.0006383 7679.5103
a[259]     5.0660214 0.24912398 4.6665526  5.4647905 1.0003766 8506.3486
a[260]     5.3358488 0.33057887 4.8088023  5.8723576 1.0021420 6650.9493
a[261]     4.9807739 0.31619575 4.4786507  5.4778987 1.0011405 5994.3389
a[262]     4.7486318 0.33025789 4.2254882  5.2695557 1.0040023 6757.8829
a[263]     5.4344374 0.32505279 4.9271597  5.9488554 1.0023515 7932.0669
a[264]     4.9472903 0.33404518 4.4199252  5.4793547 1.0001609 6921.7936
a[265]     7.4084538 0.24973535 7.0033209  7.8042996 1.0009300 4583.4439
a[266]     6.0841616 0.13950241 5.8601460  6.3107982 1.0019962 7837.0255
a[267]     4.4361448 0.32173115 3.9163015  4.9609161 1.0008467 8790.2025
a[268]     4.5806789 0.33592176 4.0591774  5.1060778 1.0002791 7241.1061
a[269]     4.8351650 0.33317221 4.3037711  5.3669706 1.0017664 6926.1760
a[270]     5.2870235 0.32458335 4.7718589  5.8035842 1.0003214 7486.4783
a[271]     6.3551651 0.32925736 5.8239910  6.8752471 1.0014013 6109.3704
a[272]     5.1402297 0.31930133 4.6288180  5.6352984 1.0035073 6319.6671
a[273]     5.1344413 0.33486491 4.5923338  5.6710485 1.0011516 7289.6137
a[274]     4.3076773 0.33230627 3.7779178  4.8339695 1.0011035 7356.8179
a[275]     4.2319391 0.33176778 3.6999109  4.7488786 0.9999106 6623.8391
a[276]     4.8265388 0.32942055 4.2977596  5.3643063 1.0004888 7181.7809
a[277]     5.1037062 0.34751629 4.5483941  5.6661683 1.0010707 8781.8444
a[278]     5.6448938 0.18372111 5.3573819  5.9414104 0.9998296 7028.6537
a[279]     5.3542073 0.32027406 4.8385299  5.8649115 1.0008192 7356.7369
a[280]     5.9908693 0.32462776 5.4760694  6.5115269 1.0017749 6413.8202
a[281]     4.1616765 0.32922062 3.6362122  4.6944231 1.0014469 5786.1483
a[282]     5.6587260 0.32832680 5.1169768  6.1813965 1.0003765 6850.0042
a[283]     4.7518063 0.33423008 4.2146387  5.2707511 1.0013332 6262.1463
a[284]     4.9076587 0.31729304 4.4021481  5.4112894 1.0011565 7643.5170
a[285]     4.7700924 0.32005129 4.2619169  5.2772968 1.0011886 6920.9857
a[286]     4.0834939 0.32554234 3.5529909  4.6010750 1.0009108 6323.3149
a[287]     4.8899673 0.33368168 4.3588972  5.4137197 1.0008391 7406.0231
a[288]     4.2805902 0.31684745 3.7706323  4.7897768 1.0027597 6100.8637
a[289]     5.0893016 0.32828556 4.5711919  5.6112702 0.9998933 7507.0595
a[290]     5.3051493 0.32200322 4.7913579  5.8207255 1.0022157 6796.7154
a[291]     4.4187635 0.32540357 3.8929848  4.9394897 1.0003378 5911.9369
a[292]     4.9482898 0.33266378 4.4101916  5.4859502 1.0026301 7629.0490
a[293]     5.3171452 0.32746057 4.7971831  5.8402308 1.0011285 7770.7717
a[294]     4.8629957 0.32150250 4.3370527  5.3781708 1.0022477 6566.8454
a[295]     5.7957512 0.32273388 5.2790663  6.3133060 1.0011105 6299.5661
a[296]     5.1529705 0.32310436 4.6246252  5.6688186 1.0000432 7097.0426
a[297]     6.6703834 0.33786078 6.1271599  7.2130473 1.0014497 5534.0068
a[298]     5.3795852 0.32206084 4.8638593  5.9077755 0.9995935 8692.1509
a[299]     4.2902527 0.33806320 3.7415716  4.8326033 1.0008980 6487.6389
a[300]     5.6788979 0.32680207 5.1550521  6.2026937 1.0026517 6888.4265
a[301]     5.6062095 0.25343328 5.2005393  6.0155435 1.0012252 5325.6914
a[302]     5.5735887 0.32337307 5.0562315  6.0947347 1.0016245 7323.5284
a[303]     4.8986171 0.32798145 4.3728820  5.4222669 1.0000511 6460.1497
a[304]     4.9710938 0.32386719 4.4477088  5.4873667 1.0001045 6586.7415
a[305]     4.8669898 0.32430316 4.3568113  5.3868299 1.0002198 6680.7831
a[306]     5.9246335 0.33351052 5.4023220  6.4640726 1.0010753 8466.7419
a[307]     4.9923114 0.32405398 4.4786656  5.5122689 1.0018508 6492.9560
a[308]     4.5050712 0.32473608 3.9953826  5.0308269 1.0004116 8023.3087
a[309]     5.5305068 0.33563884 5.0006256  6.0659925 1.0006076 6679.9884
a[310]     4.3205611 0.33086455 3.7918178  4.8377017 0.9999798 4723.8782
a[311]     6.0126363 0.25226480 5.6134874  6.4138095 1.0006998 7702.7973
a[312]     4.6436974 0.32457310 4.1309795  5.1589455 1.0021170 7723.7895
a[313]     6.5413635 0.33310239 6.0184912  7.0778100 1.0002248 5888.1730
a[314]     5.6667035 0.32662810 5.1469232  6.2000118 1.0009876 6557.1303
a[315]     5.2115989 0.33686947 4.6772547  5.7555534 1.0005455 8007.8405
a[316]     4.3160305 0.33160170 3.7938999  4.8322531 1.0008368 5752.4123
a[317]     5.5518988 0.32850215 5.0250454  6.0687347 1.0017400 7206.7935
a[318]     5.1476659 0.32211010 4.6380308  5.6632030 1.0020874 6305.6978
a[319]     4.8708154 0.33290894 4.3460207  5.4075976 1.0012799 7928.5810
a[320]     5.2748516 0.32144105 4.7542856  5.7968348 1.0043992 7011.8891
a[321]     6.5506121 0.33282016 6.0265636  7.0872099 1.0005291 5495.5728
a[322]     4.4312678 0.32193268 3.9213678  4.9455017 1.0001328 6974.3544
a[323]     5.0899216 0.31714351 4.5799244  5.5866752 1.0022414 7125.3124
a[324]     5.0674206 0.33180874 4.5374549  5.5956529 1.0016282 5947.7153
a[325]     5.2415968 0.32522744 4.7125692  5.7565587 1.0005361 6805.1608
a[326]     4.5900512 0.32909716 4.0646816  5.1186069 1.0015239 7732.8978
a[327]     4.0944002 0.32498535 3.5749530  4.6024788 1.0038878 6133.1019
a[328]     4.8669759 0.32754922 4.3408359  5.3849080 0.9996702 6731.2531
a[329]     5.2987556 0.33480057 4.7785377  5.8184170 1.0011859 6957.5877
a[330]     4.3859328 0.32565490 3.8623885  4.9094205 1.0023421 7087.9661
a[331]     5.1419432 0.33581124 4.6054988  5.6725629 1.0013441 6793.6393
a[332]     5.1117586 0.33883759 4.5755064  5.6500227 1.0011033 7345.0697
a[333]     4.1393493 0.32339468 3.6248524  4.6621050 1.0005508 7543.5959
a[334]     5.9934371 0.32381728 5.4723682  6.4995641 1.0050963 6285.4060
a[335]     5.4424705 0.32487969 4.9285478  5.9650327 1.0010897 7781.5247
a[336]     5.0125723 0.32434459 4.4986942  5.5279028 1.0003289 7383.9277
a[337]     4.0471816 0.33048245 3.5225268  4.5653468 1.0023856 7260.4558
a[338]     5.0832892 0.33904501 4.5442085  5.6186177 1.0013340 8112.1763
a[339]     5.4061969 0.32244331 4.8907856  5.9247623 1.0024751 5866.7280
a[340]     4.5383793 0.33067123 4.0059933  5.0636308 1.0025944 7049.5505
a[341]     5.3256707 0.25109073 4.9227035  5.7300816 1.0021234 7262.7445
a[342]     4.8973391 0.33385932 4.3616212  5.4356693 1.0012629 5812.8543
a[343]     4.6486614 0.34991885 4.0982197  5.2109650 0.9996188 7042.5233
a[344]     6.0955619 0.32756118 5.5666375  6.6135715 1.0015206 5814.0458
a[345]     5.6317797 0.33172250 5.1001678  6.1581337 1.0011884 6797.2486
a[346]     5.3448843 0.33018252 4.8212281  5.8724453 1.0015273 6845.8952
a[347]     4.5318041 0.33898457 3.9947844  5.0716884 1.0050936 7766.6639
a[348]     5.5655538 0.32277959 5.0370339  6.0753936 1.0020825 6452.7449
a[349]     5.3389165 0.32615843 4.8076998  5.8505366 0.9997080 7328.1974
a[350]     5.1824028 0.31689846 4.6734680  5.6789407 1.0008663 6722.2300
a[351]     5.7265523 0.32373752 5.2035453  6.2384280 1.0015762 5844.4460
a[352]     5.3524473 0.32066430 4.8369987  5.8463008 1.0008352 7400.3425
a[353]     5.0081493 0.32725587 4.4753655  5.5304430 1.0014985 5911.9661
a[354]     6.0532316 0.33736786 5.5093276  6.5862016 1.0009621 6367.5447
a[355]     5.5300174 0.33261098 4.9965825  6.0714329 1.0000677 6795.7591
a[356]     5.2945652 0.32368272 4.7719283  5.8173513 1.0027572 7062.9968
a[357]     5.3567481 0.32250134 4.8396601  5.8648448 1.0003826 7759.1595
a[358]     4.9453538 0.32557852 4.4248221  5.4608793 0.9999123 7934.0054
a[359]     6.1743345 0.32459698 5.6561104  6.6864563 1.0011719 6623.1015
a[360]     5.5430788 0.33179753 5.0083001  6.0622849 1.0001485 5677.3622
a[361]     6.0794216 0.32449849 5.5635852  6.5947765 1.0001708 6360.3516
a[362]     5.2776256 0.31603074 4.7767553  5.7872043 1.0002300 7942.5492
a[363]     6.0882878 0.32377484 5.5555180  6.6062692 0.9999047 6179.5222
a[364]     4.3662467 0.24652234 3.9766168  4.7650550 1.0022806 8677.4278
a[365]     5.3166849 0.33688937 4.7859860  5.8644840 1.0003537 6996.8792
a[366]     5.4874610 0.33003079 4.9592595  6.0144452 1.0019172 7155.1676
a[367]     4.8652174 0.32424420 4.3489902  5.3768128 0.9998849 7640.7203
a[368]     4.7765461 0.32373570 4.2574374  5.2938977 1.0010938 6602.2404
a[369]     4.9206029 0.32415531 4.4048172  5.4389952 1.0017840 6349.0252
a[370]     5.0426934 0.33511388 4.5008700  5.5770703 0.9999911 7548.2974
a[371]     5.2380326 0.32896048 4.7222201  5.7621874 1.0029329 7045.6671
a[372]     4.7618494 0.32347662 4.2347067  5.2731865 1.0036977 8024.9667
a[373]     5.4643499 0.32954826 4.9266059  5.9908457 0.9998975 7278.5186
a[374]     4.9503854 0.33410390 4.4280870  5.4782629 0.9998956 6126.3114
a[375]     4.7622416 0.32855064 4.2168839  5.3022142 1.0005890 6968.2977
a[376]     5.6778184 0.32153305 5.1717019  6.1939670 1.0012179 6481.9665
a[377]     5.0972835 0.32916613 4.5684628  5.6258247 1.0011495 6998.9648
a[378]     4.8054031 0.32773116 4.2780774  5.3429231 1.0004579 7870.0395
a[379]     5.0755866 0.32431561 4.5596911  5.6026460 0.9999979 7300.1812
a[380]     5.6476628 0.18894278 5.3466445  5.9493870 1.0004621 6740.8242
a[381]     4.4816687 0.32450851 3.9689651  4.9926885 1.0015307 6440.5193
a[382]     5.1296196 0.32235101 4.6182669  5.6536024 1.0041066 6561.9924
a[383]     4.5098477 0.33516999 3.9799881  5.0515235 1.0031215 6216.6267
a[384]     4.3875621 0.31825830 3.8769995  4.8921155 1.0014787 5856.2153
a[385]     4.5276264 0.33190867 3.9951264  5.0569723 1.0012480 7008.0373
a[386]     5.8924403 0.32429800 5.3656277  6.4192865 1.0005320 6469.8693
a[387]     5.0196085 0.32766019 4.4940176  5.5594777 1.0001648 6327.5667
a[388]     5.7570613 0.18828782 5.4527225  6.0505263 1.0016279 6962.9814
a[389]     4.8257220 0.32731909 4.3007580  5.3379481 1.0001225 6382.8042
a[390]     5.9561602 0.32882490 5.4312321  6.4849157 1.0000529 6735.3717
a[391]     6.2927365 0.24900323 5.8917821  6.6928891 1.0031912 7688.9962
a[392]     4.8435346 0.34136392 4.3003521  5.3767298 0.9998189 7671.7139
a[393]     5.5990335 0.32881636 5.0801214  6.1133067 1.0006339 8411.1548
a[394]     6.6615589 0.33833916 6.1301922  7.1921313 1.0008798 7065.8420
a[395]     4.8995160 0.32105258 4.3790351  5.4124061 1.0005906 6850.4499
a[396]     5.7711372 0.32246166 5.2528366  6.2743686 1.0013675 8153.3656
a[397]     4.5117736 0.32985567 3.9940339  5.0322088 1.0006394 7769.3017
a[398]     6.1062194 0.32719476 5.5752026  6.6344395 1.0022228 5990.2893
a[399]     5.0560680 0.33028662 4.5314194  5.5848365 1.0043316 7609.4336
a[400]     4.6666187 0.32067248 4.1511653  5.1755473 1.0001550 7316.8555
a[401]     4.9856661 0.32569103 4.4742973  5.5068947 0.9997119 7251.4931
a[402]     5.2331003 0.32066231 4.7057606  5.7423610 1.0010773 7580.9516
a[403]     4.2540416 0.32501783 3.7327483  4.7801591 1.0001300 5994.2955
a[404]     5.4897365 0.32521867 4.9838748  6.0216468 1.0000271 6492.0998
a[405]     5.4095672 0.32132150 4.8903615  5.9237077 0.9996868 6205.3309
a[406]     4.3047557 0.32883972 3.7881746  4.8253946 1.0020010 8105.1149
a[407]     4.5489419 0.25956900 4.1394561  4.9679259 1.0043868 7135.1942
a[408]     4.4368397 0.33720416 3.9052149  4.9872889 1.0003611 7345.4608
a[409]     4.3497050 0.32813411 3.8365360  4.8802143 1.0024393 6962.0577
a[410]     4.5753731 0.32933498 4.0401444  5.1128461 1.0013002 7212.8618
a[411]     5.3001823 0.32938277 4.7563640  5.8233890 1.0008723 7520.8574
a[412]     5.1362256 0.33050969 4.6048670  5.6675641 1.0008898 9109.0431
a[413]     4.5660725 0.33791397 4.0193753  5.1086826 1.0004233 7226.9098
a[414]     5.2867400 0.32769248 4.7528489  5.8094269 1.0000538 6424.6522
a[415]     5.4697025 0.33247800 4.9405964  5.9869105 1.0011838 6627.3687
a[416]     4.8445000 0.32355705 4.3321056  5.3479340 1.0030325 6145.9786
a[417]     5.3140915 0.33737811 4.7748341  5.8559968 1.0032503 8196.7240
a[418]     6.0482092 0.20993651 5.7104277  6.3816739 1.0018530 7505.2286
a[419]     4.8523028 0.24333466 4.4697032  5.2351206 1.0003511 5777.3786
a[420]     4.5158439 0.32758090 4.0061511  5.0378622 0.9999816 7175.0202
a[421]     6.5649978 0.32474365 6.0400205  7.0782690 1.0012071 6442.5991
a[422]     6.1272891 0.33024675 5.6016553  6.6572604 1.0053094 6161.7014
a[423]     5.3937839 0.32638767 4.8718512  5.9074273 1.0001858 7273.8138
a[424]     6.0523177 0.32592333 5.5433348  6.5793755 1.0036475 5816.9903
a[425]     4.9668588 0.32685106 4.4291070  5.4867704 1.0054459 7551.7470
a[426]     4.0864789 0.32390079 3.5654812  4.5933188 1.0014607 7102.7551
a[427]     5.0753076 0.33894336 4.5323095  5.6132838 1.0023236 6956.4828
a[428]     5.4026513 0.32857181 4.8729078  5.9210351 1.0028669 7019.1451
a[429]     4.2602661 0.33027481 3.7388975  4.7972764 1.0025895 6097.8150
a[430]     5.1993431 0.31891065 4.6912844  5.7081794 1.0025398 7920.7985
a[431]     5.1736328 0.32610987 4.6460840  5.6930241 1.0005816 7237.3727
a[432]     4.4417345 0.32014690 3.9221385  4.9482431 1.0064472 6524.7541
a[433]     5.0337287 0.33477502 4.5121854  5.5561445 1.0025766 6765.8296
a[434]     5.4320455 0.33072504 4.9062983  5.9574895 1.0015163 5797.3785
a[435]     5.6378656 0.24772057 5.2390602  6.0332018 0.9999164 6865.5908
a[436]     5.3806779 0.32313146 4.8711775  5.9027361 1.0023706 6248.2999
a[437]     4.4541031 0.33053473 3.9338932  4.9882985 1.0011719 5782.6469
a[438]     4.3469929 0.31794729 3.8371105  4.8452772 0.9998720 6174.3105
a[439]     5.2267185 0.32278996 4.7175690  5.7487404 1.0012612 7632.5202
a[440]     4.6982900 0.32521382 4.1649096  5.2263865 1.0013030 6782.5303
a[441]     4.6855609 0.32557015 4.1644243  5.2078203 1.0020036 7096.9417
a[442]     4.6094865 0.33104338 4.0904735  5.1371561 1.0007056 6908.0503
a[443]     4.7690774 0.32197190 4.2607872  5.2862385 1.0021526 7586.6133
a[444]     5.3944107 0.32991044 4.8589432  5.9348705 1.0010470 7264.4120
a[445]     5.5151218 0.24668314 5.1174876  5.9073633 1.0023636 7718.9209
a[446]     6.0230112 0.32908153 5.5047369  6.5437660 1.0020308 6338.9245
a[447]     5.9264162 0.32456992 5.4014133  6.4441463 1.0028653 7841.2714
a[448]     5.1969023 0.32317437 4.6908983  5.7251553 1.0001196 7163.6248
a[449]     5.9056108 0.34524490 5.3553831  6.4524468 1.0048072 6666.7682
a[450]     5.1593997 0.33239406 4.6278485  5.6805220 0.9997493 7591.5310
a[451]     4.2867213 0.32631869 3.7693839  4.8127931 1.0011733 7371.0958
a[452]     4.6653111 0.32935386 4.1306538  5.1830759 1.0029802 6211.2464
a[453]     5.3621529 0.33362912 4.8457539  5.8888983 1.0001649 7347.1575
a[454]     5.1266885 0.24761497 4.7281680  5.5207100 1.0016868 7294.0408
a[455]     5.2395765 0.32637780 4.7208224  5.7646320 1.0003070 6095.1862
a[456]     4.9933570 0.32505308 4.4764575  5.5192528 1.0004840 6406.1310
a[457]     4.3676817 0.32906120 3.8372582  4.8979437 1.0014582 6413.5151
a[458]     5.2704777 0.32437267 4.7531252  5.7784036 1.0008651 6946.2101
a[459]     4.7578940 0.33191485 4.2259898  5.2907274 1.0004879 8520.8856
a[460]     5.8100732 0.20283770 5.4861969  6.1449967 1.0007118 8693.8181
a[461]     5.2188553 0.32357513 4.7172581  5.7421897 1.0019369 7229.9538
a[462]     5.3064640 0.33272375 4.7721706  5.8438850 1.0020119 6521.5986
a[463]     4.8988278 0.31647161 4.3937928  5.3992423 1.0007059 7793.4875
a[464]     4.1824848 0.34147060 3.6318833  4.7375250 1.0008314 6692.4261
a[465]     5.0725510 0.32006537 4.5588486  5.5879372 1.0014331 7442.3443
a[466]     5.2356426 0.33442786 4.7117680  5.7680600 1.0021232 6660.0108
a[467]     4.5681600 0.32382656 4.0658567  5.0774033 1.0020932 6673.8692
a[468]     5.2598448 0.33839300 4.7127821  5.7929516 1.0003226 8136.7476
a[469]     6.3116466 0.32677811 5.8006660  6.8478315 1.0006021 6881.5007
a[470]     5.1384428 0.32741294 4.6157189  5.6674041 1.0006373 6858.0852
a[471]     5.3979925 0.32713409 4.8808133  5.9161250 1.0026998 6670.5003
a[472]     5.4807169 0.33220240 4.9465952  6.0166693 1.0000739 6219.1395
a[473]     5.1317010 0.33697000 4.6018630  5.6687895 1.0018115 7644.9394
a[474]     5.2710220 0.32925026 4.7427225  5.7921858 1.0008230 6784.2683
a[475]     4.4356096 0.33408229 3.8927798  4.9729126 1.0012520 7060.8751
a[476]     5.6615977 0.21142800 5.3191798  6.0026792 1.0015858 8264.9961
a[477]     5.4764599 0.33525183 4.9435404  6.0120599 1.0002664 7353.5753
a[478]     5.6213942 0.33909959 5.0729943  6.1665247 0.9999342 6065.1194
a[479]     5.9411077 0.24414826 5.5514034  6.3273217 0.9996971 6773.7570
a[480]     5.4016099 0.32422294 4.8871488  5.9148771 1.0016890 7829.6395
a[481]     5.5229771 0.34317820 4.9712312  6.0683081 1.0022015 6465.9869
a[482]     4.8272291 0.32726395 4.2964389  5.3541237 1.0010782 9076.8940
a[483]     4.1005135 0.32697174 3.5812766  4.6246441 1.0007977 7021.6332
a[484]     4.2602717 0.32952821 3.7391521  4.7896223 1.0015180 7022.4573
a[485]     5.8147694 0.33140573 5.2874745  6.3484751 1.0002501 7404.2203
a[486]     5.4478623 0.32892057 4.9319787  5.9727121 1.0003767 6612.1658
a[487]     4.4873778 0.33657085 3.9513998  5.0234029 1.0045909 6562.6579
a[488]     4.5652707 0.32293264 4.0493050  5.0723346 1.0006288 6806.8482
a[489]     4.6911624 0.32595593 4.1706148  5.2133117 1.0015585 7258.4682
a[490]     9.7093320 0.35244116 9.1388733 10.2612887 1.0011550 2283.7590
a[491]     5.7834339 0.32070636 5.2705964  6.2858968 0.9996799 6746.2162
a[492]     5.8912306 0.32603142 5.3773072  6.4009416 1.0031389 7751.9373
a[493]     5.1272193 0.33023248 4.6134202  5.6544129 1.0017767 7074.6872
a[494]     4.7308600 0.32687167 4.2136799  5.2463905 1.0004376 6515.8246
a[495]     4.7835943 0.31902745 4.2846406  5.3115486 1.0007904 5999.7458
a[496]     5.5944591 0.31974108 5.0830086  6.1020009 1.0008203 7831.0918
a[497]     5.7109964 0.32386372 5.1931518  6.2288995 1.0010798 6779.8648
a[498]     5.2496805 0.32994052 4.7402117  5.7794761 1.0015654 7006.0884
a[499]     5.2403448 0.32332407 4.7176913  5.7488254 1.0037407 7181.1850
a[500]     4.5066620 0.32778241 3.9835085  5.0262231 1.0009378 6608.1505
a[501]     4.2098731 0.33376015 3.6696480  4.7393480 1.0018280 7299.4489
a[502]     5.5052183 0.32764318 4.9796120  6.0362696 1.0041874 5865.8876
a[503]     5.0845220 0.32664985 4.5675759  5.6254467 1.0006086 6622.1468
a[504]     5.0024038 0.32246841 4.4905403  5.5219791 1.0013487 6702.0565
a[505]     4.6929605 0.33131644 4.1698384  5.2194747 1.0019778 7096.5912
a[506]     4.2391631 0.33521669 3.7119521  4.7808243 1.0038030 6335.5643
a[507]     4.3392460 0.32633185 3.8196725  4.8590219 1.0001577 7788.8099
a[508]     5.1176420 0.33079992 4.5952065  5.6458900 1.0020857 7504.5240
a[509]     4.3102009 0.33438395 3.7788885  4.8438976 1.0021898 7243.2083
a[510]     5.4048281 0.32976290 4.8786768  5.9368776 1.0004284 6601.0882
a[511]     4.8085702 0.33333784 4.2867072  5.3345766 1.0015522 6982.4273
a[512]     4.2610477 0.33036042 3.7356043  4.7832645 1.0004834 5995.2700
a[513]     5.5591516 0.32533284 5.0393302  6.0826780 1.0016556 8000.0992
a[514]     5.5825140 0.32767253 5.0555471  6.1023425 1.0009620 5364.0135
a[515]     4.0410881 0.32942695 3.5085003  4.5663927 1.0010223 6743.1456
a[516]     4.5386986 0.33593473 3.9938894  5.0809933 1.0013161 7467.4304
a[517]     4.7555246 0.32274739 4.2289298  5.2679818 1.0019841 7306.9979
a[518]     4.9274391 0.32873059 4.4067912  5.4423657 1.0003854 7112.9694
a[519]     5.2241131 0.32363570 4.7141111  5.7271837 1.0007572 7905.8816
a[520]     5.3492718 0.32379119 4.8322557  5.8531636 1.0007356 7131.1696
a[521]     4.9934791 0.32943935 4.4690363  5.5292621 1.0008744 7633.6140
a[522]     5.0637321 0.24447570 4.6846450  5.4561599 1.0014224 7019.2532
a[523]     5.3843274 0.25198416 4.9831413  5.7911129 1.0011760 7501.3914
a[524]     4.4652697 0.33250644 3.9327771  4.9972022 1.0015092 5948.9999
a[525]     4.1319403 0.32151652 3.6295686  4.6456692 1.0020468 5845.1788
a[526]     5.2520780 0.33096343 4.7300046  5.7887522 1.0011010 6964.1857
a[527]     4.8615924 0.32717526 4.3316480  5.3885818 1.0000779 6388.5410
a[528]     5.2482613 0.32835529 4.7262473  5.7704000 1.0008557 7265.1137
a[529]     5.0147237 0.32700466 4.4826082  5.5323484 1.0006061 6673.8923
a[530]     5.8151678 0.32689716 5.2830666  6.3377513 1.0029382 7098.9762
a[531]     4.4740782 0.34547863 3.9333904  5.0174250 1.0004878 7366.7464
a[532]     5.5258546 0.32806183 5.0051740  6.0493088 1.0022442 6870.6819
a[533]     4.5527941 0.33258375 4.0158672  5.0891467 1.0005706 6328.8596
a[534]     5.5327909 0.32848399 5.0105075  6.0508372 1.0005920 6815.2058
a[535]     6.3233996 0.33851266 5.7777508  6.8595845 0.9999657 6538.2267
a[536]     5.7449118 0.33109056 5.2103129  6.2773946 1.0001145 7833.6942
a[537]     5.0257709 0.32168372 4.5179598  5.5379615 1.0002163 6435.1280
a[538]     5.6171718 0.34103905 5.0671716  6.1689911 1.0003068 6161.9254
a[539]     5.2854200 0.24365663 4.8947683  5.6726785 0.9999082 7151.4987
a[540]     4.2053721 0.32353891 3.6979261  4.7364682 1.0000935 6282.0779
a[541]     4.6387962 0.32515634 4.1187292  5.1504347 1.0020074 6774.4896
a[542]     4.2891390 0.32161243 3.7726613  4.8088912 0.9998797 7835.9754
a[543]     4.5648287 0.32963681 4.0291982  5.0945847 1.0004818 6721.1968
a[544]     6.3381108 0.32315413 5.8333261  6.8594876 1.0010020 5954.0268
a[545]     5.5871451 0.33279409 5.0496850  6.1070035 1.0013881 7852.6697
a[546]     4.6444888 0.31965865 4.1257260  5.1438651 1.0013711 7415.7262
a[547]     4.2917171 0.33445474 3.7482745  4.8374507 1.0016071 6700.7828
a[548]     5.9467285 0.33103180 5.4228880  6.4802990 0.9999379 6333.5225
a[549]     5.1840732 0.30965825 4.6843841  5.6874069 1.0010386 7122.5601
a[550]     5.5838648 0.32304401 5.0701139  6.1017488 1.0019672 7714.9027
a[551]     4.5149065 0.32269061 4.0211335  5.0368765 1.0005094 6769.2803
a[552]     5.0293144 0.33330190 4.4969438  5.5646068 0.9998337 6847.4910
a[553]     4.8489669 0.24569032 4.4587849  5.2333010 1.0012242 7797.7847
a[554]     4.3472192 0.31640509 3.8464902  4.8542399 1.0018665 7417.6888
a[555]     5.4974828 0.33337026 4.9666651  6.0408351 1.0012651 7092.4094
a[556]     5.4082058 0.32100371 4.8921142  5.9144210 0.9999762 7332.7056
a[557]     5.1038397 0.24428775 4.7089711  5.4896212 1.0005854 6813.3564
a[558]     6.0408674 0.33100402 5.5158971  6.5636459 0.9994530 6492.7010
a[559]     4.7361725 0.32696306 4.2263432  5.2567539 1.0002828 6770.5668
a[560]     4.5685654 0.32409612 4.0510619  5.0832496 0.9998568 7671.7278
a[561]     4.7681071 0.31420205 4.2592820  5.2631069 1.0019640 6749.3368
a[562]     4.9102621 0.32160571 4.4034807  5.4321032 1.0017833 6910.8984
a[563]     4.4686172 0.32739085 3.9477034  4.9929499 1.0008388 6189.5120
a[564]     5.3101714 0.33383822 4.7770043  5.8441152 1.0008272 8423.2937
a[565]     4.8676525 0.32738546 4.3499156  5.3819484 1.0001443 7540.1777
a[566]     5.3090386 0.33540901 4.7733604  5.8562661 1.0014424 7914.2356
a[567]     5.0564815 0.32228995 4.5364118  5.5708175 1.0007967 6228.9590
a[568]     4.3696804 0.32644969 3.8459233  4.8780101 1.0022375 6954.7261
a[569]     4.7774892 0.32714825 4.2678296  5.3076955 1.0012822 6550.3763
a[570]     5.5203105 0.32836311 5.0001221  6.0340328 0.9995798 6114.5360
a[571]     6.1356269 0.33158194 5.6085460  6.6631085 1.0033239 7908.6572
a[572]     5.8443974 0.32983244 5.3118030  6.3656492 1.0001820 6608.6163
a[573]     5.3525902 0.32675038 4.8245962  5.8740552 1.0013096 7278.9180
a[574]     4.6088569 0.31912831 4.0983976  5.1172397 0.9999653 7204.6659
a[575]     5.8985826 0.33027681 5.3666596  6.4360341 1.0005065 6381.2150
a[576]     5.0080255 0.32537126 4.4964739  5.5210670 1.0018981 6673.0619
a[577]     4.8241925 0.33562135 4.2866551  5.3678405 1.0021688 6970.9717
a[578]     4.3771086 0.32622925 3.8576849  4.8996273 0.9997755 7130.0275
a[579]     5.0465555 0.32485914 4.5242910  5.5672213 1.0003460 6260.8268
a[580]     4.2686373 0.32170957 3.7662789  4.7867325 1.0010037 5281.1070
a[581]     5.2623818 0.33307584 4.7360627  5.7968469 1.0006825 8410.5231
a[582]     5.1833419 0.31972418 4.6831228  5.6855563 1.0020754 6570.2676
a[583]     4.7698559 0.33641969 4.2350131  5.3045697 1.0018036 6681.2298
a[584]     5.8289209 0.32587182 5.3115423  6.3609136 1.0010535 8209.1207
a[585]     5.6832134 0.33081928 5.1595585  6.2047113 1.0005674 7318.1372
a[586]     5.4367497 0.33899508 4.9067603  5.9816701 1.0006136 5646.6407
a[587]     5.1712268 0.33264927 4.6447290  5.6939220 1.0002583 5618.7657
a[588]     5.0579950 0.32497114 4.5224735  5.5722925 1.0011677 7480.1810
a[589]     4.6395658 0.32885926 4.1031247  5.1621822 1.0033163 6722.5597
a[590]     5.8577945 0.25351647 5.4511185  6.2633834 1.0002332 6225.2615
a[591]     3.8687040 0.33015981 3.3384684  4.4030829 1.0000510 5589.5141
a[592]     4.9047359 0.31514943 4.3953890  5.4017113 1.0027884 6301.0050
a[593]     5.1143528 0.31646236 4.6176465  5.6115755 0.9999809 7852.8807
a[594]     5.2379091 0.32125524 4.7345119  5.7453943 1.0035668 6333.6735
a[595]     5.4141640 0.32960023 4.8852966  5.9396450 1.0018113 6517.0370
a[596]     5.9096361 0.33039789 5.3772819  6.4517479 1.0005559 7302.9617
a[597]     5.6316324 0.32527822 5.1079326  6.1503604 0.9999527 6333.8454
a[598]     4.3909495 0.34087649 3.8490505  4.9359912 0.9995053 7148.4038
a[599]     4.9813047 0.33729761 4.4420140  5.5239506 1.0000596 7778.1187
a[600]     4.6990149 0.32407222 4.1697569  5.2020901 0.9994110 6358.8460
a[601]     5.1422377 0.32794297 4.6278569  5.6623196 1.0020507 6259.7795
a[602]     5.5700401 0.32954922 5.0472045  6.0950922 1.0014300 6484.5568
a[603]     4.4704265 0.32660167 3.9368985  4.9946012 0.9999576 7259.4450
a[604]     5.5615000 0.32752308 5.0432990  6.0747171 0.9994428 7774.6481
a[605]     5.6200792 0.33719510 5.0794023  6.1550594 1.0019054 7307.9325
a[606]     4.9072423 0.32360714 4.3979380  5.4183500 1.0000389 7929.6654
a[607]     4.9959517 0.32759299 4.4634809  5.5258498 1.0004349 8131.0238
a[608]     4.7129352 0.32003140 4.1952260  5.2393924 1.0015468 6794.2786
a[609]     5.1200290 0.32769326 4.5864120  5.6284757 1.0048209 6064.7176
a[610]     6.0137111 0.33763461 5.4727061  6.5469893 1.0022750 7362.4355
a[611]     5.3724114 0.32409535 4.8504662  5.8832249 1.0010815 6641.2251
a[612]     6.1292248 0.23540437 5.7553997  6.5101263 1.0003137 5519.6807
a[613]     4.5997818 0.32911222 4.0753611  5.1329668 0.9998364 6445.2381
a[614]     4.2101933 0.33325471 3.6866785  4.7384904 1.0018510 6831.1449
a[615]     4.8950160 0.33205143 4.3619266  5.4234096 1.0006964 6767.0335
a[616]     6.2120549 0.32940137 5.6839487  6.7393733 1.0019978 6682.3457
a[617]     4.6270851 0.32498649 4.1034254  5.1502001 0.9998826 6459.9319
a[618]     5.0288561 0.33030509 4.4902745  5.5626030 1.0000801 7095.3649
a[619]     5.8936935 0.24583536 5.4994188  6.2796601 1.0008909 7274.5225
a[620]     5.1135608 0.32993684 4.5824343  5.6401748 1.0001844 7224.6286
a[621]     4.1122952 0.32396448 3.5854099  4.6361701 1.0000377 6039.5286
a[622]     4.3415488 0.32858476 3.8082999  4.8617192 1.0008270 6462.2045
a[623]     5.5907732 0.33433514 5.0542412  6.1309679 1.0000949 7586.1888
a[624]     5.3560700 0.32694321 4.8295354  5.8766705 1.0017847 5716.6108
a[625]     5.0321707 0.32904917 4.5087843  5.5451539 0.9998839 6067.8545
a[626]     5.6024626 0.32105484 5.0924210  6.1151601 1.0010041 6639.0862
a[627]     4.8924160 0.32578107 4.3750670  5.3986810 1.0007245 6428.6548
a[628]     4.6063280 0.33146415 4.0679790  5.1516422 1.0024967 6169.5286
a[629]     4.5735824 0.33307248 4.0418849  5.1138335 0.9999447 7285.1150
a[630]     5.5247167 0.32118152 5.0128213  6.0342953 1.0005258 6223.2100
a[631]     5.4321589 0.32383552 4.9135451  5.9507898 1.0034100 7200.3124
a[632]     5.3226167 0.31718184 4.8187183  5.8355846 1.0010734 7386.0506
a[633]     4.6587639 0.32719777 4.1406684  5.1923150 1.0006574 7602.5671
a[634]     4.3768079 0.33687519 3.8522377  4.9180186 1.0037313 6919.1201
a[635]     4.9249257 0.26079748 4.5067029  5.3379960 1.0009438 7898.4975
a[636]     6.3886919 0.32130692 5.8732178  6.8909614 1.0009040 7010.3420
a[637]     5.3129535 0.31908978 4.7990853  5.8089742 1.0016211 6913.1541
a[638]     5.7929248 0.33712984 5.2566863  6.3314533 1.0013311 6235.0293
a[639]     4.6442683 0.32817930 4.1294070  5.1683215 1.0011947 7251.4424
a[640]     4.5941162 0.33007499 4.0749242  5.1213826 1.0007587 6417.8865
a[641]     4.4463641 0.32798733 3.9213321  4.9695176 1.0014975 6707.6029
a[642]     5.0052388 0.33607341 4.4664766  5.5484376 1.0024912 6607.2292
a[643]     5.5439501 0.32140319 5.0269110  6.0527885 1.0002697 6184.4498
a[644]     5.3581002 0.32690395 4.8401241  5.8710810 1.0024863 7451.1800
a[645]     5.0388871 0.33203709 4.5039100  5.5710168 1.0018713 6984.4084
a[646]     5.3754058 0.32487279 4.8560571  5.8988513 1.0008472 7821.1271
a[647]     5.0288811 0.32781784 4.4992349  5.5505853 1.0018567 6777.8272
a[648]     4.6975165 0.33312088 4.1782116  5.2327853 1.0007790 6342.3320
a[649]     4.3548864 0.32153500 3.8405780  4.8716387 1.0021126 7830.0422
a[650]     4.5790655 0.33051808 4.0634545  5.1135771 0.9995745 8669.2484
a[651]     4.6652995 0.32491080 4.1545319  5.1984951 1.0028447 6544.0969
a[652]     4.6488687 0.34150437 4.0983772  5.2046311 1.0000536 5946.7257
a[653]     4.7366340 0.20321081 4.4128083  5.0596366 0.9999024 7200.7036
a[654]     4.2573210 0.33159008 3.7241001  4.7758831 1.0030637 6212.6601
a[655]     4.4816541 0.31594728 3.9766584  4.9916746 1.0011108 6118.7171
a[656]     5.5352674 0.32869028 5.0100170  6.0621041 1.0002000 6990.9684
a[657]     4.3329372 0.32767532 3.8050482  4.8596049 1.0023646 6224.4925
a[658]     5.0354067 0.32503429 4.5102400  5.5661529 1.0016395 7311.1052
a[659]     4.3996254 0.24176631 4.0122029  4.7869039 0.9997165 7788.5831
a[660]     4.0403591 0.33526957 3.5026461  4.5803690 1.0013046 6509.1880
a[661]     4.1411661 0.33921503 3.5939791  4.6825439 1.0005317 7345.2900
a[662]     5.5778414 0.32749302 5.0627208  6.1062752 1.0015615 8038.3472
a[663]     5.1049454 0.32256608 4.5791343  5.6259025 1.0014700 6700.2925
a[664]     5.8156941 0.33271465 5.2801077  6.3621798 1.0023479 7590.6511
a[665]     5.3901196 0.32680325 4.8575574  5.9197882 1.0016068 6659.6083
a[666]     5.0835190 0.32725381 4.5631266  5.6143148 1.0012130 6593.2935
a[667]     5.3535419 0.32734181 4.8256150  5.8862353 1.0016719 6252.9758
a[668]     5.2894101 0.33480355 4.7613881  5.8304981 1.0011023 6296.7755
a[669]     4.4133993 0.34252943 3.8623060  4.9628252 1.0003079 7051.3020
a[670]     4.9161225 0.25176331 4.5051950  5.3114774 1.0022559 7235.0410
a[671]     5.2620766 0.33384027 4.7363780  5.7967378 1.0005665 6697.5701
a[672]     5.0584322 0.32648186 4.5454373  5.5814589 1.0015434 6567.8808
a[673]     5.3394605 0.32717942 4.8067108  5.8682985 1.0010564 6457.8272
a[674]     4.6367399 0.33839442 4.1007342  5.1761974 1.0007914 7519.5382
a[675]     4.3704643 0.33431047 3.8452871  4.8914346 0.9995513 6343.2318
a[676]     4.5804993 0.33252505 4.0451337  5.1136164 1.0016996 6053.9797
a[677]     5.4629394 0.32259705 4.9613138  5.9766109 1.0015520 7325.7888
a[678]     4.9428738 0.31926173 4.4293469  5.4547068 1.0032123 6714.1480
a[679]     5.5554355 0.32605211 5.0362765  6.0730865 1.0028196 6852.9207
a[680]     4.7295759 0.33899930 4.2028952  5.2656606 1.0027282 6803.5983
a[681]     5.7250663 0.32680995 5.1940423  6.2403167 1.0013821 7384.5623
a[682]     5.3332309 0.33418769 4.7979324  5.8489811 1.0052556 7845.2183
a[683]     5.0784081 0.32181685 4.5685403  5.5917228 1.0015878 7152.8038
a[684]     5.3469412 0.32738270 4.8210797  5.8765949 1.0010737 5591.3021
a[685]     5.1541459 0.31893703 4.6442567  5.6621471 0.9998466 7673.3844
a[686]     4.1425216 0.33090345 3.6305429  4.6707201 1.0010003 5896.4173
a[687]     5.0544191 0.31098903 4.5552701  5.5509131 1.0007721 6958.2411
a[688]     5.7959905 0.33059409 5.2640008  6.3282398 1.0003237 7378.3730
a[689]     4.8050222 0.33878279 4.2595101  5.3544705 1.0009539 7000.4750
a[690]     4.9629341 0.33444775 4.4261757  5.4903614 1.0021807 7442.3687
a[691]     4.7264757 0.13027578 4.5186342  4.9315970 1.0003061 7575.4186
a[692]     5.7650585 0.31978556 5.2448697  6.2878932 1.0005905 6790.6908
a[693]     5.5216108 0.31918825 5.0224832  6.0235443 1.0017616 7329.5942
a[694]     5.1786415 0.33595307 4.6377453  5.7056583 1.0003873 6570.1024
a[695]     5.7455299 0.32475375 5.2330371  6.2604623 1.0000530 6911.7957
a[696]     5.7817390 0.32105648 5.2709539  6.2862768 1.0007932 6894.1134
a[697]     6.7039897 0.24928437 6.3099607  7.0972168 1.0031197 7673.4391
a[698]     5.2826649 0.32877710 4.7602419  5.8086777 1.0024265 6838.5375
a[699]     5.1128773 0.33812552 4.5661700  5.6550390 1.0019153 6662.5945
a[700]     4.8282689 0.32654502 4.3113919  5.3486880 1.0007311 7722.2475
a[701]     5.6491997 0.25481370 5.2453268  6.0568768 1.0000487 6425.5637
a[702]     5.9719648 0.32092479 5.4564289  6.4852155 1.0018076 6669.4786
a[703]     4.7805634 0.31980890 4.2668747  5.2899673 1.0004245 6060.1807
a[704]     5.1093690 0.32880925 4.5825727  5.6452274 1.0022394 7599.3654
a[705]     4.3423651 0.32166518 3.8280505  4.8516338 1.0008776 6926.0410
a[706]     5.5491148 0.33326880 5.0154228  6.0742065 1.0018999 7346.8731
a[707]     4.4101029 0.32891310 3.8736799  4.9421880 1.0004650 6038.5977
a[708]     4.6366120 0.33191657 4.1031452  5.1746233 0.9997820 7491.6707
a[709]     5.2925632 0.33098614 4.7695642  5.8119085 1.0017274 8163.8944
a[710]     5.6490666 0.32726308 5.1213078  6.1817620 1.0011214 7350.8443
a[711]     4.7963249 0.24415906 4.4083968  5.1861398 1.0006321 7848.9156
a[712]     5.6068394 0.32939404 5.0910569  6.1389848 1.0010700 7341.3504
a[713]     6.3087119 0.25216247 5.9072442  6.7099247 1.0001141 5992.7782
a[714]     4.8357356 0.33382530 4.3083958  5.3736316 1.0005080 5919.2658
a[715]     5.1189237 0.33868186 4.5850978  5.6626404 1.0021144 7664.3683
a[716]     4.5144208 0.33835878 3.9588934  5.0637206 1.0007168 8127.9240
a[717]     6.8842395 0.33634996 6.3563914  7.4077282 1.0000746 5438.4583
a[718]     5.5859702 0.32935716 5.0722323  6.1227469 1.0006331 6456.0635
a[719]     4.7919577 0.33169379 4.2584799  5.3421923 1.0011953 6242.4576
a[720]     5.4603220 0.33382988 4.9300328  5.9866832 1.0024711 7291.3894
a[721]     4.1037553 0.33296850 3.5631040  4.6308442 1.0018823 5950.5390
a[722]     4.1286519 0.33896880 3.5961738  4.6796315 0.9998231 6160.7234
a[723]     4.9813287 0.32968284 4.4622991  5.5099989 0.9998372 8086.4948
a[724]     5.0750481 0.32336107 4.5738605  5.5764782 1.0013812 6990.1210
a[725]     6.0347093 0.32935599 5.5028602  6.5569050 1.0021317 6095.7688
a[726]     5.5036214 0.20590250 5.1774662  5.8306102 1.0007508 7165.3054
a[727]     5.0705315 0.33487112 4.5302774  5.6159337 1.0035759 7262.6117
a[728]     5.8671815 0.32755887 5.3554649  6.3793432 0.9998288 6162.3224
a[729]     5.5467894 0.33342270 5.0299629  6.0832545 1.0013305 6854.2911
a[730]     5.2731624 0.33602933 4.7381525  5.8029443 1.0006160 6798.3775
a[731]     5.4107192 0.31467878 4.9071253  5.9175997 1.0014135 6789.7565
a[732]     4.8439919 0.33707577 4.3033996  5.3730959 1.0011991 6945.9910
a[733]     4.8465973 0.31839069 4.3354745  5.3552536 1.0013724 7033.9680
a[734]     5.9873683 0.32456620 5.4641798  6.5121710 1.0006194 6432.2205
a[735]     4.5646903 0.32193171 4.0519529  5.0825780 1.0010368 5314.3655
a[736]     5.1111359 0.32810791 4.5897671  5.6276159 1.0009998 6920.2878
a[737]     5.5206430 0.14836218 5.2857631  5.7547999 1.0007427 7394.9758
a[738]     4.9992878 0.32246107 4.4826084  5.5188408 0.9997052 7929.0728
a[739]     5.4535884 0.32324879 4.9268747  5.9714112 0.9996507 7245.1513
a[740]     5.2785693 0.33427281 4.7397398  5.8108334 1.0010911 7208.9698
a[741]     5.0325231 0.32466972 4.4975010  5.5472246 1.0002966 7017.9869
a[742]     4.5676565 0.32849759 4.0392100  5.1013474 0.9997322 6597.5766
a[743]     5.6745098 0.24402301 5.2871198  6.0638006 1.0041641 7177.3703
a[744]     4.3708533 0.34469288 3.8064908  4.9269187 1.0010607 7271.0825
a[745]     5.8126686 0.31569883 5.3044268  6.3152988 0.9996915 6427.3141
a[746]     5.4919042 0.33164223 4.9652537  6.0232814 1.0005041 8045.9254
a[747]     5.4219355 0.31902548 4.9186561  5.9363354 1.0009755 7189.5257
a[748]     5.0534778 0.33356549 4.5177376  5.5683464 1.0034220 6954.8694
a[749]     4.6070525 0.32772252 4.0687339  5.1332855 1.0009324 6699.5433
a[750]     5.1176652 0.32713537 4.5975857  5.6376122 1.0013053 6975.2124
a[751]     5.6168915 0.20999972 5.2753756  5.9571834 1.0013440 7650.1498
a[752]     4.5800666 0.15692406 4.3283996  4.8292980 1.0024256 6672.0767
a[753]     4.9869907 0.31989842 4.4727532  5.4974576 1.0010520 7889.9229
a[754]     5.3338341 0.32517587 4.8234124  5.8548089 1.0008206 5470.4159
a[755]     4.6722875 0.33166296 4.1396248  5.2093608 1.0004608 7700.3644
a[756]     5.0549438 0.31701646 4.5482474  5.5675395 1.0020012 6215.0720
a[757]     5.2309928 0.32705833 4.7171940  5.7511070 1.0018097 6316.1525
a[758]     5.1414462 0.32627515 4.6069517  5.6606425 1.0009846 7380.1435
a[759]     5.3376551 0.32884133 4.8207046  5.8593748 0.9996700 7748.7843
a[760]     5.7690709 0.32965026 5.2323713  6.3051591 1.0004725 7327.2863
a[761]     5.7604451 0.33351304 5.2249019  6.2914701 0.9996417 6694.6883
a[762]     5.1840830 0.31949727 4.6693337  5.6906726 1.0021727 6791.2703
a[763]     4.5524541 0.33275193 4.0168266  5.0841087 1.0020417 6865.4946
a[764]     5.0542664 0.33047625 4.5283310  5.5803155 1.0007670 7688.3567
a[765]     5.0090070 0.32564309 4.4811279  5.5226322 1.0015441 6441.4106
a[766]     5.3075368 0.32097248 4.7763529  5.8275841 0.9999619 6884.0122
a[767]     5.2187869 0.32537555 4.6938348  5.7349683 1.0025516 7276.5560
a[768]     4.1526490 0.34027415 3.6075113  4.6891434 1.0040027 7226.7631
a[769]     4.5203907 0.32925603 4.0021732  5.0417028 1.0007757 5103.5040
a[770]     5.9494373 0.32995409 5.4226747  6.4697291 1.0011082 6118.7212
a[771]     4.9526938 0.33476942 4.4254993  5.4874281 1.0027814 6833.2010
a[772]     4.6689056 0.31660119 4.1554337  5.1753971 1.0007453 7419.2799
a[773]     4.0475421 0.32364561 3.5276123  4.5744745 0.9994459 6185.1278
a[774]     4.0243070 0.33357672 3.5078086  4.5659353 1.0011969 6559.8038
a[775]     5.1895168 0.31934628 4.6795291  5.6982765 1.0005461 7716.5096
a[776]     5.8970631 0.33086713 5.3677067  6.4231433 1.0002294 6121.0351
a[777]     5.2688973 0.31621195 4.7685553  5.7763711 1.0006698 7052.5481
a[778]     4.3789412 0.32802980 3.8389791  4.9076266 1.0036535 5521.4670
a[779]     4.8689693 0.33650831 4.3213675  5.4024055 1.0020034 7562.8802
a[780]     5.1985602 0.33575712 4.6602154  5.7283194 0.9996345 6039.5272
a[781]     5.4191335 0.21034460 5.0833674  5.7493097 1.0005494 8003.3687
a[782]     4.3717498 0.33538886 3.8319161  4.9028405 1.0012225 5424.9167
a[783]     5.1345422 0.33073211 4.6033837  5.6607309 1.0005481 7232.0767
a[784]     4.5477826 0.32868132 4.0173256  5.0859771 0.9993571 7123.5852
a[785]     4.1907602 0.32252536 3.6785816  4.6983972 0.9997038 6163.7861
a[786]     5.3105911 0.24805321 4.9060387  5.7074833 1.0009707 6360.6391
a[787]     5.1087621 0.33384091 4.5744598  5.6437122 1.0004328 7376.5537
a[788]     4.6922759 0.32189875 4.1711999  5.2079781 1.0019722 7059.6755
a[789]     5.2434265 0.33284468 4.7183615  5.7774335 1.0005486 7404.0632
a[790]     4.5311639 0.32471249 4.0173265  5.0368557 1.0000627 6215.5400
a[791]     4.7381486 0.31970662 4.2385434  5.2505955 1.0000226 5848.2239
a[792]     5.5527104 0.32381377 5.0400409  6.0690908 1.0003189 6829.4188
a[793]     4.5119918 0.33516797 3.9849835  5.0524115 1.0000503 6923.8699
a[794]     4.2925330 0.33492167 3.7683244  4.8388339 0.9996358 7500.0845
a[795]     5.5682473 0.25217517 5.1637586  5.9709866 1.0034125 5588.5951
a[796]     5.1688619 0.20458445 4.8489519  5.4887173 1.0012075 6565.0702
a[797]     4.5411109 0.32563475 4.0136543  5.0668543 1.0003681 7332.6263
a[798]     6.0107962 0.33299840 5.4746282  6.5388110 1.0011145 6480.7699
a[799]     4.6497397 0.32618143 4.1276587  5.1732117 1.0009482 6503.3712
a[800]     5.5480068 0.33939222 5.0056629  6.0874638 1.0001108 7066.4169
a[801]     4.3193944 0.33377102 3.7833618  4.8485341 1.0042058 7123.9023
a[802]     4.9582920 0.32768688 4.4448826  5.4845005 1.0003951 7052.2775
a[803]     5.0911240 0.31358682 4.5889274  5.5955878 1.0010216 6142.8146
a[804]     5.3015573 0.33755912 4.7590573  5.8399973 1.0007714 7272.8224
a[805]     5.6742907 0.31517066 5.1717609  6.1742241 0.9997413 6763.0577
a[806]     5.7819198 0.32123034 5.2662804  6.2891713 1.0020449 6207.8962
a[807]     4.3192672 0.32495999 3.7861861  4.8537547 1.0008104 7175.5751
a[808]     5.3537561 0.31403176 4.8409795  5.8608110 1.0005928 6204.2418
a[809]     4.7700395 0.33556306 4.2304763  5.3070894 1.0000211 8123.3210
a[810]     5.2114573 0.32393848 4.6944350  5.7438618 1.0041259 6725.5394
a[811]     5.2482158 0.32860994 4.7209719  5.7842069 1.0022454 7166.0232
a[812]     4.9328749 0.32709092 4.4273502  5.4637005 0.9993581 6449.5496
a[813]     5.0331833 0.32884196 4.5132524  5.5590507 1.0031525 7419.6543
a[814]     5.4351769 0.32256689 4.9225011  5.9451144 0.9995522 6789.0580
a[815]     6.3649173 0.33067095 5.8463642  6.8884538 1.0000145 6269.7789
a[816]     4.6354659 0.32078769 4.1344099  5.1381043 1.0008261 6563.4485
a[817]     4.2742669 0.32669180 3.7530222  4.7946275 1.0028084 6537.6589
a[818]     5.3350663 0.33846803 4.7920008  5.8775493 1.0014013 6825.8335
a[819]     4.3619721 0.25139840 3.9544407  4.7673676 1.0003614 8130.2102
a[820]     5.5009712 0.33166457 4.9681073  6.0225767 1.0020584 6567.9939
a[821]     4.7697910 0.33492863 4.2414088  5.3057349 0.9997585 7960.9259
a[822]     4.1377223 0.32591792 3.6251886  4.6598085 1.0007577 6218.5080
a[823]     4.9057307 0.32643703 4.3922457  5.4254948 1.0013031 6776.2816
a[824]     5.2422020 0.32913422 4.7123248  5.7667889 1.0018241 6583.6761
a[825]     5.2027195 0.32878139 4.6724752  5.7330117 1.0020281 6765.3355
a[826]     4.9320679 0.32992997 4.4048241  5.4645175 0.9994446 7029.5001
a[827]     4.4365996 0.32334408 3.9174864  4.9638165 1.0028567 6695.5052
a[828]     4.6085182 0.33707181 4.0740898  5.1634026 1.0008654 7643.0630
a[829]     5.1992741 0.33165433 4.6646278  5.7275371 1.0014390 7006.7529
a[830]     5.7811299 0.31953884 5.2727365  6.2931850 1.0029295 7909.3065
a[831]     4.4100520 0.25119957 3.9974221  4.8116630 1.0010568 6968.9699
a[832]     4.9324364 0.32113842 4.4177288  5.4457460 1.0016804 7116.6940
a[833]     5.7442402 0.32868434 5.2144449  6.2715277 0.9999483 6565.2067
a[834]     4.9589819 0.31794236 4.4522759  5.4729585 1.0026721 6681.9659
a[835]     6.0348096 0.32993082 5.4917535  6.5682063 1.0007677 6343.8619
a[836]     5.1927974 0.20909014 4.8630907  5.5181957 1.0037339 6588.2392
a[837]     5.2428448 0.32905014 4.7213756  5.7699126 1.0000637 8212.2310
a[838]     5.3047172 0.32484550 4.7778813  5.8159186 1.0002014 6847.5806
a[839]     6.3337989 0.32773355 5.7957586  6.8417061 1.0038861 7109.9225
a[840]     4.6111393 0.33369272 4.0738616  5.1406729 1.0007748 7197.7042
a[841]     4.3832874 0.32096227 3.8654657  4.8971772 1.0015320 6363.9438
a[842]     4.5196846 0.32967015 3.9933648  5.0397682 1.0022420 7889.7314
a[843]     6.0417541 0.32889223 5.5128103  6.5780525 1.0020274 6406.3188
a[844]     5.2389699 0.33397977 4.6976863  5.7791008 1.0024465 7423.0836
a[845]     3.7461925 0.32282491 3.2358357  4.2704436 1.0013548 5074.0705
a[846]     4.9738848 0.32135523 4.4709356  5.4909053 1.0012416 7169.1249
a[847]     4.6303500 0.33415138 4.0887658  5.1618070 1.0001544 6896.5550
a[848]     5.1292250 0.32442742 4.6104024  5.6458562 1.0015018 6926.3008
a[849]     3.9437147 0.32574215 3.4126280  4.4741652 1.0005972 7127.5314
a[850]     3.1771886 0.33528223 2.6429552  3.7095757 1.0037935 4373.3630
a[851]     4.6897012 0.32250591 4.1772287  5.2206541 1.0005410 7327.7504
a[852]     4.0494669 0.34075017 3.5087965  4.5874538 1.0027095 5552.2570
a[853]     4.9478363 0.32367769 4.4277421  5.4600789 1.0015724 6388.2765
a[854]     5.1059732 0.33282864 4.5593215  5.6267177 1.0021923 6026.6248
a[855]     5.2919986 0.33244093 4.7578966  5.8270627 1.0021601 7511.5003
a[856]     5.4817187 0.32603200 4.9657847  6.0057899 1.0018619 7616.3484
a[857]     4.1904304 0.18131286 3.9019811  4.4788047 1.0015534 6647.1855
a[858]     4.8317613 0.31699263 4.3347369  5.3391585 1.0007196 7433.0855
a[859]     4.4857943 0.32952434 3.9579535  5.0166509 0.9999575 6719.1109
a[860]     4.7345847 0.32401453 4.2149441  5.2503907 1.0037337 7865.7699
a[861]     4.2805928 0.32834009 3.7569526  4.8050977 0.9999423 7236.5856
a[862]     5.3904253 0.33318240 4.8523487  5.9182995 1.0038947 8968.5430
a[863]     4.5839881 0.33531066 4.0619437  5.1252377 1.0005705 6817.8958
a[864]     4.3788698 0.32991376 3.8609449  4.9139512 1.0006728 6699.9838
a[865]     5.4237086 0.32864310 4.8881434  5.9490106 1.0024997 6659.8527
a[866]     5.9888539 0.31725100 5.4908360  6.4934526 1.0040841 6078.6839
a[867]     5.4634373 0.32978306 4.9364673  5.9923438 1.0006137 6692.4733
a[868]     4.8974200 0.32382908 4.3731412  5.4121165 1.0003905 6777.4104
a[869]     5.6358897 0.33026766 5.0996488  6.1477298 1.0026393 7399.8414
a[870]     4.3853823 0.31917673 3.8805577  4.9006488 1.0028849 6398.1625
a[871]     4.8142862 0.32862142 4.2896655  5.3413283 1.0018362 7265.2548
a[872]     5.5274387 0.34106300 4.9868284  6.0770847 1.0010756 6783.2313
a[873]     5.3955575 0.32765816 4.8687138  5.9324510 1.0000725 7458.4992
a[874]     5.7677303 0.33076947 5.2429688  6.2938153 1.0015472 5982.3685
a[875]     4.4250203 0.32629985 3.8955689  4.9488953 1.0012872 5393.2414
a[876]     4.2407067 0.33060502 3.7080904  4.7692213 0.9996366 6931.3732
a[877]     5.1389555 0.32974672 4.6119763  5.6655939 1.0007444 7387.8826
a[878]     5.6605061 0.32887006 5.1398556  6.2017810 1.0000416 6986.0019
a[879]     5.5313100 0.32987672 5.0004665  6.0672546 1.0003025 5934.4618
a[880]     4.9045641 0.33423143 4.3794979  5.4296135 1.0003675 6190.2337
a[881]     5.9943251 0.33084163 5.4689179  6.5228085 1.0003858 7377.3556
a[882]     4.9261753 0.33191692 4.3911471  5.4626070 0.9994534 7511.8581
a[883]     4.9304078 0.33657135 4.3940741  5.4685745 1.0014986 6734.2496
a[884]     4.8372026 0.32201836 4.3189848  5.3466321 1.0017208 6969.2872
a[885]     5.3771047 0.32904577 4.8546292  5.9048587 1.0017166 6299.0191
a[886]     5.0593532 0.34065859 4.5129097  5.6105273 1.0016179 7556.3867
a[887]     5.7381401 0.32172566 5.2164879  6.2453301 1.0016145 7179.1168
a[888]     5.3115058 0.32549488 4.7848445  5.8466991 1.0011695 7318.6916
a[889]     5.8215939 0.33162988 5.2914309  6.3616281 0.9999955 7521.0413
a[890]     4.4537266 0.34563022 3.9061105  5.0097229 1.0006975 6519.3548
a[891]     4.2248126 0.33158685 3.7014553  4.7555504 1.0012703 5875.9188
a[892]     5.2097277 0.32821691 4.7074899  5.7339579 1.0027160 7126.4417
a[893]     5.3964590 0.33334538 4.8651653  5.9434326 1.0008145 5991.4854
a[894]     4.5233522 0.34192775 3.9805682  5.0866219 1.0020912 8401.9652
a[895]     5.7229107 0.34498190 5.1754351  6.2698120 1.0011346 7216.2393
a[896]     4.8285245 0.32895118 4.2886717  5.3428884 1.0002508 6288.3473
a[897]     5.0017472 0.33125676 4.4702287  5.5457832 1.0012103 7380.0669
a[898]     3.9297650 0.33248219 3.3984184  4.4754697 1.0015443 7700.6974
a[899]     5.2511695 0.32640174 4.7231989  5.7737447 1.0022805 6681.1800
a[900]     5.4109183 0.33102655 4.8841202  5.9453552 1.0015290 6770.4560
a[901]     5.2079552 0.25654249 4.7971731  5.6149992 1.0012462 8406.6500
a[902]     4.6367298 0.32957575 4.1046963  5.1655465 1.0001222 7923.2669
a[903]     4.4366833 0.24191726 4.0510508  4.8320123 1.0012329 6507.2353
a[904]     6.2323870 0.24992346 5.8359500  6.6332897 1.0038496 7108.7598
a[905]     4.9266884 0.32551584 4.3983930  5.4526212 1.0017969 6545.8044
a[906]     5.3603158 0.32100266 4.8530935  5.8693294 1.0010396 7190.5946
a[907]     5.0498485 0.33347572 4.5128162  5.5794575 1.0026214 6671.9631
a[908]     3.9126220 0.26056380 3.5088543  4.3271739 1.0027185 6393.7502
a[909]     4.5018888 0.33527457 3.9582435  5.0458143 1.0003635 7388.4463
a[910]     4.9768240 0.33133837 4.4558875  5.5015084 1.0024405 7343.6575
a[911]     5.1443375 0.34165509 4.5981607  5.7089881 1.0011066 6858.8036
a[912]     4.6634687 0.32930529 4.1256275  5.1877538 1.0023111 7894.1016
a[913]     5.2135895 0.33155323 4.6750478  5.7423764 1.0039871 5812.4086
a[914]     4.8078653 0.32179253 4.2873500  5.3387821 1.0003830 6803.2821
a[915]     5.1355179 0.32840965 4.6144572  5.6487155 1.0006820 6861.7849
a[916]     5.1858779 0.33235370 4.6515035  5.7238827 1.0016296 7557.6114
a[917]     5.2302897 0.32165797 4.7268122  5.7464762 1.0002157 7000.4436
a[918]     4.4616709 0.32634326 3.9471715  4.9770034 1.0008686 6824.4644
a[919]     5.6704303 0.31831215 5.1528709  6.1791954 1.0019980 7533.8466
a[920]     4.6135797 0.33598596 4.0831410  5.1608786 0.9995371 7059.1295
a[921]     4.7530957 0.32432299 4.2297475  5.2649593 1.0009207 6543.7616
a[922]     4.3329299 0.32655272 3.8144437  4.8455416 1.0011722 6472.7146
a[923]     4.9737744 0.24977627 4.5775200  5.3728606 1.0021288 6647.4028
a[924]     4.2161938 0.32590459 3.7046951  4.7251448 1.0006543 6472.4575
a[925]     5.7377673 0.32819299 5.2116265  6.2638706 1.0010990 6483.5794
a[926]     4.8199526 0.32452843 4.2986178  5.3372472 1.0001632 8222.4648
a[927]     5.8635974 0.34140431 5.3221635  6.4049480 1.0006027 5718.0685
a[928]     4.6543028 0.33596799 4.1227248  5.1950342 1.0010353 6499.5183
a[929]     4.1752346 0.32630702 3.6328320  4.7026049 1.0005167 6468.9930
a[930]     5.4830146 0.32386391 4.9767675  6.0050201 1.0010409 5429.1682
a[931]     4.3262394 0.33156529 3.7901741  4.8564077 0.9998317 6614.9486
a[932]     4.8132406 0.32491909 4.3013201  5.3412407 0.9999614 7101.1127
a[933]     5.1514967 0.32308293 4.6503002  5.6766667 0.9997821 7719.1285
a[934]     5.9415762 0.32887028 5.4016350  6.4582280 1.0004116 6653.2556
a[935]     5.4283533 0.32142426 4.9165545  5.9354987 1.0008855 6187.1339
a[936]     5.5120722 0.33450447 4.9730199  6.0505719 1.0024481 6853.2989
a[937]     5.8026357 0.32949861 5.2785788  6.3177547 1.0027954 6851.8957
a[938]     4.3317471 0.33546210 3.7885591  4.8653770 1.0007071 6765.0673
a[939]     4.5555382 0.32921816 4.0223704  5.0607105 1.0007968 6252.9069
a[940]     5.1155166 0.34620260 4.5630746  5.6780251 1.0040570 7532.4065
a[941]     4.8562453 0.24697012 4.4589184  5.2467499 1.0016456 7477.4141
a[942]     5.0350177 0.31998699 4.5273307  5.5482578 0.9998313 7849.3575
a[943]     5.2384389 0.33245459 4.7070828  5.7703682 1.0004244 7950.4249
a[944]     5.5121226 0.33855102 4.9610731  6.0477820 1.0018168 8166.0200
a[945]     4.4057294 0.32914346 3.8868394  4.9377534 1.0016481 6516.7389
a[946]     5.1014634 0.33135359 4.5655131  5.6321766 1.0025188 7586.9440
a[947]     5.0993117 0.32817009 4.5604121  5.6189227 1.0021943 6331.8709
a[948]     5.4039708 0.24396723 5.0219127  5.7863930 1.0002377 6774.7122
a[949]     5.0599693 0.32639426 4.5336694  5.5823530 1.0010432 7775.9863
a[950]     5.2252637 0.33171377 4.7010749  5.7567337 1.0013480 5773.4949
a[951]     4.1274116 0.24592078 3.7410966  4.5227215 1.0014455 6282.3948
a[952]     5.4246929 0.32257232 4.9089076  5.9328523 1.0010754 6499.4443
a[953]     4.0076433 0.33077221 3.4711684  4.5370057 1.0018089 6040.4051
a[954]     5.5187559 0.32782742 4.9920598  6.0539166 1.0002022 6123.8071
a[955]     4.8254167 0.32477753 4.3087308  5.3488375 1.0036247 8156.0978
a[956]     5.9730328 0.33128338 5.4336931  6.5011595 0.9998136 7343.5485
a[957]     4.4509716 0.33984911 3.9027681  5.0005170 1.0030449 5845.8077
a[958]     4.5411206 0.32617806 4.0373231  5.0618158 1.0013786 7132.6550
a[959]     5.3353806 0.32848669 4.8175193  5.8575737 1.0002765 7027.8684
a[960]     5.3734580 0.32575832 4.8651438  5.9044890 1.0010687 6519.7463
a[961]     5.3713356 0.20844600 5.0361280  5.7040270 1.0021855 6732.0523
a[962]     4.3146815 0.32807519 3.7842128  4.8408655 1.0001118 7274.6559
a[963]     3.8285334 0.33009651 3.3054972  4.3466859 1.0019627 6228.5692
a[964]     6.0641417 0.31972775 5.5426556  6.5740500 0.9998443 7619.8065
a[965]     5.5176383 0.32289648 5.0055536  6.0232790 1.0022158 7707.3510
a[966]     4.9932647 0.33389336 4.4567431  5.5251594 1.0016349 6624.0862
a[967]     5.3594610 0.31736040 4.8574581  5.8524106 1.0001849 7299.9712
a[968]     5.4408962 0.32962172 4.9272782  5.9547876 1.0005503 7250.4134
a[969]     4.4137913 0.33324973 3.8930479  4.9482493 1.0006889 7754.7669
a[970]     4.9251312 0.33517188 4.3823016  5.4688771 1.0009276 7511.1814
a[971]     5.2993122 0.32652438 4.7844251  5.8270788 1.0004427 6816.0104
a[972]     4.4097754 0.32169938 3.8904175  4.9254601 1.0017192 6653.9874
a[973]     5.0182522 0.33013083 4.4902268  5.5398616 1.0015663 6390.5466
a[974]     3.8386021 0.32564455 3.3299624  4.3689446 1.0010113 6288.1737
a[975]     6.9744676 0.33504881 6.4388483  7.5077172 1.0007182 5145.6033
a[976]     5.7870875 0.31984799 5.2822952  6.3011766 1.0004615 7003.0132
a[977]     6.7980865 0.33001653 6.2666813  7.3236893 1.0002295 5449.0471
a[978]     6.2344512 0.24672490 5.8371517  6.6194483 1.0004718 6343.2568
a[979]     6.1431957 0.33307079 5.6113616  6.6763108 1.0001415 5599.9065
a[980]     4.8678759 0.32468084 4.3529392  5.3927931 1.0004116 6976.7139
a[981]     4.7322577 0.33224711 4.2017431  5.2605100 1.0009296 6637.2313
a[982]     5.3821913 0.33252139 4.8424849  5.9018074 1.0004174 7461.2820
a[983]     5.8061308 0.33450869 5.2725416  6.3398924 1.0005106 6475.1254
a[984]     4.9269121 0.32341127 4.4136284  5.4348326 1.0002228 7080.4668
a[985]     4.8428315 0.32124137 4.3234445  5.3604426 1.0000588 8056.2658
a[986]     4.9276225 0.33315602 4.3881280  5.4586495 1.0008808 6216.5264
a[987]     5.4926411 0.33784739 4.9468264  6.0312780 1.0002332 6136.3828
a[988]     5.4055716 0.32633275 4.8828818  5.9308056 1.0011110 6790.9334
a[989]     5.1572105 0.33413658 4.6275045  5.6927767 1.0014568 7581.9317
a[990]     4.5297181 0.32377221 4.0043204  5.0396452 1.0018934 7036.4929
a[991]     4.2444089 0.33552223 3.7202155  4.7862173 1.0004126 6801.5432
a[992]     4.6396333 0.33254074 4.1015829  5.1880761 1.0002651 7581.0471
a[993]     6.0290093 0.32953885 5.5132828  6.5581291 1.0012315 5975.5951
a[994]     4.5893247 0.32415753 4.0629494  5.1174337 1.0012900 6317.9680
a[995]     3.8150118 0.32552328 3.2974119  4.3383635 1.0005506 5971.9537
a[996]     4.5589668 0.33373766 4.0278738  5.0997401 1.0013081 7250.7813
a[997]     5.0107754 0.33295578 4.4643156  5.5486440 1.0007410 6690.8475
a[998]     5.2778209 0.31781214 4.7725501  5.7832568 1.0003945 6547.6185
a[999]     5.5164093 0.31854958 5.0054413  6.0253695 1.0015894 7248.6454
a[1000]    5.2268399 0.32801369 4.6958180  5.7475547 1.0028100 6870.8168
a[1001]    4.0400428 0.32413676 3.5188295  4.5456728 1.0022804 6553.1819
a[1002]    5.3903937 0.32686245 4.8685619  5.9107270 1.0003615 6941.9343
a[1003]    5.4541305 0.32720823 4.9328202  5.9526859 1.0024068 6433.5277
a[1004]    4.2040302 0.32642899 3.6835602  4.7305326 1.0017228 6114.3071
a[1005]    4.3265304 0.33520894 3.7803476  4.8675102 1.0008379 6568.2968
a[1006]    4.1008692 0.32780405 3.5727995  4.6344721 1.0006095 7405.2474
a[1007]    5.0812881 0.32441674 4.5672205  5.5955648 1.0026807 6931.4768
a[1008]    4.9742673 0.32602751 4.4613692  5.4928347 1.0011206 6628.2162
a[1009]    5.5207615 0.32596351 4.9883025  6.0322533 1.0019523 7010.0814
a[1010]    5.4699214 0.32986149 4.9438467  5.9984243 1.0011651 6553.7796
a[1011]    4.4998747 0.33004949 3.9710830  5.0089271 1.0011501 7924.7338
a[1012]    5.2946534 0.31881667 4.7841575  5.8019222 0.9998271 6259.7191
a[1013]    6.9880135 0.33183998 6.4571366  7.5185469 1.0019999 5685.5795
a[1014]    4.6739179 0.32844973 4.1535759  5.1979445 0.9997205 6073.2932
a[1015]    5.7307886 0.20516753 5.3949916  6.0589725 1.0056290 7670.1969
a[1016]    4.3626280 0.33180189 3.8329619  4.8819671 1.0006669 7021.8124
a[1017]    5.6961583 0.33798271 5.1624525  6.2332518 1.0003102 7385.4140
a[1018]    5.1515197 0.32151456 4.6366913  5.6744243 1.0015537 6764.3930
a[1019]    3.9128585 0.24687542 3.5208981  4.3056911 1.0003776 5736.6529
a[1020]    4.6345382 0.32786308 4.1132223  5.1506939 1.0009530 7416.2781
a[1021]    4.6148748 0.32740949 4.0926641  5.1456671 1.0010116 7986.4172
a[1022]    4.5338127 0.32319784 4.0157478  5.0517102 1.0004916 6003.6135
a[1023]    5.1828465 0.33495559 4.6503295  5.7171186 1.0025993 5537.6407
a[1024]    5.2017812 0.33682278 4.6675111  5.7476644 1.0021091 8344.1784
a[1025]    4.8426935 0.24381830 4.4570567  5.2346271 1.0013088 7191.5092
a[1026]    5.2534045 0.31312401 4.7585326  5.7554017 1.0009989 7648.9294
a[1027]    5.1871310 0.24915103 4.7879897  5.5874792 0.9995490 6262.3656
a[1028]    5.1172342 0.24592299 4.7270529  5.5060913 1.0021975 6121.1339
a[1029]    4.9551377 0.31830267 4.4457451  5.4604003 1.0045984 6966.9012
a[1030]    6.4759205 0.32115165 5.9595424  6.9864315 1.0003440 5929.4066
a[1031]    5.1146089 0.32519710 4.5877928  5.6384417 1.0024819 6863.3506
a[1032]    4.9257249 0.32581086 4.3994437  5.4402924 1.0001096 7582.3029
a[1033]    4.7313765 0.33541825 4.1972644  5.2767266 1.0007876 6877.2347
a[1034]    4.6684572 0.32694907 4.1491831  5.1868519 1.0019595 6031.6572
a[1035]    4.1415870 0.33326626 3.6135757  4.6819601 1.0010251 6035.7471
a[1036]    4.6886641 0.32445055 4.1690704  5.1978366 1.0011720 6805.6134
a[1037]    5.6760538 0.32266808 5.1648714  6.1921773 1.0043453 6053.4597
a[1038]    6.2227409 0.33030503 5.6998190  6.7519706 1.0020972 6552.7275
a[1039]    5.8793740 0.32191800 5.3557969  6.3879749 1.0014516 7759.2828
a[1040]    6.5214790 0.32560439 6.0082251  7.0599348 1.0003109 6484.4494
a[1041]    4.9691954 0.31655442 4.4645904  5.4836556 1.0014268 7649.2121
a[1042]    4.2031481 0.33533747 3.6623788  4.7483359 1.0020673 7447.7908
a[1043]    5.8415482 0.33513582 5.2972434  6.3699376 1.0003611 6883.4762
a[1044]    4.8346316 0.31823508 4.3172992  5.3506599 1.0008551 6219.8368
a[1045]    5.0298091 0.32867628 4.5112956  5.5468578 1.0000733 8654.1770
a[1046]    4.4590448 0.32388542 3.9340818  4.9741746 1.0027249 7311.6097
a[1047]    5.0187236 0.24356927 4.6302914  5.4109820 1.0004761 7366.2392
a[1048]    5.0274224 0.32552673 4.5120556  5.5493484 1.0005823 7146.5300
a[1049]    5.4149995 0.33130368 4.8859076  5.9644804 1.0010004 6735.8214
a[1050]    4.5802279 0.24790292 4.1905863  4.9754984 1.0002115 7826.1235
a[1051]    5.1161404 0.34063128 4.5836108  5.6559484 1.0026273 7050.8338
a[1052]    5.3000341 0.31625362 4.7908302  5.7988407 1.0012070 7152.0726
a[1053]    4.8704845 0.33984741 4.3348306  5.4066470 1.0036031 7879.4618
a[1054]    4.5850760 0.20118048 4.2670183  4.9108743 1.0028976 6267.4539
a[1055]    4.6903002 0.33022646 4.1655674  5.2139007 1.0008915 6921.7839
a[1056]    4.5380342 0.33220244 4.0041809  5.0738027 1.0018151 6997.1540
a[1057]    5.1665167 0.32563822 4.6437185  5.6888332 1.0002071 6912.3920
a[1058]    5.2853971 0.33816730 4.7359193  5.8226624 1.0025967 7426.7635
a[1059]    4.9994323 0.33569528 4.4775617  5.5354121 1.0025968 6737.1850
a[1060]    5.6044213 0.20649647 5.2698016  5.9300784 1.0023796 7662.3101
a[1061]    4.9730099 0.31929404 4.4617025  5.4678257 1.0003702 6514.9473
a[1062]    5.5751404 0.32987358 5.0485371  6.0973648 1.0008500 6263.0418
a[1063]    3.9326083 0.32821430 3.4191866  4.4642257 1.0002881 6142.5354
a[1064]    5.3830598 0.32293544 4.8775496  5.9062671 1.0016133 7081.6151
a[1065]    5.1336029 0.32596128 4.6052517  5.6520960 1.0001977 7611.8287
a[1066]    4.6135460 0.33513615 4.0696939  5.1425847 1.0014019 6717.1582
a[1067]    4.8033041 0.32349419 4.2873680  5.3148635 1.0011025 6439.6561
a[1068]    4.4993723 0.32857942 3.9764685  5.0276592 1.0024877 6672.0004
a[1069]    5.4573342 0.32272635 4.9452112  5.9713670 0.9998546 6672.5983
a[1070]    5.5013216 0.31962894 4.9866296  6.0133406 1.0012245 7382.8571
a[1071]    5.5483437 0.32387790 5.0257230  6.0703961 0.9997980 6137.1115
a[1072]    5.7744714 0.25282930 5.3781608  6.1764985 1.0027898 7646.4787
a[1073]    5.2345048 0.31518797 4.7363953  5.7349509 1.0019063 6939.5821
a[1074]    4.9403733 0.33227565 4.4030279  5.4691680 1.0015699 6349.6604
a[1075]    5.4121625 0.33372774 4.8902336  5.9395891 1.0025755 6425.6728
a[1076]    4.3352621 0.32633019 3.8107872  4.8719646 1.0015417 6143.0778
a[1077]    4.7296664 0.24211234 4.3479533  5.1146313 1.0005129 6201.6227
a[1078]    4.3654720 0.32941572 3.8472557  4.8944433 1.0008703 6432.3127
a[1079]    4.5724493 0.24289243 4.1819770  4.9675896 0.9999318 6479.2438
a[1080]    5.3064247 0.32420269 4.7708349  5.8144799 0.9999101 6915.1709
a[1081]    4.3999432 0.32257352 3.8836454  4.9055012 1.0013580 6675.5732
a[1082]    5.2312283 0.33099446 4.6951722  5.7490896 1.0037480 7461.9712
a[1083]    5.4302932 0.32990174 4.9049069  5.9515918 0.9997882 6980.3815
a[1084]    5.1134412 0.32326793 4.5931097  5.6348659 1.0021223 6935.0736
a[1085]    5.4180173 0.33439758 4.8852228  5.9577145 1.0003531 7315.7436
a[1086]    4.8505593 0.33029457 4.3172852  5.3821377 1.0004287 7673.6978
a[1087]    4.8919480 0.32086451 4.3783237  5.3962759 0.9996507 7631.6089
a[1088]    5.0546390 0.32802918 4.5252119  5.5741372 1.0012934 6927.5029
a[1089]    4.8037423 0.32743778 4.2832402  5.3279465 1.0003870 7564.6983
a[1090]    4.8296542 0.31939687 4.3152032  5.3483127 1.0013444 6450.7998
a[1091]    4.1982108 0.32754008 3.6824396  4.7167761 1.0005095 7706.6127
a[1092]    5.2003737 0.32594703 4.6763478  5.7198884 1.0012108 7497.1800
a[1093]    6.1740845 0.33428890 5.6477958  6.7216661 1.0025385 6776.2123
a[1094]    4.5163947 0.21115259 4.1815014  4.8559460 1.0029333 7941.8062
a[1095]    5.2368002 0.32722219 4.7246868  5.7611272 1.0023265 7449.8029
a[1096]    5.0339793 0.33474707 4.4993221  5.5666071 1.0016933 6742.2334
a[1097]    4.5523538 0.32356172 4.0359279  5.0597170 1.0004571 6166.9252
a[1098]    4.7327280 0.32594079 4.2136833  5.2496597 0.9999124 7003.8348
a[1099]    5.9380378 0.32467435 5.4199901  6.4653685 1.0009368 6742.8608
a[1100]    5.1093842 0.32966729 4.5867167  5.6402992 1.0011769 6752.2546
a[1101]    5.2358636 0.32705730 4.7097600  5.7631660 1.0016179 5884.3969
a[1102]    5.1516221 0.32473728 4.6214875  5.6740015 0.9999366 8438.6325
a[1103]    4.2706709 0.33035919 3.7543709  4.7881723 1.0005728 6666.1266
a[1104]    4.7697908 0.33969255 4.2362804  5.3073623 1.0022592 7048.6787
a[1105]    5.2387179 0.34190198 4.6740404  5.7879835 1.0031782 5854.1219
a[1106]    5.6673504 0.33443401 5.1341482  6.2013923 1.0057602 7707.8507
a[1107]    4.7522819 0.32425105 4.2435015  5.2778390 1.0001024 6611.3547
a[1108]    5.7310913 0.31524257 5.2263022  6.2449088 1.0002667 7443.8953
a[1109]    4.6192640 0.33064793 4.0769775  5.1579537 1.0016268 6156.1151
a[1110]    4.2955071 0.33850454 3.7513491  4.8468676 1.0003070 6321.4894
a[1111]    5.9053532 0.33886543 5.3656508  6.4434209 1.0000539 6648.1876
a[1112]    4.5660759 0.32737297 4.0391929  5.0822943 1.0010749 7679.3705
a[1113]    5.1074003 0.33997148 4.5856613  5.6489304 1.0007122 6817.4443
a[1114]    4.8109289 0.32531381 4.2751005  5.3390902 0.9995515 6477.5508
a[1115]    4.4285873 0.32423877 3.9117855  4.9493951 1.0003114 7935.1856
a[1116]    4.4635003 0.24781311 4.0725912  4.8573590 1.0029220 8294.3371
a[1117]    4.1678744 0.31945264 3.6658254  4.6839330 1.0015472 5980.3087
a[1118]    5.1275618 0.33062274 4.5973629  5.6488852 1.0010164 7051.9074
a[1119]    4.6269536 0.32030460 4.1119160  5.1436159 1.0013826 6828.3110
a[1120]    4.3200281 0.32595052 3.7867217  4.8368929 0.9998176 6246.8377
a[1121]    4.2297776 0.33511096 3.6982019  4.7523296 1.0015471 6557.4669
a[1122]    4.8926609 0.32282883 4.3870626  5.3949176 1.0032690 8416.4810
a[1123]    5.4171349 0.33229874 4.8794325  5.9477096 1.0010115 7139.1964
a[1124]    4.5211251 0.20548156 4.1991518  4.8490285 1.0002314 8154.9515
a[1125]    5.4972794 0.20668058 5.1721048  5.8315251 1.0034610 6477.1131
a[1126]    4.8737918 0.32556753 4.3443150  5.3805817 1.0026042 6833.7360
a[1127]    4.9690637 0.32666152 4.4490318  5.4854540 1.0017436 8113.0561
a[1128]    5.0883460 0.33087085 4.5552015  5.6265294 1.0013237 6806.2000
a[1129]    5.3623879 0.32716099 4.8431660  5.8848947 1.0013668 8175.4758
a[1130]    4.6259881 0.32618468 4.0994938  5.1427484 0.9997452 7706.9796
a[1131]    4.9209007 0.34135049 4.3825836  5.4640347 1.0007232 6750.6014
a[1132]    5.0011687 0.32854515 4.4777763  5.5240248 1.0048474 5218.9752
a[1133]    4.9263081 0.33502934 4.4082400  5.4675106 1.0016036 7792.2114
a[1134]    5.3429801 0.24735832 4.9396562  5.7475116 1.0015760 6733.8273
a[1135]    4.6472658 0.33711047 4.1034112  5.1882989 0.9999577 7550.7202
a[1136]    5.2622677 0.32495814 4.7475235  5.7771770 1.0013236 7019.7603
a[1137]    5.1892472 0.33683041 4.6595492  5.7290227 1.0007235 7643.7585
a[1138]    5.3647898 0.32752086 4.8491490  5.8885918 1.0000388 7257.7189
a[1139]    5.6176973 0.25260177 5.2103459  6.0242750 1.0004266 6987.2082
a[1140]    5.4114343 0.24631546 5.0231566  5.8043315 1.0000199 5903.6222
a[1141]    5.1393823 0.32444187 4.6310244  5.6620167 1.0016175 7025.5624
a[1142]    5.3414087 0.32736261 4.8132609  5.8690555 1.0020837 7826.2695
a[1143]    5.1969978 0.32765787 4.6732619  5.7168138 1.0011736 8090.6230
a[1144]    6.5937049 0.24388685 6.2009371  6.9749795 1.0018827 6847.0978
a[1145]    4.7135756 0.32282394 4.1969087  5.2347181 1.0025835 6724.2660
a[1146]    4.6356787 0.32194718 4.1281743  5.1553043 1.0011413 7043.0856
a[1147]    5.6763950 0.20745818 5.3456363  6.0023282 1.0001806 7849.5834
a[1148]    5.7005371 0.33861128 5.1543425  6.2457840 1.0021430 7333.4093
a[1149]    4.9231555 0.32030927 4.4097556  5.4287599 1.0012856 8013.0237
a[1150]    4.8587964 0.31393290 4.3499377  5.3591789 1.0014766 6666.4050
a[1151]    5.5780927 0.32037668 5.0712934  6.0958890 1.0024560 5767.6607
a[1152]    4.5346052 0.32932044 4.0143524  5.0603282 1.0002860 6390.0601
a[1153]    5.4266835 0.32272059 4.9079183  5.9448824 1.0006930 6590.0432
a[1154]    6.7488675 0.33788553 6.1952752  7.2887441 1.0014559 6030.4542
a[1155]    5.3738462 0.32549970 4.8595494  5.8948328 0.9997060 7998.0444
a[1156]    6.5376036 0.33632497 6.0006132  7.0858744 1.0004575 6223.3833
a[1157]    4.7030570 0.33667688 4.1644059  5.2325913 1.0003460 6843.1303
a[1158]    6.1274745 0.33210719 5.5895097  6.6545630 1.0002553 6896.1149
a[1159]    5.2007928 0.33514682 4.6576339  5.7356268 1.0008367 7931.1435
a[1160]    5.3273957 0.32959137 4.7897944  5.8504843 0.9999154 6937.0241
a[1161]    6.5473784 0.33685387 6.0164808  7.0754335 1.0006860 6485.8728
a[1162]    4.7258673 0.33945240 4.1785256  5.2652047 1.0006262 7367.4665
a[1163]    5.4950776 0.33314998 4.9634780  6.0255490 1.0005926 7070.4815
a[1164]    4.5702686 0.32711544 4.0439439  5.0947314 1.0007013 7458.7495
a[1165]    4.3892785 0.32454310 3.8713180  4.9151290 1.0009153 6896.2230
a[1166]    5.9586466 0.32591339 5.4335175  6.4918438 1.0013831 5745.6938
a[1167]    5.3997107 0.32238822 4.8864394  5.9162879 1.0023308 6337.2749
a[1168]    4.9994821 0.32675515 4.4768592  5.5149750 1.0003543 6699.5930
a[1169]    4.9796515 0.33729886 4.4442400  5.5239737 1.0007516 7971.7732
a[1170]    4.5728532 0.32029361 4.0782749  5.0847982 1.0005883 7376.3794
a[1171]    4.4857671 0.25206824 4.0808466  4.8846715 1.0006012 7633.1435
a[1172]    5.5170655 0.33005952 4.9837841  6.0453249 1.0010760 5973.6438
a[1173]    5.0486769 0.31188246 4.5466142  5.5389478 1.0001509 5925.0975
a[1174]    4.8744999 0.33729978 4.3465206  5.4020648 1.0008739 6851.5751
a[1175]    3.9381396 0.32579402 3.4214496  4.4680567 1.0005892 6627.3764
a[1176]    4.3285537 0.25002299 3.9328398  4.7306125 1.0012601 6078.8215
a[1177]    4.5443541 0.33540669 4.0069055  5.0793398 1.0008898 6644.1536
a[1178]    4.4894669 0.32748242 3.9744834  5.0099930 1.0002797 5511.2135
a[1179]    5.9387618 0.33099754 5.4071928  6.4703698 1.0010128 7140.0792
a[1180]    5.2253313 0.32622354 4.6997992  5.7344023 1.0008180 7260.0958
a[1181]    5.3327812 0.31967720 4.8303097  5.8468828 1.0015694 7778.5041
a[1182]    5.4893474 0.24229243 5.1011532  5.8883526 1.0017798 7071.9857
a[1183]    5.1107404 0.32030634 4.6030231  5.6213007 1.0034676 7096.8999
a[1184]    4.9395937 0.25981000 4.5130365  5.3559601 1.0014118 8263.1432
a[1185]    5.6486704 0.32463072 5.1335633  6.1680570 1.0008628 5446.5745
a[1186]    4.8714475 0.32112611 4.3621063  5.3901658 1.0008108 5649.1263
a[1187]    5.5113673 0.32169468 4.9942762  6.0290120 1.0012918 6113.4635
a[1188]    5.2040429 0.32779501 4.6801737  5.7219822 1.0019247 7659.7191
a[1189]    5.5961306 0.31989966 5.0844567  6.1135271 1.0028930 7205.3057
a[1190]    5.0116328 0.32081882 4.4882194  5.5180745 1.0007710 6124.1859
a[1191]    5.0099961 0.33080774 4.4855439  5.5252309 0.9999766 6408.6412
a[1192]    4.7353639 0.24790756 4.3291330  5.1262319 1.0000970 6453.0249
a[1193]    5.0867627 0.33359176 4.5570430  5.6080147 0.9999821 7023.2652
a[1194]    4.9420251 0.33029455 4.4082267  5.4711166 1.0012337 6276.0926
a[1195]    5.2951576 0.33347455 4.7608796  5.8276446 1.0016566 7671.9833
a[1196]    5.7049955 0.34014674 5.1637794  6.2450814 1.0010086 6302.2817
a[1197]    4.0466925 0.32600139 3.5359320  4.5733613 1.0006235 4841.8042
a[1198]    4.4196306 0.32891306 3.8894525  4.9515206 1.0020178 5892.2557
a[1199]    5.2534829 0.32051733 4.7379111  5.7604705 1.0005621 6162.0266
a[1200]    5.1125286 0.32969207 4.5878613  5.6376802 1.0013230 8058.3962
a[1201]    4.9080247 0.31669474 4.4001881  5.4106085 1.0014343 7175.0728
a[1202]    4.7282764 0.32250683 4.2128612  5.2418575 1.0006961 7123.1923
a[1203]    5.3527714 0.33533864 4.8027848  5.8878402 1.0029992 6451.5105
a[1204]    4.7934698 0.32073951 4.2839182  5.3144960 1.0005389 6402.6861
a[1205]    5.1427645 0.32824209 4.6062074  5.6682193 1.0005090 7629.3581
a[1206]    5.4856192 0.20970254 5.1477859  5.8239270 0.9998967 5598.7909
a[1207]    5.4211883 0.32154390 4.9040645  5.9296720 1.0001840 6648.5266
a[1208]    4.0589610 0.34026963 3.5117603  4.5836558 1.0011665 6528.0296
a[1209]    5.2316765 0.34074135 4.6819403  5.7778981 1.0022628 7382.5062
a[1210]    4.1261513 0.33596566 3.5827417  4.6592373 1.0029742 7061.1239
a[1211]    4.9928010 0.31230367 4.4973035  5.4933888 1.0003987 7741.2105
a[1212]    6.2994224 0.20979787 5.9625269  6.6339218 1.0011735 6506.8359
a[1213]    5.7420926 0.25413221 5.3293530  6.1486532 0.9997797 6853.6902
a[1214]    5.2027149 0.33443359 4.6731698  5.7446136 1.0013310 7471.0907
a[1215]    5.4455492 0.33411180 4.8971999  5.9789728 1.0022982 7118.9178
a[1216]    5.1906049 0.33053090 4.6690602  5.7174153 1.0038520 7588.0570
a[1217]    5.6905327 0.33836555 5.1549227  6.2187078 0.9999826 7432.9492
a[1218]    4.4700794 0.32715062 3.9457308  4.9908579 1.0013484 6768.6156
a[1219]    4.3505094 0.24518438 3.9604854  4.7419627 1.0024689 7678.6629
a[1220]    5.9871727 0.34706885 5.4344936  6.5349363 1.0020583 6249.6229
a[1221]    4.0917811 0.32867732 3.5729862  4.6092518 1.0006038 6323.0942
a[1222]    5.6938466 0.32419104 5.1824863  6.2078045 1.0036364 7975.4273
a[1223]    4.9863689 0.32304645 4.4691654  5.4970623 1.0001733 7141.6340
a[1224]    5.2393614 0.33456498 4.7043939  5.7836423 1.0011138 6763.6828
a[1225]    4.0614926 0.32994654 3.5370747  4.5797700 1.0028364 6835.0863
a[1226]    5.5853206 0.25033927 5.1839815  5.9822533 1.0017723 6369.7431
a[1227]    5.4027284 0.31986342 4.8900224  5.9157954 0.9998918 6323.0595
a[1228]    5.3510880 0.32592552 4.8284805  5.8734418 1.0024263 7464.3178
a[1229]    5.0066840 0.31852246 4.5160983  5.5112516 1.0018002 9000.6086
a[1230]    4.1959759 0.32980584 3.6661180  4.7231629 0.9996691 5809.2504
a[1231]    4.9714355 0.32771053 4.4505591  5.4917097 1.0016530 6626.3483
a[1232]    4.6065559 0.31927021 4.0995715  5.1196203 1.0008653 7402.4161
a[1233]    5.1201787 0.33458931 4.5737484  5.6552231 1.0001598 8539.8705
a[1234]    5.5564548 0.32407439 5.0459494  6.0727087 1.0017456 8580.6380
a[1235]    5.7767097 0.32952152 5.2660467  6.3027502 1.0019728 6714.1748
a[1236]    5.0356591 0.33155114 4.4967967  5.5490501 1.0004748 6923.8617
a[1237]    5.3823184 0.33076712 4.8653400  5.9183543 1.0009981 8504.5888
a[1238]    5.2095137 0.33685621 4.6752787  5.7526043 1.0014944 6896.3070
a[1239]    4.2532936 0.33523143 3.7244572  4.7803090 1.0019013 6376.1092
a[1240]    4.9048965 0.24525729 4.5165820  5.2906718 1.0007412 7970.7826
a[1241]    4.7837961 0.32404256 4.2607518  5.3096564 1.0004175 6380.8641
a[1242]    4.8390331 0.32036923 4.3348122  5.3351355 1.0003835 8174.7424
a[1243]    4.2375530 0.33720570 3.7044442  4.7761057 0.9997712 6507.7302
a[1244]    5.7744172 0.32092007 5.2586675  6.2967663 1.0015740 5842.7701
a[1245]    4.3462507 0.32825208 3.8279825  4.8614247 1.0018556 7108.8601
a[1246]    6.2067810 0.32624036 5.6894720  6.7267593 1.0010832 6392.0475
a[1247]    4.7568976 0.33542927 4.2135529  5.2888209 1.0018495 7261.8465
a[1248]    5.3182721 0.32840958 4.7967151  5.8414139 1.0007825 6921.2030
a[1249]    5.2180433 0.33164953 4.6769202  5.7443860 1.0001506 7965.2646
a[1250]    4.9223186 0.32487661 4.4111401  5.4479895 1.0023588 6175.3014
a[1251]    4.3094106 0.32329562 3.7938054  4.8173271 0.9999318 6536.9161
a[1252]    4.7174329 0.32102127 4.1950424  5.2321251 1.0002479 6620.1248
a[1253]    3.9332083 0.33742546 3.3861053  4.4647457 1.0015745 6133.7826
a[1254]    5.1743778 0.33643943 4.6379458  5.7147672 1.0009499 6962.4516
a[1255]    4.0674704 0.32256169 3.5525777  4.5780972 1.0001366 6572.7885
a[1256]    4.5328265 0.34933900 3.9757658  5.0863441 1.0009431 8317.0242
a[1257]    4.6997336 0.24590657 4.3102888  5.0864707 1.0004984 6629.3391
a[1258]    5.1773363 0.32337187 4.6572559  5.6957813 1.0019156 6335.1829
a[1259]    7.3438857 0.24897385 6.9473933  7.7371176 1.0046457 5522.5908
a[1260]    5.0234889 0.24612449 4.6401482  5.4145794 1.0021815 6245.9403
a[1261]    4.6668791 0.33829481 4.1177650  5.2029090 1.0002437 7416.1041
a[1262]    5.2926574 0.32089343 4.7700568  5.8148028 1.0003206 6905.8118
a[1263]    5.3512414 0.33725820 4.8217870  5.8755866 1.0001823 7633.4802
a[1264]    5.0220755 0.32167031 4.5131339  5.5404754 1.0006706 6926.1838
a[1265]    4.8841640 0.33389079 4.3571232  5.3979539 1.0017661 6501.2543
a[1266]    5.6947014 0.24641573 5.3039819  6.0882727 1.0008134 6856.1693
a[1267]    4.5643570 0.33591152 4.0239128  5.1069221 1.0004264 7988.4713
a[1268]    4.4635079 0.33758553 3.9343829  5.0003170 1.0017261 6294.0142
a[1269]    4.9954413 0.32657074 4.4693886  5.5193931 1.0006316 7731.9159
a[1270]    4.9466794 0.33376929 4.4018190  5.4829341 1.0002518 6361.2065
a[1271]    4.1142452 0.20925295 3.7772534  4.4542759 1.0025119 6526.1426
a[1272]    4.7251118 0.33178828 4.2018315  5.2576422 1.0004795 7118.5756
a[1273]    5.3144165 0.32298425 4.8093517  5.8449488 1.0014309 6623.4653
a[1274]    4.5471668 0.20668082 4.2150975  4.8725944 1.0011963 7420.9119
a[1275]    4.9411051 0.24753300 4.5405373  5.3380145 1.0008541 6241.3796
a[1276]    5.9912891 0.34014931 5.4519781  6.5378663 0.9997394 7292.4875
a[1277]    4.4551420 0.33645898 3.9069521  5.0091808 1.0019971 7356.5194
a[1278]    5.3917785 0.32895025 4.8774673  5.9320460 1.0007913 6849.2898
a[1279]    5.4386514 0.20416821 5.1189015  5.7649360 1.0009419 7749.8102
a[1280]    4.6889112 0.33400478 4.1516508  5.2263192 1.0015240 6319.9267
a[1281]    5.9811297 0.32680819 5.4587861  6.5009110 1.0005082 7254.7047
a[1282]    5.4673513 0.31816679 4.9623143  5.9790982 1.0015011 6890.4862
a[1283]    5.1344953 0.32903313 4.5935012  5.6645033 1.0023255 7444.3568
a[1284]    4.8379258 0.31927746 4.3215606  5.3585327 1.0029121 6907.4301
a[1285]    5.2602052 0.32537023 4.7491409  5.7686285 1.0005951 6838.8384
a[1286]    5.4878774 0.33016442 4.9624557  6.0210316 1.0014136 6836.7531
a[1287]    5.6300505 0.24476054 5.2454182  6.0183412 1.0008355 6223.5614
a[1288]    5.0746759 0.33044738 4.5476454  5.6017680 0.9998988 7021.4157
a[1289]    5.7875666 0.33109010 5.2677820  6.3193717 1.0007303 7118.7529
a[1290]    4.6974189 0.32491140 4.1858127  5.2311943 0.9998503 7481.4461
a[1291]    4.6358743 0.32941522 4.1075929  5.1569318 0.9999033 6688.8703
a[1292]    5.8749671 0.32769188 5.3465443  6.3918755 1.0014247 7282.7644
a[1293]    5.4130587 0.32972325 4.8871352  5.9418422 1.0022474 7405.1965
a[1294]    5.1399005 0.33426657 4.5916372  5.6660096 0.9999261 8043.9087
a[1295]    4.7604744 0.33425527 4.2130264  5.2979376 1.0040441 7293.9247
a[1296]    5.6141344 0.32932726 5.0891493  6.1335465 1.0024431 7370.7553
a[1297]    5.7320975 0.33706878 5.1955573  6.2761456 1.0018117 6450.1285
a[1298]    5.0454545 0.32766896 4.5252858  5.5851251 1.0012296 5468.3412
a[1299]    5.1764042 0.33319762 4.6462292  5.6943012 1.0020826 9556.0298
a[1300]    4.4562789 0.34044378 3.9097105  5.0022270 1.0004038 8274.3498
a[1301]    4.6699459 0.31459071 4.1655307  5.1783925 1.0022713 6785.5410
a[1302]    5.2056311 0.31621607 4.6898610  5.7185166 1.0008239 7612.4953
a[1303]    5.3233719 0.33652149 4.7903506  5.8588184 1.0006596 7896.0782
a[1304]    6.4263117 0.33187322 5.9025757  6.9658872 1.0038084 6133.6953
a[1305]    4.8001146 0.32623092 4.2847274  5.3403166 1.0008888 6994.2693
a[1306]    6.1950937 0.32924868 5.6619250  6.7073183 0.9999450 5776.5864
a[1307]    3.9167984 0.33683518 3.3782883  4.4488063 1.0045748 6222.8318
a[1308]    5.3257652 0.33063300 4.7930554  5.8571048 1.0010523 6892.4343
a[1309]    4.8310465 0.33205462 4.3079249  5.3490958 0.9997479 6597.0316
a[1310]    4.7570028 0.32504162 4.2321531  5.2682417 1.0029765 7388.9329
a[1311]    5.2702480 0.18159360 4.9856793  5.5574094 1.0008856 7276.3652
a[1312]    4.2213911 0.24540569 3.8380089  4.6096356 1.0018796 7539.4661
a[1313]    4.7200763 0.32063285 4.2181140  5.2283139 1.0007095 6720.5020
a[1314]    4.9083100 0.32612086 4.3887676  5.4244218 0.9997957 6204.8925
a[1315]    5.5858871 0.32368092 5.0782198  6.0881095 1.0016705 7018.7451
a[1316]    5.6050806 0.24832894 5.2130604  6.0029455 1.0012394 7308.9163
a[1317]    4.4651812 0.33597292 3.9280842  4.9879442 1.0007344 6620.3173
a[1318]    4.5773082 0.24893275 4.1861742  4.9792597 0.9999321 7074.7071
a[1319]    5.5150023 0.33739152 4.9739196  6.0528802 1.0047485 8141.5096
a[1320]    4.7640744 0.24608590 4.3616933  5.1637596 1.0010983 6135.9385
a[1321]    5.3251210 0.32796134 4.7941365  5.8594388 1.0010983 6390.7428
a[1322]    5.1942388 0.25037004 4.7957532  5.5950503 1.0036497 7074.6496
a[1323]    6.4179841 0.33059191 5.8971630  6.9358375 1.0003180 7136.9135
a[1324]    5.0127224 0.33694027 4.4684962  5.5547280 1.0020042 8448.7820
a[1325]    5.5758223 0.20940046 5.2357796  5.9139738 1.0021790 6732.0965
a[1326]    4.5892240 0.24470993 4.1937512  4.9774765 0.9996205 7947.4690
a[1327]    5.0187771 0.33641772 4.4727298  5.5479400 1.0034519 7592.7632
a[1328]    5.1348176 0.32271851 4.6170690  5.6456773 1.0005362 6650.9536
a[1329]    5.2339313 0.32228820 4.7211196  5.7467984 1.0012517 6797.1751
a[1330]    5.1414815 0.32965780 4.6206582  5.6566555 1.0002723 6369.0418
a[1331]    5.1768028 0.32157461 4.6682398  5.7013151 1.0012552 7019.6746
a[1332]    5.1037118 0.33585864 4.5685847  5.6379543 1.0017662 6651.1971
a[1333]    5.0338804 0.32431006 4.5131030  5.5638256 1.0031836 8027.3281
a[1334]    5.8486714 0.32514688 5.3286339  6.3739759 0.9999715 6541.5285
a[1335]    4.4650393 0.32451023 3.9423258  4.9780922 1.0035193 6336.4627
a[1336]    5.6531428 0.32715361 5.1286592  6.1653755 0.9998707 7253.2825
a[1337]    5.3282785 0.20934444 4.9917918  5.6604559 1.0021849 7474.7181
a[1338]    5.9544307 0.32466441 5.4339550  6.4649557 1.0010978 6108.3982
a[1339]    4.7294236 0.32196686 4.2112377  5.2504164 1.0009099 7589.2929
a[1340]    4.1679198 0.32659061 3.6448249  4.6872022 0.9995818 6446.8004
a[1341]    5.4666861 0.32367977 4.9561672  5.9805308 1.0021250 8061.4597
a[1342]    4.8652267 0.33449155 4.3353496  5.3930958 0.9996144 7133.3229
a[1343]    5.3395462 0.32573018 4.8206820  5.8672873 1.0012181 7283.7309
a[1344]    5.6095814 0.32995154 5.0811578  6.1408229 1.0008819 7469.6159
a[1345]    4.9026255 0.32080307 4.3979689  5.4271206 1.0002349 5998.5391
a[1346]    4.9966726 0.32252869 4.4775073  5.5100100 1.0015894 6932.2635
a[1347]    4.9588919 0.33228852 4.4304982  5.4818434 1.0021688 7582.7196
a[1348]    6.0082196 0.24235709 5.6180738  6.3983355 1.0039474 7418.6097
a[1349]    5.7398920 0.25454664 5.3342449  6.1432349 1.0007155 7342.4300
a[1350]    4.9715509 0.32272909 4.4548956  5.4840772 1.0000737 4917.3741
a[1351]    4.4103413 0.31392561 3.9166634  4.9141422 1.0020831 6751.5414
a[1352]    5.3380175 0.32746744 4.8099984  5.8593870 1.0016676 7884.8386
a[1353]    5.3146431 0.33276715 4.8000925  5.8412044 1.0005950 6011.9099
a[1354]    4.5662490 0.32468056 4.0377197  5.0921364 1.0005704 6544.8884
a[1355]    5.0240452 0.33023202 4.4935567  5.5487749 1.0015324 7058.9176
a[1356]    6.5449219 0.21240029 6.2043331  6.8861246 1.0030376 7142.9587
a[1357]    5.0458097 0.33284797 4.5123357  5.5777449 1.0002425 7017.2024
a[1358]    4.8350913 0.20538113 4.5103522  5.1695177 0.9998702 5589.9889
a[1359]    5.2078496 0.32303365 4.6898958  5.7313502 1.0023244 6759.8812
a[1360]    4.7365929 0.31853284 4.2288646  5.2477084 1.0014314 5685.3823
a[1361]    5.5513469 0.33724819 5.0175827  6.0878699 1.0007287 7366.7336
a[1362]    6.2670966 0.33232855 5.7431826  6.8006850 0.9998012 6144.4790
a[1363]    5.5253424 0.33278699 4.9901546  6.0599268 0.9997456 6218.3518
a[1364]    5.6086798 0.24689222 5.2162483  6.0104560 1.0010586 7205.0926
a[1365]    5.1334330 0.32273567 4.6314587  5.6506685 1.0007747 7472.1365
a[1366]    6.0205474 0.33745185 5.4749400  6.5592598 1.0007980 7202.8580
a[1367]    5.3252258 0.31701053 4.8098735  5.8383960 1.0000734 6751.2591
a[1368]    4.9812166 0.31963119 4.4762850  5.4947319 1.0009561 6433.0962
a[1369]    5.2469212 0.33092013 4.7231239  5.7714268 1.0015756 6038.4251
a[1370]    4.7546831 0.32461826 4.2514147  5.2654387 1.0003444 7065.2777
a[1371]    5.4293273 0.33039968 4.8949765  5.9521255 1.0005483 7320.4278
a[1372]    5.4047314 0.32373787 4.8872826  5.9253812 1.0011461 6050.2181
a[1373]    5.5912916 0.32870482 5.0613777  6.1174064 1.0005712 6927.7330
a[1374]    4.6984225 0.32915018 4.1667949  5.2288458 1.0008696 6529.1768
a[1375]    5.6143365 0.33260494 5.0839266  6.1298830 1.0038556 7113.0976
a[1376]    5.2179524 0.33647285 4.6783227  5.7567871 1.0021311 7230.7928
a[1377]    5.3483915 0.32397938 4.8312971  5.8631821 1.0015634 6774.6653
a[1378]    4.2074627 0.32899915 3.6901755  4.7224825 1.0003603 6179.7819
a[1379]    4.6001815 0.24479691 4.2091613  4.9932605 1.0015568 7624.7369
a[1380]    5.4931727 0.33453100 4.9766345  6.0180682 1.0010983 5687.1465
a[1381]    4.4076431 0.33463925 3.8735937  4.9481613 1.0007602 7200.6657
a[1382]    4.7790510 0.25082889 4.3703739  5.1690531 1.0007321 6678.9047
a[1383]    5.4118668 0.32640046 4.8969806  5.9322132 0.9995318 7181.4472
a[1384]    6.0778474 0.24308318 5.6803271  6.4734546 1.0031320 6530.9187
a[1385]    5.4264225 0.19894366 5.1065518  5.7499045 1.0015208 8155.1630
a[1386]    4.2360299 0.32132690 3.7097092  4.7431176 1.0016891 6828.6875
a[1387]    5.1879936 0.33941453 4.6597086  5.7225241 1.0022369 8499.3534
a[1388]    4.6946872 0.34131197 4.1489021  5.2237643 0.9999459 7779.7730
a[1389]    4.8097407 0.12608251 4.6062683  5.0062650 1.0012947 6728.9274
a[1390]    6.2281017 0.32670212 5.6957846  6.7404168 1.0024833 6323.5346
a[1391]    5.1275165 0.32571358 4.6087523  5.6430470 1.0025183 7475.6763
a[1392]    4.8092243 0.32199870 4.2936929  5.3207900 1.0018709 6254.1218
a[1393]    6.0156927 0.33211099 5.4902979  6.5508323 1.0000877 6963.2465
a[1394]    5.9863419 0.33971749 5.4403673  6.5281991 1.0026499 6090.7334
a[1395]    5.7141810 0.32046220 5.1900222  6.2227963 1.0002655 7500.1456
a[1396]    5.7545075 0.33409407 5.2221435  6.2910332 1.0002904 8685.3954
a[1397]    4.5381491 0.32954659 4.0108463  5.0704775 0.9999111 6703.5038
a[1398]    5.9675438 0.32827043 5.4359515  6.4851480 1.0007829 5667.4898
a[1399]    5.1757278 0.33114569 4.6510230  5.7085416 1.0014655 6909.0777
a[1400]    6.2169278 0.24445842 5.8242047  6.6164612 1.0007727 6964.2855
a[1401]    5.2506602 0.33363778 4.7161780  5.7831153 0.9997055 6202.3495
a[1402]    5.0178289 0.32550893 4.4964417  5.5314394 0.9998869 6921.7237
a[1403]    4.5121283 0.33191753 3.9810081  5.0492962 1.0007037 6621.6877
a[1404]    5.3038620 0.33513482 4.7638294  5.8377848 1.0007303 7323.3318
a[1405]    4.6842543 0.32680206 4.1612227  5.1924260 1.0001245 7964.6367
a[1406]    4.6782595 0.33942087 4.1296389  5.2231297 1.0011991 6511.7862
a[1407]    4.3892615 0.31827203 3.8765837  4.9010780 1.0018902 6766.9082
a[1408]    5.9972021 0.33690367 5.4502600  6.5379257 1.0014668 6470.5592
a[1409]    5.1150985 0.32124440 4.5991719  5.6204139 1.0004568 7618.3442
a[1410]    6.0208243 0.32399975 5.4959531  6.5203276 1.0016389 5985.3375
a[1411]    4.7072447 0.18166888 4.4205886  4.9977775 1.0027222 6897.7947
a[1412]    5.2951041 0.33009266 4.7644617  5.8248669 1.0016381 6730.5659
a[1413]    5.6217694 0.33020375 5.0832163  6.1519604 1.0024569 6970.0117
a[1414]    4.4361815 0.33862822 3.9070900  4.9885440 1.0019285 7577.3949
a[1415]    4.8185473 0.25370195 4.4121813  5.2262923 1.0007909 6553.9747
a[1416]    4.5682808 0.33282138 4.0337860  5.1054486 1.0009137 7593.1611
a[1417]    5.8921995 0.33703943 5.3567009  6.4330647 1.0001712 7513.7016
a[1418]    4.7998727 0.32457359 4.2809804  5.3100748 1.0023082 6136.7845
a[1419]    5.5612021 0.33919849 5.0101740  6.1148658 0.9999899 6948.6262
a[1420]    5.0786386 0.32878153 4.5458563  5.6128524 1.0000029 6942.6319
a[1421]    4.3106199 0.25234497 3.9041321  4.7081329 1.0029768 6330.3761
a[1422]    5.5321398 0.33547341 4.9960457  6.0757195 1.0010810 7926.7170
a[1423]    4.2398267 0.32461012 3.7238983  4.7740037 1.0020720 6309.2184
a[1424]    3.8290858 0.32981135 3.3121973  4.3556845 1.0023024 5330.7887
a[1425]    5.4500739 0.24508103 5.0551995  5.8475322 0.9995945 7203.0163
a[1426]    4.2100677 0.33825932 3.6716831  4.7616714 1.0001281 7007.3613
a[1427]    5.0972334 0.32535356 4.5722403  5.6054415 0.9998973 6406.7650
a[1428]    5.1155467 0.33090825 4.5831890  5.6409146 1.0021218 6208.8281
a[1429]    4.7169634 0.32160424 4.1911985  5.2177876 1.0005339 6739.0376
a[1430]    5.2796937 0.33849477 4.7424823  5.8216955 0.9998724 8033.4933
a[1431]    4.4353451 0.33169908 3.9057782  4.9634341 1.0010125 6737.9403
a[1432]    4.2235224 0.32913079 3.7094851  4.7383834 1.0007467 7179.1512
a[1433]    5.8043151 0.32588671 5.2896585  6.3302945 0.9999907 7071.0523
a[1434]    5.0944673 0.32781455 4.5607462  5.6142299 0.9996873 6682.2656
a[1435]    4.5820392 0.32032966 4.0749877  5.1036688 1.0002278 6985.2636
a[1436]    5.4744719 0.33891429 4.9186005  6.0207564 1.0011493 7633.6125
a[1437]    5.3609467 0.33787687 4.8218570  5.9001386 1.0020704 7209.2554
a[1438]    5.1193799 0.33014624 4.5832298  5.6422550 1.0007429 8209.6547
a[1439]    4.4832471 0.33041757 3.9586395  5.0089204 1.0000496 6180.3291
a[1440]    5.4493268 0.32397717 4.9340720  5.9688035 1.0003498 6775.0852
a[1441]    5.0789496 0.33075664 4.5460350  5.6042280 1.0035727 6328.8309
a[1442]    5.8596769 0.31737704 5.3511706  6.3566792 0.9996187 6158.5239
a[1443]    5.1538603 0.32661280 4.6293508  5.6746374 0.9997910 7230.2099
a[1444]    5.9172439 0.21020346 5.5760327  6.2485667 1.0010676 6148.0737
a[1445]    6.3769869 0.34125337 5.8280619  6.9277876 1.0002326 6286.1027
a[1446]    4.9587982 0.33421830 4.4141794  5.4910543 1.0013901 7670.1993
a[1447]    4.9520567 0.32813313 4.4366517  5.4637068 1.0008056 7712.2842
a[1448]    5.9332236 0.21567611 5.5917068  6.2845497 1.0009877 8633.7460
a[1449]    4.1824748 0.32726280 3.6629049  4.7120487 1.0013885 7046.7763
a[1450]    4.9866120 0.32356349 4.4833298  5.5051457 0.9997422 7742.1609
a[1451]    5.2268934 0.33160645 4.7026909  5.7571412 1.0006548 6796.0685
a[1452]    5.1570654 0.33279714 4.6100285  5.6840090 1.0012103 7435.2163
a[1453]    5.4664030 0.33177191 4.9359132  5.9928889 1.0012204 6681.6746
a[1454]    5.4434590 0.32680801 4.9178932  5.9640360 0.9997510 6649.1122
a[1455]    4.4591904 0.33725794 3.9164099  4.9845792 1.0010374 5421.9028
a[1456]    4.9299989 0.24737360 4.5309724  5.3182956 1.0006884 7328.1026
a[1457]    5.3840922 0.32928514 4.8547621  5.9094751 1.0006738 6896.8633
a[1458]    5.9525458 0.16418454 5.6919741  6.2182127 1.0014789 6672.3489
a[1459]    4.5778963 0.32575034 4.0660155  5.1010101 1.0013784 7655.0286
a[1460]    4.7598290 0.32943583 4.2251781  5.2843972 1.0017541 6582.2147
a[1461]    4.7882123 0.25027114 4.3906026  5.1825373 1.0014983 7556.4580
a[1462]    4.4609160 0.32551934 3.9400557  4.9682395 1.0002587 7401.7407
a[1463]    5.7256081 0.24433462 5.3357909  6.1199191 1.0000804 6795.8553
a[1464]    5.1869089 0.33317704 4.6622732  5.7263392 1.0009468 8339.1467
a[1465]    3.8978913 0.32167667 3.3864913  4.4116360 1.0012481 6847.8654
a[1466]    5.4244986 0.24219673 5.0410420  5.8230902 1.0009724 7700.8696
a[1467]    5.1897648 0.33021935 4.6614279  5.7144575 1.0026597 7309.0220
a[1468]    5.3261548 0.32530181 4.8002831  5.8539160 1.0011926 6262.1692
a[1469]    5.1205102 0.32350572 4.6066520  5.6418310 0.9999509 5653.8556
a[1470]    5.5112370 0.33194873 4.9776853  6.0500753 1.0020631 6434.8479
a[1471]    6.0047958 0.32890040 5.4807032  6.5403978 1.0000150 7927.5152
a[1472]    4.3280952 0.33388226 3.7884123  4.8658191 1.0012014 6893.2014
a[1473]    6.0283565 0.31890431 5.5266811  6.5316317 0.9999461 6498.3156
a[1474]    5.4871953 0.34316351 4.9369625  6.0403096 1.0018262 7277.0266
a[1475]    6.0925614 0.32570741 5.5698223  6.6015825 1.0012372 6525.8714
a[1476]    4.4860609 0.32946488 3.9537220  5.0157699 1.0008583 6290.3874
a[1477]    5.0288646 0.32777914 4.5102969  5.5612716 1.0026968 6784.2138
a[1478]    4.3108810 0.34201649 3.7594348  4.8595002 1.0008269 7535.6767
a[1479]    5.1666773 0.33369995 4.6197567  5.6905073 0.9996006 7448.3983
a[1480]    8.2022361 0.34226695 7.6561387  8.7465906 1.0010205 3692.3867
a[1481]    5.1865094 0.34095958 4.6375264  5.7371237 1.0047283 6925.3476
a[1482]    6.0253128 0.32138417 5.5107360  6.5372583 1.0016711 5993.1037
a[1483]    6.1256159 0.24642678 5.7340964  6.5162656 1.0002131 7053.4093
a[1484]    5.2617542 0.32397833 4.7511389  5.7757833 1.0009209 7181.3189
a[1485]    5.1299331 0.24206331 4.7419511  5.5145648 1.0001486 6489.8618
a[1486]    5.6453013 0.32707153 5.1328203  6.1595341 1.0013121 6424.4603
a[1487]    4.6522582 0.24810462 4.2513100  5.0502602 0.9998415 8247.6698
a[1488]    5.3327704 0.32714833 4.8033291  5.8518095 1.0001635 6090.0895
a[1489]    5.5760057 0.33124969 5.0518346  6.1082758 1.0039178 7637.8854
a[1490]    5.0769293 0.32865862 4.5592479  5.6037130 1.0010283 6188.3305
a[1491]    5.8431458 0.32313664 5.3309532  6.3456174 1.0007548 7184.5915
a[1492]    5.2762419 0.32653626 4.7514941  5.7872404 1.0001383 7441.2891
a[1493]    5.3253794 0.32396897 4.8084841  5.8477535 1.0006055 7009.5115
a[1494]    3.8767922 0.33567169 3.3391136  4.4135368 0.9997808 6510.9835
a[1495]    4.3325580 0.32630944 3.8045858  4.8538249 1.0001686 6370.3863
a[1496]    5.0708644 0.32915499 4.5388396  5.5954125 1.0009194 7311.6994
a[1497]    5.7743922 0.33885700 5.2314557  6.3141118 1.0019579 5942.8598
a[1498]    5.2681814 0.33133886 4.7324445  5.7908165 1.0014521 7725.4299
a[1499]    5.9856245 0.32761933 5.4657342  6.5144023 1.0005947 8128.9868
a[1500]    4.9459300 0.33227516 4.4077988  5.4690976 1.0001870 6518.1378
a[1501]    5.3502345 0.32106547 4.8345202  5.8707812 1.0034150 6261.8203
a[1502]    5.2193379 0.25373764 4.8185563  5.6242966 1.0029326 7489.2299
a[1503]    5.6693356 0.31898625 5.1438802  6.1848189 0.9998061 6800.4982
a[1504]    4.2532506 0.33099121 3.7292187  4.7774568 1.0029448 6182.7878
a[1505]    4.4651005 0.34370380 3.9243606  5.0002660 1.0008935 8026.0184
a[1506]    5.6263647 0.33846066 5.0858239  6.1507261 1.0022053 8165.5191
a[1507]    5.7652450 0.32790351 5.2513833  6.2973863 1.0004157 7104.7395
a[1508]    5.7186578 0.33518197 5.1727520  6.2633471 1.0014501 7287.3359
a[1509]    4.7191422 0.20772424 4.3839033  5.0548667 1.0010743 7036.1918
a[1510]    5.1216553 0.32911406 4.5987645  5.6361451 1.0002800 7045.4584
a[1511]    4.9558678 0.31899426 4.4387914  5.4593975 1.0002098 6107.3881
a[1512]    5.6434515 0.32440143 5.1277845  6.1712242 1.0005346 6634.0681
a[1513]    4.9493908 0.32848375 4.4225483  5.4704237 1.0004060 6191.6301
a[1514]    5.1128707 0.32366564 4.6030551  5.6328099 1.0042802 6903.9287
a[1515]    6.1753957 0.24315842 5.7797331  6.5563738 1.0005704 6590.3835
a[1516]    4.6127333 0.33959711 4.0613071  5.1542071 1.0009601 6773.5752
a[1517]    5.3986698 0.31728471 4.9038866  5.9031424 1.0011559 6937.1893
a[1518]    4.1435005 0.32704929 3.6338044  4.6718837 1.0011478 6479.4612
a[1519]    5.1359933 0.33019615 4.6109755  5.6724035 1.0021198 7382.7702
a[1520]    5.2884989 0.33480447 4.7639078  5.8153595 1.0008188 7589.9767
a[1521]    4.9202365 0.31906821 4.4026594  5.4326383 1.0031782 6615.8869
a[1522]    4.3350108 0.32801018 3.8168806  4.8662844 1.0033557 7301.1191
a[1523]    5.1203196 0.33103068 4.5975430  5.6461386 1.0006707 6937.8321
a[1524]    5.7344387 0.25849361 5.3197054  6.1422888 1.0016087 6761.7846
a[1525]    4.1895029 0.33086769 3.6519159  4.7204545 1.0021108 7005.9245
a[1526]    5.1641663 0.32817311 4.6428611  5.6984777 1.0004651 6331.8044
a[1527]    5.3920161 0.32910222 4.8598453  5.9173709 0.9995582 6823.1464
a[1528]    5.5707042 0.32845227 5.0477291  6.0798938 1.0014830 6806.8408
a[1529]    4.6610004 0.33066917 4.1243162  5.1898397 1.0013843 8230.9627
a[1530]    6.9172978 0.32470742 6.3856970  7.4300764 1.0005034 6895.5501
a[1531]    5.7914985 0.24554119 5.4015726  6.1825397 1.0014320 6132.2003
a[1532]    5.4621004 0.33830630 4.9298581  6.0031100 1.0016130 7032.1575
a[1533]    4.7318111 0.32027972 4.2182262  5.2433847 0.9998766 6870.6357
a[1534]    5.3978556 0.24684266 5.0026185  5.7918525 1.0000475 7685.3023
a[1535]    5.2704803 0.33077062 4.7415340  5.7925116 1.0002433 6627.3583
a[1536]    5.3188411 0.32484388 4.8013018  5.8345817 1.0009733 8798.4584
a[1537]    5.9834009 0.32515538 5.4729873  6.5012510 1.0024603 5952.1296
a[1538]    5.4072608 0.33033232 4.8779823  5.9347253 1.0003627 7119.2248
a[1539]    4.1771816 0.33291554 3.6411557  4.7245859 1.0019946 6963.6631
a[1540]    4.4922577 0.32058052 3.9782942  4.9952331 1.0004826 6690.7222
a[1541]    5.1585693 0.32509995 4.6463904  5.6605091 0.9998183 6995.3945
a[1542]    4.2992856 0.33408286 3.7707396  4.8426390 1.0014011 6359.6006
a[1543]    6.3342562 0.32920456 5.8113399  6.8583087 1.0031024 5506.5472
a[1544]    5.2576333 0.32762071 4.7287669  5.7855685 1.0018788 6965.3262
a[1545]    5.1266907 0.32757972 4.6049759  5.6516582 1.0009501 7446.5862
a[1546]    5.1300356 0.32542578 4.6097950  5.6496040 1.0006154 7228.1585
a[1547]    5.5876764 0.31928855 5.0803396  6.1050787 1.0012348 7609.1049
a[1548]    5.4349394 0.32625887 4.9058137  5.9556908 1.0004758 7269.7709
a[1549]    5.5256093 0.32727273 4.9945670  6.0532495 1.0009472 6087.0051
a[1550]    4.2790619 0.33433199 3.7460385  4.8113583 1.0019851 7041.3008
a[1551]    5.1059172 0.24692068 4.7131597  5.5027451 1.0027822 6574.6818
a[1552]    4.5109711 0.32160880 3.9934648  5.0187605 1.0002059 6470.0709
a[1553]    5.3871343 0.32976536 4.8584841  5.9117198 1.0024327 8128.3203
a[1554]    5.0822760 0.32773132 4.5572039  5.6139771 1.0005407 7265.2717
a[1555]    4.4130053 0.32291582 3.8955535  4.9198355 1.0000467 6107.1711
a[1556]    5.2439240 0.32702262 4.7149013  5.7761968 1.0001290 8599.1846
a[1557]    6.3824883 0.34600340 5.8252715  6.9320326 1.0003176 5975.9528
a[1558]    5.0328192 0.32570608 4.5111900  5.5458026 1.0015682 7310.6624
a[1559]    3.7797825 0.31811734 3.2695728  4.2969968 1.0023392 6644.3868
a[1560]    5.3913809 0.33194406 4.8596251  5.9252916 1.0014186 7130.6770
a[1561]    4.4537665 0.32860186 3.9242926  4.9724684 1.0004205 8015.2944
a[1562]    5.6219909 0.33136051 5.1037266  6.1495287 1.0025786 7074.5201
a[1563]    4.6664832 0.33250074 4.1235856  5.1965469 1.0000413 6258.7432
a[1564]    4.6173967 0.33603803 4.0776733  5.1519164 1.0005909 7058.7277
a[1565]    4.4567293 0.33030759 3.9415699  4.9801517 1.0025789 7030.3254
a[1566]    5.1120653 0.33362425 4.5845716  5.6571330 1.0006227 7828.9617
a[1567]    4.4046982 0.33052901 3.8641245  4.9364082 1.0004837 7265.6947
a[1568]    4.7457658 0.32451715 4.2257756  5.2659898 1.0016322 6806.2207
a[1569]    4.9087464 0.32404455 4.3884528  5.4259106 1.0004013 7361.9906
a[1570]    5.1939850 0.32680817 4.6721797  5.7216179 1.0025729 6846.8945
a[1571]    4.5424834 0.31870889 4.0358433  5.0594741 1.0014738 7026.0874
a[1572]    5.3791750 0.31828377 4.8649877  5.8811938 1.0026851 6365.5796
a[1573]    5.4796171 0.25088705 5.0763704  5.8758994 1.0011190 6714.2318
a[1574]    4.9425765 0.33224442 4.4205041  5.4603879 1.0026930 6996.0929
a[1575]    5.4063504 0.32779188 4.8838079  5.9308077 1.0003058 7281.8624
a[1576]    5.8445164 0.32248856 5.3270426  6.3603620 1.0014657 6245.6542
a[1577]    4.7107029 0.32654905 4.1848696  5.2207269 1.0003180 6747.9377
a[1578]    5.1299004 0.32244581 4.6031704  5.6442166 1.0040635 7518.5646
a[1579]    5.8535849 0.32153041 5.3312919  6.3767672 1.0003245 6917.8568
a[1580]    5.2589628 0.33130139 4.7352099  5.7943420 1.0002741 5747.7091
a[1581]    4.7658923 0.33263261 4.2242890  5.2942226 1.0005439 6740.3906
a[1582]    4.3046001 0.33997913 3.7628123  4.8508121 1.0006976 6889.5967
a[1583]    5.5705262 0.33094261 5.0399034  6.1056563 1.0006980 6406.2078
a[1584]    4.6531606 0.32424571 4.1433964  5.1687322 1.0032933 6679.3065
a[1585]    5.3116503 0.33057052 4.7788839  5.8413504 1.0031502 6647.5329
a[1586]    4.9095617 0.32841296 4.3776917  5.4260707 1.0023385 6827.5728
a[1587]    5.6377072 0.24809605 5.2425086  6.0368567 0.9998761 6590.2309
a[1588]    5.5311106 0.31979492 5.0174423  6.0445137 1.0024788 6918.4110
a[1589]    4.7338838 0.33128420 4.2026450  5.2586581 1.0010635 5729.0754
a[1590]    5.5887659 0.32000370 5.0706099  6.1038153 1.0005201 6325.6247
a[1591]    5.0840302 0.32927943 4.5637630  5.6103012 1.0002252 6175.7217
a[1592]    5.6506767 0.33366358 5.1085103  6.1731326 1.0007652 6592.9714
a[1593]    5.4417592 0.31944695 4.9455023  5.9509951 1.0015737 6175.6522
a[1594]    5.5206649 0.32951566 4.9828266  6.0405743 1.0003715 5754.1347
a[1595]    4.0622616 0.32662669 3.5394084  4.5846261 1.0014327 5628.6692
a[1596]    5.6426432 0.25159498 5.2354336  6.0474589 1.0003005 6964.5049
a[1597]    4.9730486 0.33219097 4.4448261  5.5171032 1.0007072 6957.9770
a[1598]    4.9779141 0.31686660 4.4759344  5.4806925 1.0040872 7478.5811
a[1599]    4.5755105 0.33202224 4.0442472  5.1127452 1.0010995 8372.7047
a[1600]    5.3309134 0.32959547 4.8034364  5.8585383 1.0054615 6925.6017
a[1601]    4.2551706 0.33998539 3.7186050  4.8013991 0.9997586 7716.0989
a[1602]    5.4726319 0.32911947 4.9466511  6.0037006 1.0017423 8010.9106
a[1603]    4.6444929 0.33256845 4.1170070  5.1802925 1.0003962 6964.3345
a[1604]    4.4171172 0.32117520 3.9105620  4.9302301 1.0031769 6681.5631
a[1605]    4.3471269 0.32620424 3.8255176  4.8691455 1.0005873 6731.7595
a[1606]    4.4894814 0.32415305 3.9753691  5.0134224 1.0022986 5832.3635
a[1607]    5.0188963 0.32711137 4.4982554  5.5436231 1.0022467 7181.7213
a[1608]    5.2428577 0.32716414 4.7249736  5.7761221 1.0007553 6702.2264
a[1609]    5.0403176 0.31510730 4.5390474  5.5520186 1.0009650 6808.4419
a[1610]    4.8762837 0.32416849 4.3538436  5.4085964 1.0005224 7174.7813
a[1611]    5.2387160 0.33285439 4.6925048  5.7621909 1.0020167 6914.6016
a[1612]    5.2570004 0.32403543 4.7507101  5.7708085 1.0020446 6014.7122
a[1613]    5.2795173 0.33413502 4.7378657  5.8123053 1.0004732 7800.3801
a[1614]    5.3898282 0.32871238 4.8589761  5.9172249 1.0011933 6957.2506
a[1615]    5.4362050 0.32765398 4.9102613  5.9655185 1.0066808 6914.8306
a[1616]    5.5978765 0.25054837 5.1980728  6.0008185 1.0030377 6465.7490
a[1617]    5.6789732 0.32862040 5.1614882  6.2094110 1.0024063 7532.6560
a[1618]    5.4593394 0.32960784 4.9358185  5.9950267 1.0021246 6050.9249
a[1619]    5.3418903 0.32353723 4.8277187  5.8578266 1.0001092 5956.4106
a[1620]    4.9697713 0.33363140 4.4216383  5.5087698 1.0001204 6364.0531
a[1621]    5.1838743 0.32006830 4.6758872  5.7003844 1.0002672 6848.4585
a[1622]    5.6421209 0.33046153 5.1069272  6.1813360 1.0011466 6963.8722
a[1623]    4.6103601 0.33434487 4.0664673  5.1505449 1.0003870 5973.1725
a[1624]    6.0863456 0.34251588 5.5412495  6.6336405 1.0016394 6862.9174
a[1625]    5.7537863 0.32405009 5.2431448  6.2593558 1.0020377 7006.6456
a[1626]    5.2382860 0.32164157 4.7254195  5.7456701 1.0005619 7796.0790
a[1627]    5.2126909 0.32546522 4.6959576  5.7326910 0.9999143 7115.7142
a[1628]    5.3249797 0.32969733 4.7924212  5.8549602 0.9996865 7988.8784
a[1629]    5.3919335 0.32045397 4.8790431  5.9069118 1.0020020 7080.5461
a[1630]    6.4959496 0.33360511 5.9587372  7.0244590 1.0010056 5966.1369
a[1631]    5.4329751 0.32439575 4.9165449  5.9584053 1.0012138 7891.4401
a[1632]    5.0817224 0.32669108 4.5562407  5.6046260 1.0014752 6870.6447
a[1633]    7.1890047 0.32990397 6.6580017  7.7137173 1.0009552 6456.4312
a[1634]    4.7649711 0.32988664 4.2344961  5.2916997 1.0008473 6739.1889
a[1635]    4.9683676 0.32569633 4.4560329  5.4915118 1.0040134 7532.6457
a[1636]    5.6882208 0.32452630 5.1713933  6.2089974 1.0006366 6414.0890
a[1637]    5.2506513 0.33345125 4.7263905  5.7759505 1.0016363 7467.5537
a[1638]    5.7370287 0.32830185 5.2040329  6.2587063 1.0008040 6200.1700
a[1639]    5.7920074 0.25497710 5.3864587  6.1943902 1.0026070 7157.8689
a[1640]    3.9536995 0.32669716 3.4247260  4.4861676 1.0039304 6343.3616
a[1641]    4.6066727 0.32185428 4.0860828  5.1270646 1.0006056 6878.4978
a[1642]    4.8497226 0.33547378 4.3209567  5.3856995 1.0005165 7851.3373
a[1643]    4.6646366 0.32169516 4.1569484  5.1837858 1.0011675 6951.7978
a[1644]    5.6747011 0.33239790 5.1383158  6.2067490 1.0008762 7208.6926
a[1645]    5.0103171 0.31863874 4.5009010  5.5118994 1.0007271 7361.7315
a[1646]    5.2774888 0.32161609 4.7768882  5.7914999 1.0001125 6661.4393
a[1647]    5.3847807 0.33408242 4.8568098  5.9155012 1.0020334 6287.1677
a[1648]    5.9693027 0.32953004 5.4578031  6.5009723 0.9998671 7198.1974
a[1649]    4.9310078 0.33576684 4.4022441  5.4527682 1.0003377 7892.7838
a[1650]    4.9507663 0.32360643 4.4223847  5.4795883 1.0001706 6222.0362
a[1651]    4.4677058 0.32249703 3.9542449  4.9836957 0.9998753 7213.0888
a[1652]    5.5886595 0.33441007 5.0659606  6.1224208 1.0010347 6957.8275
a[1653]    4.8406050 0.32222938 4.3183726  5.3448161 1.0022751 7356.5708
a[1654]    5.5383657 0.33326605 5.0094101  6.0676425 1.0004934 6313.8747
a[1655]    5.1335665 0.25408295 4.7364727  5.5366616 1.0001728 7530.7446
a[1656]    5.2234969 0.32047271 4.7160155  5.7418595 1.0016913 7605.7331
a[1657]    5.4693414 0.32585590 4.9354981  5.9787147 0.9996797 5959.1369
a[1658]    5.2795176 0.33135697 4.7529146  5.8023167 1.0019393 6666.7311
a[1659]    5.2264110 0.33457936 4.6988047  5.7641208 1.0017748 6764.3577
a[1660]    5.2423871 0.33213128 4.7178439  5.7816451 1.0012360 8357.0297
a[1661]    5.9345023 0.32020065 5.4127026  6.4452166 1.0018890 6433.6410
a[1662]    4.7532331 0.31925438 4.2348639  5.2768004 1.0027733 6938.1948
a[1663]    5.5128186 0.32383505 5.0083218  6.0311546 1.0004840 7314.6453
a[1664]    5.1042973 0.24632938 4.7055782  5.4974847 1.0019191 7418.6884
a[1665]    5.4616991 0.33320075 4.9299721  5.9911866 1.0001042 7655.5860
a[1666]    5.2999834 0.24633146 4.9067932  5.6923363 1.0009746 7356.8489
a[1667]    5.3354746 0.32698701 4.7993285  5.8604974 1.0017867 7376.4461
a[1668]    4.5600316 0.33022581 4.0430964  5.0850087 1.0010849 6256.4991
a[1669]    4.3449394 0.32942555 3.8149606  4.8727938 1.0004587 6852.8020
a[1670]    4.9519508 0.24702274 4.5575173  5.3486791 1.0010659 7640.1811
a[1671]    5.5261337 0.24768747 5.1296306  5.9196888 1.0065232 6420.4954
a[1672]    5.2298737 0.24846000 4.8351811  5.6183760 1.0008571 6101.8808
a[1673]    5.4837655 0.32207636 4.9730833  6.0004320 0.9997808 6723.1226
a[1674]    6.1545043 0.32855700 5.6164494  6.6723702 1.0012882 6979.4858
a[1675]    5.5383559 0.24686933 5.1395397  5.9328581 0.9998822 6880.8555
a[1676]    5.4364354 0.34227660 4.9094151  5.9869727 1.0000950 6362.0641
a[1677]    5.0260499 0.33120468 4.4793016  5.5596042 1.0015275 6896.6894
a[1678]    5.3499591 0.31841100 4.8410496  5.8534600 1.0019199 7406.8285
a[1679]    5.2751025 0.32066366 4.7718180  5.7830818 1.0009880 7358.8523
a[1680]    4.1272621 0.32930480 3.6049560  4.6554663 1.0025688 6671.3300
a[1681]    5.7350234 0.25268827 5.3327982  6.1386453 1.0008959 7579.4791
a[1682]    5.7660511 0.32979536 5.2312288  6.2979734 1.0023770 8678.8516
a[1683]    5.6849680 0.33130251 5.1433401  6.2179306 0.9995142 7112.6147
a[1684]    5.0266837 0.32679857 4.5076724  5.5551743 1.0010885 6928.4327
a[1685]    4.7993042 0.33108915 4.2685853  5.3304464 1.0016379 7192.5107
a[1686]    5.7355497 0.33375039 5.1913066  6.2564391 1.0013137 7283.0386
a[1687]    5.6363265 0.33042477 5.1043948  6.1719084 1.0024970 7159.3132
a[1688]    4.0300350 0.32365267 3.5050783  4.5512206 1.0006394 6758.3756
a[1689]    5.4603556 0.33324297 4.9352284  5.9804850 0.9999802 7196.6929
a[1690]    5.2239441 0.33833649 4.6804411  5.7761437 1.0028698 7114.3571
a[1691]    6.2774137 0.32002460 5.7541073  6.7742363 0.9998070 6245.2949
a[1692]    5.0863213 0.34170513 4.5452458  5.6323125 1.0004006 6945.9017
a[1693]    5.8645428 0.32977700 5.3400640  6.3852659 1.0035571 5737.6628
a[1694]    4.3168985 0.33503044 3.7793877  4.8558196 1.0006695 4959.2203
a[1695]    5.8437227 0.32762604 5.3163680  6.3847831 1.0015638 6676.5101
a[1696]    4.9512130 0.31909913 4.4540835  5.4691853 1.0003692 6348.0476
a[1697]    5.3653011 0.32527671 4.8426787  5.8899509 1.0018943 6922.9349
a[1698]    5.1445777 0.32369523 4.6228347  5.6615578 1.0009070 7088.6572
a[1699]    5.5758403 0.33065456 5.0562147  6.0863102 1.0000040 7596.5970
a[1700]    5.6630299 0.32541682 5.1265782  6.1859800 1.0021497 6409.8995
a[1701]    5.4860966 0.32879691 4.9624740  6.0089980 1.0003856 6595.0997
a[1702]    5.0721218 0.33176894 4.5489596  5.5955364 0.9999948 6528.7936
a[1703]    5.4180569 0.33042862 4.8947924  5.9434188 1.0020470 6850.9263
a[1704]    4.3291694 0.32842589 3.8188415  4.8444338 1.0013764 6274.0415
a[1705]    4.7946465 0.34709352 4.2406654  5.3515135 1.0007781 6124.6060
a[1706]    5.0637694 0.32909443 4.5403271  5.5903605 1.0002664 6779.7438
a[1707]    6.1137120 0.32363467 5.5976979  6.6321735 1.0031261 5866.0279
a[1708]    4.3991406 0.32456912 3.8759149  4.9220809 1.0000131 7113.3907
a[1709]    4.2207934 0.32790363 3.7103458  4.7440288 1.0011874 5772.3714
a[1710]    4.1957026 0.32830307 3.6694275  4.7228933 1.0008673 6520.5605
a[1711]    5.5566076 0.32932473 5.0172006  6.0893683 1.0011437 6982.8887
a[1712]    5.1424788 0.32991208 4.6182232  5.6771836 1.0004978 6034.1495
a[1713]    4.7336633 0.32561204 4.2197373  5.2527875 1.0009676 7407.8575
a[1714]    5.5949323 0.33235047 5.0725295  6.1282145 1.0044694 7244.7401
a[1715]    4.4309948 0.34347272 3.8909945  4.9758762 1.0020257 6425.5545
a[1716]    5.4326627 0.32429547 4.9195151  5.9434286 1.0003943 5920.4160
a[1717]    5.6290505 0.32469925 5.0941055  6.1542542 1.0020874 7167.9576
a[1718]    5.1033427 0.32917273 4.5769513  5.6367012 1.0023670 5906.0225
a[1719]    5.0337781 0.33521816 4.4905369  5.5723273 1.0022100 6948.5259
a[1720]    5.1395408 0.32673241 4.6239294  5.6691052 1.0014954 6616.6475
a[1721]    4.2285861 0.32912677 3.7009527  4.7523681 1.0003758 6083.9805
a[1722]    4.9648226 0.32197379 4.4475553  5.4802899 1.0014379 6750.1745
a[1723]    4.6122397 0.33339193 4.0763761  5.1432929 1.0005144 7620.0275
a[1724]    5.0428468 0.32528168 4.5236784  5.5555913 0.9993986 7180.6644
a[1725]    5.2044079 0.33222327 4.6706345  5.7340268 1.0014146 8050.3772
a[1726]    5.8655013 0.32910648 5.3421207  6.3864487 1.0017197 6258.6334
a[1727]    5.3054674 0.32760962 4.7814923  5.8206676 1.0020199 7927.1373
a[1728]    5.6963167 0.32886388 5.1746936  6.2222519 1.0001257 7174.0298
a[1729]    5.5861076 0.31298432 5.0793469  6.0873817 1.0008966 6288.8197
a[1730]    6.0863485 0.33235334 5.5559882  6.6106700 1.0010895 5850.3724
a[1731]    4.8133744 0.33623635 4.2630163  5.3658525 1.0001371 6713.8872
a[1732]    4.7814439 0.33226979 4.2611359  5.2876338 1.0031685 6251.1883
a[1733]    5.2624822 0.33008573 4.7236419  5.7858676 1.0019874 6381.0712
a[1734]    5.3205549 0.31891079 4.8093852  5.8343107 1.0025066 5883.4469
a[1735]    4.9865433 0.33443140 4.4693568  5.5115162 1.0017969 7193.1565
a[1736]    3.7072181 0.32409500 3.2005056  4.2298637 1.0014446 5448.0963
a[1737]    4.8941906 0.32746718 4.3684799  5.4135015 1.0017161 8035.5624
a[1738]    4.7312034 0.33373657 4.2095710  5.2564786 1.0008013 7710.3276
a[1739]    5.0498827 0.34343992 4.5016203  5.5924538 1.0000216 6902.6139
a[1740]    5.4888901 0.33957380 4.9470231  6.0381521 1.0032478 8299.8596
a[1741]    4.2380590 0.33147941 3.7066739  4.7715119 1.0000646 6900.9744
a[1742]    5.3788578 0.32063178 4.8645193  5.9021977 1.0026580 6855.3752
a[1743]    5.9349709 0.32716223 5.3967951  6.4689573 1.0013500 6579.0525
a[1744]    4.4518987 0.32899226 3.9359901  4.9637734 1.0003003 6997.3478
a[1745]    4.7493267 0.32470083 4.2318456  5.2662436 1.0015879 6099.2726
a[1746]    5.1375119 0.32674989 4.6166065  5.6640853 1.0010599 8185.7635
a[1747]    5.1398176 0.31720550 4.6235875  5.6450230 1.0030495 6884.7250
a[1748]    5.7086533 0.33283730 5.1733740  6.2377491 1.0006662 7849.7735
a[1749]    4.4583338 0.32983503 3.9365943  4.9834752 1.0016808 6749.4180
a[1750]    4.1512512 0.24124454 3.7599095  4.5316545 1.0013238 5942.2420
a[1751]    5.5167421 0.31322639 5.0280465  6.0122595 1.0004325 6930.6158
a_bar      5.1166394 0.01800855 5.0879323  5.1455043 1.0002740 4342.8601
sigma_host 0.6610387 0.01705118 0.6332840  0.6881945 1.0037858 1094.3572
sigma      0.3786597 0.01630595 0.3541118  0.4065401 1.0084702  510.5903
