                         mean          sd         5.5%         94.5%      rhat
z_host[1]       -4.960376e-01 0.700201982 -1.611213854  0.6057803638 1.0005498
z_host[2]        4.456565e-01 0.473852186 -0.292644480  1.2561956545 1.0005210
z_host[3]        7.893284e-02 0.958646710 -1.452831862  1.5858370570 1.0018449
z_host[4]        7.718100e-01 0.658321820 -0.281822978  1.8226032655 1.0007144
z_host[5]        2.745992e-01 0.910884717 -1.207384166  1.7132635325 0.9999514
z_host[6]        5.599808e-02 1.000439226 -1.522069836  1.6493792280 0.9996339
z_host[7]        1.814109e-01 0.954872829 -1.320068471  1.7086744975 0.9999268
z_host[8]        2.209914e-01 0.961082595 -1.320564733  1.7764049365 1.0009459
z_host[9]        4.700849e-01 0.501722553 -0.335020808  1.2624730745 1.0025484
z_host[10]       1.702065e-01 0.934832152 -1.351271999  1.6892647810 1.0009056
z_host[11]       6.472192e-01 0.551856923 -0.224688850  1.5238130090 1.0030047
z_host[12]       4.769650e-01 0.839426742 -0.858054929  1.8172904875 1.0006317
z_host[13]       2.680130e-01 0.768162645 -0.968453386  1.5467253660 1.0042817
z_host[14]       2.401538e-01 0.690108819 -0.857741457  1.3552759120 1.0039488
z_host[15]       5.648022e-01 0.746171359 -0.596813028  1.7721270960 1.0005907
z_host[16]      -1.225533e-01 0.956032550 -1.644093459  1.4266789070 1.0017345
z_host[17]      -5.502223e-02 0.680837377 -1.122700414  1.0441634800 1.0020410
z_host[18]       1.922624e-01 0.949331015 -1.279270520  1.7262977655 1.0002104
z_host[19]      -9.591848e-02 0.968591220 -1.637706427  1.4659573995 1.0024327
z_host[20]      -7.136734e-02 0.962730627 -1.622128090  1.4948732415 1.0026859
z_host[21]      -5.025446e-02 0.946383643 -1.589583566  1.4586402430 1.0010906
z_host[22]       4.230057e-01 0.865459938 -0.974646612  1.8190729165 1.0002742
z_host[23]      -1.312686e-01 0.916506626 -1.622523349  1.2936364955 1.0011211
z_host[24]      -1.290859e-01 0.978752185 -1.675178025  1.4481837905 0.9999685
z_host[25]       3.866905e-01 0.677090233 -0.678723934  1.4792447315 1.0012308
z_host[26]       1.382784e-01 0.954090490 -1.351170251  1.6678659685 0.9998955
z_host[27]       4.706882e-01 0.779323406 -0.771417399  1.7154102645 1.0012846
z_host[28]      -8.886844e-01 0.753069918 -2.065187965  0.3305719910 1.0012694
z_host[29]      -4.242825e-01 0.404205558 -1.079700004  0.2044926363 1.0005333
z_host[30]      -2.552122e-01 0.625520150 -1.237939641  0.7229868547 1.0002359
z_host[31]      -2.233079e+00 0.245242533 -2.633792113 -1.8548463435 1.0026102
z_host[32]       3.324046e-01 0.763146804 -0.927632439  1.5521527855 1.0021022
z_host[33]       4.145805e-01 0.895120529 -1.020244513  1.8350057725 1.0003884
z_host[34]       4.559081e-02 1.002679571 -1.559242122  1.6543125725 0.9994874
z_host[35]       1.043976e-02 0.931331521 -1.445549214  1.5004173815 1.0004263
z_host[36]       4.235911e-02 0.320709922 -0.476860541  0.5484304500 1.0017966
z_host[37]      -1.309492e-01 0.906034377 -1.572646616  1.3429122775 1.0022322
z_host[38]      -6.522403e-01 0.283651126 -1.118464516 -0.2051597021 1.0030190
z_host[39]       1.335204e-01 0.986483103 -1.440646172  1.6972781930 1.0003789
z_host[40]       8.378133e-01 0.336208830  0.317106184  1.3864004900 1.0004646
z_host[41]      -1.224372e-01 0.487040984 -0.914492921  0.6309450459 1.0003196
z_host[42]       1.250585e-01 0.826922997 -1.188143947  1.4633058890 1.0001449
z_host[43]       1.855446e-01 0.952657672 -1.329951511  1.6837687580 1.0008024
z_host[44]       2.547389e-01 0.705667303 -0.854849572  1.3992991925 1.0010123
z_host[45]      -1.625279e-01 0.963952855 -1.702727605  1.3700147040 1.0019261
z_host[46]       5.397870e-01 0.494981540 -0.241671264  1.3323786380 1.0009947
z_host[47]       6.336246e-02 0.970563893 -1.461347730  1.5967880050 1.0003539
z_host[48]       4.707325e-01 0.327416939 -0.068181507  0.9885511937 1.0011556
z_host[49]       2.186074e-01 0.937821819 -1.240778126  1.7487856535 1.0014586
z_host[50]      -8.623693e-01 0.760523864 -2.058532355  0.3529747055 1.0013366
z_host[51]       3.235413e-01 0.887331490 -1.080310998  1.7468666240 1.0009512
z_host[52]       3.964644e-01 0.702965759 -0.710146743  1.5221739900 1.0017570
z_host[53]      -1.359123e-01 0.925655719 -1.626324663  1.3295031800 1.0009099
z_host[54]       1.225335e-01 0.955181620 -1.407052890  1.6370413440 1.0010830
z_host[55]       4.579266e-01 0.793962508 -0.849554881  1.7402309850 1.0000781
z_host[56]      -1.453299e-01 0.905054615 -1.626799824  1.3101903325 1.0010674
z_host[57]      -4.117226e-01 0.741336765 -1.558290950  0.7847935369 1.0007555
z_host[58]       5.951421e-01 0.502251851 -0.189897815  1.4306214740 1.0002338
z_host[59]       1.036409e-01 0.972637719 -1.440102206  1.7026821675 0.9998348
z_host[60]       7.509836e-02 0.980579958 -1.529232953  1.6401545400 1.0007289
z_host[61]      -2.404987e-02 0.840963735 -1.352629507  1.2911404750 0.9997212
z_host[62]      -8.361338e-02 0.891812343 -1.491676683  1.3731311610 1.0017255
z_host[63]      -7.605819e-01 0.831903414 -2.064034359  0.5909633732 1.0025473
z_host[64]       1.462564e-01 0.643376606 -0.896033932  1.1902110935 0.9999154
z_host[65]       7.362378e-02 0.986102108 -1.490374894  1.6186665300 1.0004407
z_host[66]       2.943783e-01 0.918988864 -1.176489291  1.7280257275 1.0003744
z_host[67]      -1.641184e-01 0.963925202 -1.709126909  1.3543862430 0.9998350
z_host[68]       1.914819e-01 0.821547292 -1.105792010  1.5160068515 0.9995398
z_host[69]      -1.401865e-01 0.852540405 -1.509511183  1.2116083555 1.0008663
z_host[70]       2.085123e-01 0.935898734 -1.280046938  1.6976516900 1.0000207
z_host[71]      -5.245069e-01 0.423602378 -1.194609136  0.1517023204 1.0012029
z_host[72]       4.920626e-01 0.689150806 -0.627246623  1.5794772080 1.0005501
z_host[73]       4.884951e-01 0.842923162 -0.846387621  1.8391482370 1.0018549
z_host[74]       4.437891e-01 0.451245463 -0.298059645  1.1555188360 1.0008018
z_host[75]      -2.318275e-01 0.668081598 -1.298949576  0.8094930178 1.0014296
z_host[76]       1.681642e-01 0.377598864 -0.427723780  0.7735638569 1.0011590
z_host[77]       7.604598e-02 0.994697964 -1.530955995  1.6407284315 1.0052201
z_host[78]       9.343033e-02 0.982013716 -1.484654035  1.6679634005 1.0014054
z_host[79]      -1.669846e-01 0.638441671 -1.194158217  0.8416293543 1.0004347
z_host[80]       4.980682e-01 0.216074279  0.156241618  0.8438083764 1.0010355
z_host[81]       6.960212e-02 0.959737275 -1.476587175  1.6161116465 1.0038979
z_host[82]       1.278889e-01 0.953604994 -1.384395379  1.6672300080 1.0005332
z_host[83]       1.206788e-01 0.959799312 -1.439875289  1.6560201820 1.0011768
z_host[84]       1.009019e-02 0.947925125 -1.524273364  1.4983687650 1.0001795
z_host[85]       8.419340e-02 0.977432652 -1.477880067  1.6533210360 1.0016472
z_host[86]       5.948286e-01 0.567148695 -0.324585039  1.5006970670 1.0011127
z_host[87]       7.257506e-01 0.567165097 -0.182289833  1.6245554300 1.0018599
z_host[88]       3.668937e-01 0.726797237 -0.791940381  1.5371947525 1.0009839
z_host[89]       1.018729e+00 0.521394509  0.174898013  1.8532495210 1.0013732
z_host[90]       2.718657e-01 0.939051590 -1.226529432  1.7659141210 1.0000830
z_host[91]       1.252506e-01 0.979716529 -1.440815133  1.6819499370 1.0019098
z_host[92]       1.696606e-01 0.857904443 -1.226054644  1.5383412360 1.0037464
z_host[93]       1.725044e-01 0.931121889 -1.281907417  1.6538562625 1.0019166
z_host[94]       1.642848e-01 0.979701024 -1.379645733  1.7177426405 1.0017581
z_host[95]       7.679209e-01 0.647395424 -0.262368693  1.8009637810 1.0011996
z_host[96]       4.389216e-01 0.801922506 -0.841691504  1.7148052740 0.9993311
z_host[97]      -4.529991e-01 0.501445516 -1.248073953  0.3349717499 1.0011962
z_host[98]      -3.171496e-01 0.845996207 -1.640134218  1.0336407065 1.0017153
z_host[99]      -4.979921e-01 0.931578568 -2.005799942  0.9732651582 1.0002677
z_host[100]      2.965473e-01 0.909174601 -1.157866695  1.7138508360 1.0014135
z_host[101]      7.116897e-02 0.984731173 -1.492716912  1.6134736760 1.0007176
z_host[102]      2.835025e-01 0.732145330 -0.889883852  1.4441321890 0.9995640
z_host[103]     -1.854063e-01 0.902834107 -1.641016696  1.2642862735 1.0005586
z_host[104]      1.381825e-01 0.975361922 -1.368464569  1.7030255260 1.0020525
z_host[105]      8.734485e-01 0.616687974 -0.123297061  1.8497260915 0.9999625
z_host[106]      1.048662e-01 0.857846277 -1.257768101  1.5055667290 1.0063311
z_host[107]      2.409476e-01 0.919391644 -1.209266819  1.7073680800 1.0001592
z_host[108]      1.300723e-01 0.969747780 -1.444448837  1.6578902225 1.0017094
z_host[109]      2.672354e-01 0.884368788 -1.143459095  1.6714329165 1.0005581
z_host[110]     -1.986378e-01 0.877622172 -1.600475537  1.1971696145 1.0030970
z_host[111]      8.063964e-02 0.974562964 -1.471531241  1.6553197325 1.0017388
z_host[112]      7.182485e-01 0.456704015 -0.022426357  1.4441344370 1.0012378
z_host[113]      7.911364e-02 0.993334399 -1.518714548  1.6631405535 1.0006883
z_host[114]      3.338111e-01 0.878857393 -1.094936263  1.7405681610 1.0018761
z_host[115]      1.418378e-01 0.888530347 -1.256177827  1.5490444100 1.0024878
z_host[116]      1.229945e-02 0.915116359 -1.433765697  1.4335486870 1.0019306
z_host[117]      4.137124e-01 0.868701248 -0.978651932  1.7873706725 1.0019512
z_host[118]     -1.584063e+00 0.380052831 -2.199870276 -0.9856600470 1.0012679
z_host[119]      1.187062e-01 0.983451897 -1.447876077  1.6928982750 1.0022920
z_host[120]      5.280227e-01 0.609986882 -0.454073362  1.5076152215 0.9999559
z_host[121]     -6.325990e-02 0.984109119 -1.635724982  1.5066576015 1.0050429
z_host[122]      6.479960e-02 0.994500189 -1.539374080  1.6451424240 1.0020360
z_host[123]      1.824068e-01 0.266504114 -0.237669026  0.6004918742 1.0007763
z_host[124]      9.587587e-02 0.948598091 -1.466641978  1.6097213630 0.9998109
z_host[125]      6.976374e-01 0.593739836 -0.226628519  1.6226141190 1.0017923
z_host[126]      3.330561e-01 0.829347298 -0.996196919  1.6906935235 1.0029693
z_host[127]     -2.234498e-02 0.487393560 -0.805010929  0.7629127107 0.9996379
z_host[128]      3.477573e-01 0.798725542 -0.911513743  1.6205118660 1.0011002
z_host[129]      2.985679e-01 0.877099497 -1.122562537  1.7095125890 1.0006126
z_host[130]      5.231435e-02 0.820088632 -1.266951921  1.3436455740 1.0020153
z_host[131]      1.081608e-01 0.946223818 -1.375587822  1.6311976025 1.0008926
z_host[132]      2.518158e-01 0.699494472 -0.888824911  1.3877165000 1.0004847
z_host[133]      6.620007e-02 0.944577199 -1.426255466  1.6061997965 0.9997168
z_host[134]      2.626852e-01 0.938128948 -1.215828150  1.7840984905 0.9997356
z_host[135]      7.975817e-01 0.714553238 -0.355727162  1.9326082885 1.0020147
z_host[136]     -2.800710e-01 0.543582650 -1.151508611  0.5872417160 1.0023584
z_host[137]      1.331127e-01 0.954828062 -1.357964995  1.6679815480 1.0044381
z_host[138]     -5.992131e-02 0.744332987 -1.236980475  1.1222272805 1.0028776
z_host[139]      2.587444e-01 0.864547990 -1.130649049  1.6275392245 0.9998673
z_host[140]      2.057429e-01 0.935405677 -1.262306340  1.6867382045 1.0021343
z_host[141]     -1.061888e-01 1.017687111 -1.748459277  1.5461858270 1.0019032
z_host[142]      6.050343e-01 0.722337228 -0.527715308  1.7602353520 1.0010699
z_host[143]      5.694965e-01 0.751445826 -0.611513693  1.7573653390 1.0007137
z_host[144]      1.081301e-01 0.939607047 -1.363613418  1.6049287820 1.0016973
z_host[145]      6.579199e-02 0.962039407 -1.449349568  1.6100615885 0.9995787
z_host[146]      2.318786e-01 0.392716189 -0.382041653  0.8603546982 0.9997027
z_host[147]      6.816547e-01 0.587939153 -0.245812956  1.6243814450 1.0001276
z_host[148]      6.686959e-02 0.995049056 -1.521462168  1.6185377985 1.0015277
z_host[149]      1.334659e-01 0.968740217 -1.432077371  1.6936205735 1.0008258
z_host[150]      3.449373e-01 0.603373562 -0.615958684  1.2993432640 1.0011236
z_host[151]      5.791465e-01 0.452250582 -0.122856212  1.3123097670 1.0006029
z_host[152]      1.301000e-01 0.955728260 -1.384149220  1.6452357280 1.0007096
z_host[153]      2.781731e-01 0.493573246 -0.510300332  1.0652224045 1.0001689
z_host[154]      1.706839e-01 0.910718718 -1.264424628  1.6362616495 1.0026127
z_host[155]      4.573541e-01 0.510770379 -0.357786177  1.2719076625 0.9999562
z_host[156]      1.926783e-01 0.953047449 -1.365948999  1.6914709380 1.0004787
z_host[157]      4.508148e-01 0.857908124 -0.887957884  1.8726625615 1.0008214
z_host[158]      3.578718e-01 0.888951588 -1.032735871  1.7934335125 1.0007932
z_host[159]      1.974027e-01 0.353426861 -0.369500131  0.7731082778 1.0002053
z_host[160]     -4.283371e-01 0.326388665 -0.955145787  0.0931771950 0.9998200
z_host[161]      5.166380e-01 0.709521559 -0.627935994  1.6588077940 1.0002497
z_host[162]      4.755792e-01 0.841400500 -0.855548525  1.8126398050 1.0006725
z_host[163]      7.222538e-01 0.596935215 -0.234798022  1.6765202550 1.0006670
z_host[164]      3.186128e-01 0.813638780 -1.005075518  1.6120321135 1.0010474
z_host[165]      3.413890e-01 0.415837466 -0.319711647  0.9982869137 0.9999667
z_host[166]      1.488290e-01 0.956922909 -1.397404228  1.6509414575 0.9998902
z_host[167]     -5.871192e-01 0.811630797 -1.890598191  0.7070758372 1.0036794
z_host[168]      5.351844e-01 0.695883879 -0.534679952  1.6311197420 1.0012171
z_host[169]     -2.888706e-02 0.788974293 -1.253907036  1.2094633650 1.0010356
z_host[170]      1.281698e-01 0.863964329 -1.251076983  1.5013947805 1.0001095
z_host[171]     -6.817114e-02 0.929830344 -1.554313295  1.3947138795 1.0008326
z_host[172]      2.403332e-01 0.845947817 -1.105738392  1.5976838625 1.0048140
z_host[173]      4.902507e-02 0.811135262 -1.244827587  1.3299446225 1.0012394
z_host[174]      8.633102e-02 0.929576821 -1.423364221  1.5630491880 1.0000821
z_host[175]      4.026442e-01 0.767531865 -0.821859182  1.6338670045 1.0003448
z_host[176]      1.225279e-01 0.916619640 -1.362523466  1.5835044045 1.0023126
z_host[177]      3.828913e-01 0.518689868 -0.434186777  1.2190637805 1.0019232
z_host[178]     -3.678449e-01 0.898462497 -1.798662355  1.0429771955 1.0033373
z_host[179]     -8.669204e-01 0.685663590 -1.978246114  0.2328655739 1.0014926
z_host[180]      2.048343e-01 0.739868543 -0.948700675  1.3606789325 1.0016407
z_host[181]      6.849213e-01 0.553220651 -0.183367734  1.5622351065 0.9998919
z_host[182]     -2.660870e-01 0.953120628 -1.791639283  1.2639609945 1.0017018
z_host[183]      2.425273e-01 0.900527110 -1.178922279  1.7130733275 0.9999197
z_host[184]      5.248667e-02 0.977961543 -1.496248283  1.6102428515 1.0012732
z_host[185]      1.172756e-01 0.948974754 -1.380773434  1.6538880460 1.0008333
z_host[186]      7.326299e-02 0.957557760 -1.487415242  1.6188009270 0.9998710
z_host[187]      1.440381e-01 0.969597454 -1.364954582  1.6698875600 0.9999841
z_host[188]      3.137087e-01 0.723694184 -0.814298837  1.4701940435 1.0008005
z_host[189]     -1.519151e+00 0.453392915 -2.250824047 -0.7871315035 1.0004023
z_host[190]      5.731427e-01 0.578023097 -0.344389708  1.4941863740 1.0007687
z_host[191]      5.346409e-01 0.343134333 -0.008185335  1.0709209515 1.0001819
z_host[192]      1.872075e-01 0.900557886 -1.224357553  1.6214097345 1.0010803
z_host[193]      6.935061e-01 0.607310228 -0.277892538  1.6732056710 1.0007236
z_host[194]      4.053053e-01 0.563627672 -0.485065621  1.3154951900 1.0001613
z_host[195]     -2.136812e-01 0.516085472 -1.043650487  0.6051680941 1.0018913
z_host[196]     -2.344664e-01 0.971874965 -1.786739497  1.3322298295 1.0019591
z_host[197]      4.120889e-01 0.472501513 -0.311563159  1.1667335570 1.0001960
z_host[198]      7.900366e-02 0.998656215 -1.505222915  1.6640518375 1.0001103
z_host[199]     -2.077467e-01 0.860227261 -1.576924289  1.1683348985 1.0008066
z_host[200]      5.175706e-03 0.926823245 -1.483097738  1.4855897300 0.9996673
z_host[201]      7.235248e-01 0.528716120 -0.112427323  1.5848375865 1.0011955
z_host[202]      4.998234e-01 0.793022128 -0.769328795  1.7672986950 1.0028527
z_host[203]      7.408464e-02 0.994170389 -1.504195950  1.6714348985 0.9999639
z_host[204]      2.324844e-01 0.316337407 -0.272074656  0.7373590797 1.0022151
z_host[205]      5.451945e-01 0.671435204 -0.516910703  1.6318898360 1.0003037
z_host[206]     -6.736019e-01 0.961874184 -2.199533029  0.9026399770 1.0012901
z_host[207]      2.314473e-01 0.870110020 -1.203367299  1.6405050495 1.0005795
z_host[208]      5.423417e-01 0.793349483 -0.728953796  1.8026568410 1.0010513
z_host[209]      4.534577e-01 0.872854602 -0.914804056  1.8578338270 1.0015587
z_host[210]     -1.964588e-01 0.896315410 -1.610607213  1.2252887765 1.0015311
z_host[211]      2.638683e-01 0.903147585 -1.188195430  1.7196152255 1.0011115
z_host[212]      6.614321e-02 1.005942964 -1.515947947  1.6759820095 1.0006610
z_host[213]      1.344143e-01 0.947672268 -1.388699429  1.6368202690 1.0002650
z_host[214]      5.469035e-01 0.795787019 -0.694457000  1.8415457940 1.0003914
z_host[215]     -1.291161e-01 0.605906218 -1.108638601  0.8269979869 1.0004913
z_host[216]      4.910661e-01 0.474171804 -0.269876263  1.2511578050 1.0007077
z_host[217]      1.421664e-01 0.967068430 -1.400630896  1.6898132300 1.0018358
z_host[218]      4.464449e-01 0.864152248 -0.933534484  1.8276613845 1.0007767
z_host[219]      1.299521e-01 0.755215918 -1.073935599  1.3781169120 1.0008436
z_host[220]      7.074222e-01 0.624949670 -0.306533144  1.7202371265 1.0007239
z_host[221]     -3.773967e-01 0.766467962 -1.614739682  0.8158353506 1.0001931
z_host[222]      1.174387e-01 0.802323195 -1.162210525  1.3859842460 1.0004398
z_host[223]      3.225965e-01 0.912522251 -1.169240758  1.8027143210 1.0008004
z_host[224]      4.846306e-01 0.785811415 -0.756436981  1.7346456970 1.0007551
z_host[225]      8.497762e-02 0.993061036 -1.465846246  1.7054315560 0.9995515
z_host[226]     -2.054992e-01 0.938055060 -1.704201454  1.3028249735 1.0015593
z_host[227]      2.600557e-01 0.950782014 -1.235889693  1.7879495015 1.0004479
z_host[228]      2.811326e-01 0.578527195 -0.674840192  1.1981001275 1.0009210
z_host[229]     -1.775125e-01 0.951441287 -1.737133903  1.3578801115 1.0000719
z_host[230]     -1.075868e+00 0.673136344 -2.141403378 -0.0053597186 1.0003047
z_host[231]      8.080880e-02 1.005471149 -1.511956370  1.6873274445 1.0021709
z_host[232]      1.220857e-01 0.988617397 -1.458427811  1.7161209035 1.0025135
z_host[233]     -3.678614e-01 0.771859478 -1.588113459  0.8448903331 1.0030251
z_host[234]     -6.257171e-02 0.907301183 -1.524470812  1.3613426290 1.0000132
z_host[235]      5.060253e-01 0.487318866 -0.268530261  1.2737325015 1.0001782
z_host[236]      1.307613e-01 0.917868838 -1.359105670  1.5795280860 0.9997877
z_host[237]      4.356598e-02 0.934041997 -1.493097932  1.5346545355 0.9996827
z_host[238]     -6.293510e-03 0.454195161 -0.725988176  0.6983666458 1.0001372
z_host[239]      6.620732e-02 0.994429789 -1.487884473  1.6236899185 1.0003398
z_host[240]      4.448371e-01 0.853698307 -0.914438839  1.8075206670 1.0007213
z_host[241]      3.991571e-02 0.756642162 -1.155335731  1.2577735585 1.0013251
z_host[242]     -1.299035e+00 0.395488079 -1.937226344 -0.6615732042 1.0004042
z_host[243]      7.703387e-01 0.521396352 -0.048050614  1.5981627220 1.0026388
z_host[244]     -3.590389e-02 0.972139095 -1.617454907  1.5339337930 1.0008708
z_host[245]     -6.870865e-02 0.747409021 -1.289648281  1.1167143235 0.9996087
z_host[246]      5.521500e-02 0.914476927 -1.413899455  1.4868125715 1.0006644
z_host[247]      3.895130e-01 0.818624532 -0.915895844  1.6785743315 1.0014501
z_host[248]      7.144146e-02 0.985108087 -1.495913062  1.6635066490 1.0009254
z_host[249]      2.782688e-01 0.868977887 -1.109796204  1.6432138505 1.0003856
z_host[250]     -7.709639e-01 0.698720026 -1.883311206  0.3555711578 1.0001591
z_host[251]      5.219026e-01 0.776588320 -0.726037208  1.7827996240 1.0002688
z_host[252]      7.010555e-02 0.968935744 -1.497487286  1.6323885060 1.0022814
z_host[253]     -3.345593e-01 0.620285386 -1.335384500  0.6776550699 1.0022141
z_host[254]      5.294544e-02 0.860511009 -1.289349313  1.4127083080 1.0001767
z_host[255]     -3.552356e-01 0.959858202 -1.853657732  1.1615892320 1.0008113
z_host[256]      6.570438e-02 0.998627681 -1.513817761  1.6290439690 1.0001661
z_host[257]      7.934721e-02 0.967829424 -1.489860122  1.5922710115 1.0003838
z_host[258]     -6.074938e-02 0.966707653 -1.625939472  1.4641008775 1.0002896
z_host[259]      4.715629e-01 0.563336635 -0.431602161  1.3630005765 1.0050442
z_host[260]      3.618640e-01 0.884845418 -1.036705017  1.7697546960 1.0011157
z_host[261]      3.319170e-01 0.753574840 -0.871600372  1.5351444240 1.0006681
z_host[262]      1.907839e-01 0.426260620 -0.481754355  0.8793788036 1.0001032
z_host[263]      1.307664e-01 0.970403767 -1.428347943  1.6940018815 0.9998718
z_host[264]     -1.659496e+00 0.310638532 -2.166556917 -1.1806118555 1.0012571
z_host[265]     -4.467895e-02 0.955578345 -1.554460843  1.5024442260 1.0006038
z_host[266]     -3.646743e-02 0.930704107 -1.525265478  1.4570366020 1.0019581
z_host[267]      6.861003e-01 0.635221108 -0.310516175  1.6790919595 1.0011711
z_host[268]     -2.207941e-01 0.799795388 -1.485195175  1.0634575245 0.9994805
z_host[269]      7.448910e-02 0.751655460 -1.139133090  1.2770757370 1.0005702
z_host[270]      3.005738e-01 0.609080319 -0.668510354  1.2626586110 1.0008257
z_host[271]      7.271215e-02 0.976783262 -1.464872055  1.6223528425 1.0036437
z_host[272]      3.901843e-01 0.637647301 -0.641384305  1.4267975880 1.0011783
z_host[273]      2.760726e-01 0.915132433 -1.183700374  1.7573334195 1.0000294
z_host[274]      1.325307e-01 0.274877366 -0.302598824  0.5763381216 1.0012738
z_host[275]      4.852573e-01 0.800924028 -0.785481609  1.7678492645 1.0013954
z_host[276]     -5.941026e-02 0.624196481 -1.056976534  0.9374127516 1.0023144
z_host[277]      2.580938e-01 0.847103290 -1.093028132  1.6384527010 1.0031233
z_host[278]     -1.280237e-01 0.790754973 -1.408938698  1.1261471210 1.0015224
z_host[279]      1.134808e-01 0.974169816 -1.459803818  1.6547392615 1.0021224
z_host[280]      2.809153e-01 0.910853181 -1.164299994  1.7548229335 1.0022396
z_host[281]      5.062600e-02 0.969768600 -1.498707470  1.6065925585 0.9995782
z_host[282]     -6.467491e-01 0.974136445 -2.213220751  0.9321426677 1.0027050
z_host[283]     -1.305546e-01 0.837697919 -1.457400786  1.2205874565 1.0032047
z_host[284]     -5.838222e-01 0.785293635 -1.821159440  0.6909678320 1.0020668
z_host[285]      3.466581e-01 0.893311296 -1.086651064  1.7599962150 1.0013599
z_host[286]      2.345460e-01 0.951723362 -1.278988251  1.7875376505 1.0009062
z_host[287]     -4.191461e-01 0.481996451 -1.180922176  0.3316511454 1.0005915
z_host[288]      2.524276e-01 0.945927831 -1.262712817  1.7717647600 1.0019952
z_host[289]      5.423621e-02 0.997446679 -1.563464554  1.6451815710 1.0011007
z_host[290]     -5.952967e-02 0.963241736 -1.600346835  1.4848315775 1.0010010
z_host[291]      2.887441e-01 0.884040928 -1.117030943  1.7140634880 0.9997054
z_host[292]      1.454472e-01 0.951641732 -1.409813862  1.6427312830 1.0016891
z_host[293]      4.614996e-01 0.656696798 -0.587726341  1.4811095275 1.0008338
z_host[294]     -5.694579e-02 0.539277867 -0.924413007  0.7819258803 1.0007001
z_host[295]      6.246395e-01 0.608073717 -0.348548507  1.5784324005 1.0009906
z_host[296]      1.064913e-01 0.979070369 -1.446513700  1.6985461865 1.0009165
z_host[297]      1.739488e-01 0.899725101 -1.254890156  1.6007135765 1.0014444
z_host[298]     -1.736196e-01 0.828467843 -1.503635334  1.1638054550 1.0029536
z_host[299]     -1.692351e-01 0.947619798 -1.641471472  1.3363390405 1.0002113
z_host[300]      5.850874e-01 0.784810160 -0.675394611  1.8388376475 1.0022829
z_host[301]      8.590867e-01 0.517439006  0.036707706  1.6771961260 0.9997560
z_host[302]     -1.565335e-02 0.973306840 -1.595245212  1.5318662105 1.0004235
z_host[303]     -2.992043e-01 0.620975550 -1.284660812  0.6912235314 1.0016300
z_host[304]      1.270583e-01 0.963606956 -1.410478149  1.6629853615 1.0015298
z_host[305]     -4.173018e-01 0.898545808 -1.851123065  1.0609045320 1.0013118
z_host[306]      6.801154e-01 0.721145580 -0.459588351  1.8291093205 1.0014154
z_host[307]      7.818061e-01 0.666744629 -0.276751313  1.8624604620 1.0018273
z_host[308]      6.153428e-01 0.571610203 -0.307515645  1.5250586105 1.0012270
z_host[309]     -2.652030e-01 0.672575909 -1.340177703  0.7994155452 1.0005956
z_host[310]      4.386416e-01 0.803751591 -0.846431731  1.7162379500 1.0001707
z_host[311]      3.291206e-01 0.658016451 -0.723352600  1.3719792360 1.0012227
z_host[312]      3.461867e-01 0.846623603 -0.997282439  1.7011159570 1.0021202
z_host[313]      7.032495e-01 0.635162175 -0.297172813  1.7386207850 0.9998284
z_host[314]      6.279269e-01 0.694945363 -0.490784513  1.7655594905 1.0007328
z_host[315]     -2.196037e-01 0.962610750 -1.748421578  1.3241668285 1.0008835
z_host[316]      4.092545e-01 0.702631903 -0.692659882  1.5487169905 1.0011398
z_host[317]      8.173543e-02 0.996980228 -1.528704860  1.6515723390 1.0022977
z_host[318]      1.167840e-01 0.560708842 -0.785065742  1.0275073500 1.0015159
z_host[319]      5.523523e-01 0.801273461 -0.711439447  1.8262873665 1.0005280
z_host[320]      2.462877e-01 0.893122255 -1.170597515  1.6711485970 0.9998980
z_host[321]     -1.267615e-01 0.803969237 -1.413253197  1.1278693795 1.0019814
z_host[322]      2.174511e-01 0.592841381 -0.717022907  1.1621021605 1.0009926
z_host[323]      3.173661e-01 0.905589725 -1.136450918  1.7737655290 1.0012206
z_host[324]      2.210316e-01 0.869432583 -1.151003626  1.6230018355 1.0000301
z_host[325]      7.378360e-02 0.986388931 -1.479698421  1.6844144610 1.0008410
z_host[326]      8.358600e-01 0.489486438  0.048472673  1.6075054460 1.0015475
z_host[327]      4.363170e-01 0.643466742 -0.589195246  1.4641402435 1.0003741
z_host[328]      3.571003e-01 0.793855480 -0.895360141  1.6501510725 1.0000730
z_host[329]     -3.317612e-01 0.444912011 -1.046458816  0.3658374222 1.0019782
z_host[330]      4.711168e-02 0.839776369 -1.281572128  1.3578060805 1.0009251
z_host[331]      7.037782e-02 0.968264797 -1.514191067  1.6428215790 1.0002086
z_host[332]      5.421580e-01 0.501327316 -0.262690104  1.3367069790 0.9995639
z_host[333]      6.584865e-02 1.016834580 -1.593772794  1.6802730915 1.0030648
z_host[334]     -3.347055e-02 0.977390409 -1.582062437  1.5566021710 0.9995532
z_host[335]      1.479789e-01 0.968724311 -1.405112963  1.6789952615 1.0005532
z_host[336]      5.801481e-02 0.897954665 -1.364635297  1.5084604825 1.0006303
z_host[337]     -6.618429e-02 0.838108544 -1.443903668  1.2667290485 1.0006062
z_host[338]      3.375943e-01 0.893935369 -1.105927486  1.7530353825 1.0019761
z_host[339]     -7.462550e-01 0.273258988 -1.193737157 -0.3112317537 1.0010673
z_host[340]      4.395687e-01 0.815110732 -0.884961298  1.7415592465 1.0009895
z_host[341]      7.712218e-02 0.987208488 -1.488939403  1.6491687920 1.0006065
z_host[342]      7.412199e-02 0.984231133 -1.473045444  1.6647981410 1.0016077
z_host[343]      3.035057e-01 0.682939664 -0.793261606  1.3984061040 0.9998157
z_host[344]     -3.315519e-02 0.976284333 -1.594887362  1.5311812625 1.0006874
z_host[345]      1.635268e-01 0.810012476 -1.162166379  1.4894801085 1.0016711
z_host[346]      6.890356e-01 0.730966567 -0.478952115  1.8568184350 1.0000476
z_host[347]      4.882164e-01 0.829349880 -0.832517616  1.8291081440 1.0007658
z_host[348]      2.212146e-01 0.897824607 -1.177936637  1.6687111575 1.0005990
z_host[349]      3.329969e-01 0.865302753 -1.049706433  1.7125767150 1.0008928
z_host[350]     -1.033952e+00 0.942670898 -2.512029752  0.4583093592 1.0017806
z_host[351]      7.145360e-01 0.736584247 -0.468481522  1.9251771695 1.0008549
z_host[352]      1.974442e-01 0.476655857 -0.540259425  0.9590917582 1.0006434
z_host[353]      1.203579e-01 0.944368967 -1.392901860  1.6587205995 1.0003845
z_host[354]      2.341445e-01 0.932856718 -1.258706627  1.7297101045 1.0005618
z_host[355]      1.169986e-01 0.953773562 -1.385563080  1.6254888725 1.0003863
z_host[356]      5.251272e-01 0.835938819 -0.823330225  1.8288704315 1.0021575
z_host[357]      6.777034e-02 0.588939732 -0.865406100  1.0094094405 1.0006735
z_host[358]      2.092111e-01 0.855986473 -1.155875991  1.5797903925 1.0019502
z_host[359]      2.204138e-01 0.937150062 -1.229860676  1.7188634230 1.0000753
z_host[360]     -4.644787e-01 0.683128338 -1.541165443  0.6211710654 1.0010527
z_host[361]      2.328139e-01 0.902973285 -1.254505796  1.6831020110 1.0012951
z_host[362]      5.507854e-02 0.990943820 -1.517624527  1.5969380030 1.0000941
z_host[363]     -6.585108e-01 0.704935098 -1.777179436  0.4753196958 1.0018741
z_host[364]      1.246959e-01 0.899940778 -1.316393164  1.5633445175 1.0009957
z_host[365]     -6.878529e-02 0.791511695 -1.334251842  1.2283956850 1.0027100
z_host[366]     -1.973641e+00 0.325446187 -2.493103545 -1.4650559345 1.0010501
z_host[367]     -2.289815e-01 0.985420355 -1.800333334  1.4043920045 1.0007618
z_host[368]      3.097436e-01 0.603101793 -0.641390116  1.2437958240 0.9999237
z_host[369]     -1.685520e-01 0.906069502 -1.577658460  1.2983931735 1.0028853
z_host[370]     -1.183379e-01 0.977775955 -1.665551067  1.4463496470 1.0008223
z_host[371]     -8.711330e-01 0.844554035 -2.264072159  0.4752269436 1.0004631
z_host[372]      1.418951e-01 0.971677505 -1.399653963  1.6612733205 1.0010773
z_host[373]      2.631765e-01 0.920899993 -1.210154369  1.7555600630 1.0010665
z_host[374]      1.201658e-01 0.980845903 -1.447440064  1.6941632880 1.0009264
z_host[375]      2.537658e-01 0.407600397 -0.398110077  0.9204284510 1.0007878
z_host[376]      3.319813e-01 0.764270924 -0.880315558  1.5515657940 1.0024817
z_host[377]     -9.332512e-02 1.003244763 -1.716325336  1.4957775880 1.0026194
z_host[378]      7.037440e-01 0.624964772 -0.280396561  1.6965572790 1.0004290
z_host[379]      1.755503e-01 0.690527025 -0.905040928  1.2622146985 1.0002738
z_host[380]      2.842722e-01 0.854387409 -1.055642059  1.6314638765 1.0005470
z_host[381]      4.223792e-01 0.809010898 -0.866012764  1.7056223385 0.9997069
z_host[382]      1.163098e-01 0.908013805 -1.341418293  1.5854980265 1.0024381
z_host[383]     -2.063522e-01 0.655641931 -1.254821002  0.8375295059 1.0003299
z_host[384]     -2.191474e-01 0.260739415 -0.628793414  0.2019350620 1.0007985
z_host[385]      3.957001e-01 0.878478906 -1.013023391  1.7919509585 1.0010447
z_host[386]      3.576175e-01 0.464828413 -0.368325206  1.1065528560 1.0009297
z_host[387]      1.550449e-01 0.355224029 -0.401166299  0.7303298230 1.0008247
z_host[388]      1.359126e-01 0.916292519 -1.292327419  1.5877161830 1.0023024
z_host[389]     -1.289090e-02 0.823203676 -1.294753758  1.3577594045 1.0012211
z_host[390]     -3.309201e-01 0.559028197 -1.209304463  0.5530208765 1.0004447
z_host[391]      1.869791e-01 0.934619453 -1.252786932  1.6938092940 1.0021770
z_host[392]      2.982954e-02 0.869691968 -1.364371637  1.4213411785 1.0008069
z_host[393]      4.756044e-01 0.683517246 -0.596129144  1.5563677805 1.0010157
z_host[394]      1.633581e-01 0.333291188 -0.384615631  0.6977744911 1.0011304
z_host[395]      1.679073e-01 0.388851212 -0.465137951  0.7907250713 1.0003481
z_host[396]     -4.473501e-01 0.335939015 -0.989701971  0.0988049611 1.0009094
z_host[397]      2.834283e-01 0.522597212 -0.540922840  1.1154936205 1.0013844
z_host[398]      5.016069e-01 0.831472609 -0.805174888  1.8432465625 1.0017246
z_host[399]      4.018269e-01 0.879730874 -1.000820193  1.8097381845 0.9997179
z_host[400]     -4.331341e-01 0.858179563 -1.813305065  0.9503755526 1.0005495
z_host[401]      5.583579e-01 0.610859266 -0.430523487  1.5641313755 1.0012904
z_host[402]      2.006428e-01 0.928745588 -1.281380469  1.7040384470 1.0008626
z_host[403]     -2.940799e-01 0.471665030 -1.040194679  0.4566062565 1.0034433
z_host[404]      1.744820e-01 0.965013104 -1.335000397  1.6919328600 1.0011064
z_host[405]     -2.044568e+00 0.491358288 -2.809989367 -1.2610130410 1.0006072
z_host[406]     -8.016651e-01 0.397294025 -1.436787930 -0.1610081435 1.0005194
z_host[407]     -5.220058e-01 0.836994332 -1.877477322  0.8221774135 1.0016799
z_host[408]      4.760417e-01 0.515659157 -0.358045014  1.3031938730 1.0005448
z_host[409]     -4.899268e-01 0.470453196 -1.220902369  0.2652575574 1.0003632
z_host[410]     -2.301473e-01 0.971827399 -1.795382985  1.3019615475 1.0003349
z_host[411]      2.408960e-01 0.926653999 -1.216194599  1.7262616235 1.0037773
z_host[412]     -1.658533e-02 0.924705090 -1.481392180  1.4645261050 1.0012475
z_host[413]     -3.681885e-01 0.858971093 -1.764992884  1.0039645310 1.0009730
z_host[414]     -4.192549e-01 0.408864569 -1.056850106  0.2523225451 1.0003754
z_host[415]      1.362368e-01 0.539226579 -0.726259473  0.9939555695 1.0040077
z_host[416]     -9.072822e-01 0.811952171 -2.200028108  0.3917168832 1.0012788
z_host[417]      8.684295e-03 0.956600305 -1.501188023  1.5112917175 1.0011539
z_host[418]      2.297749e-01 0.403701426 -0.408958185  0.8724635436 0.9999913
z_host[419]     -5.837362e-01 0.976118364 -2.145429593  0.9820850778 1.0002171
z_host[420]     -8.151653e-01 0.365395415 -1.393497250 -0.2315135914 1.0005589
z_host[421]      7.333222e-02 0.548401885 -0.800390712  0.9438137217 1.0000568
z_host[422]      2.414519e-01 0.947950702 -1.289409332  1.7580036045 1.0010736
z_host[423]     -1.184416e-01 0.426097287 -0.796494086  0.5551065976 1.0008237
z_host[424]      6.382658e-01 0.741712586 -0.569336101  1.8196293385 1.0007651
z_host[425]      2.127804e-03 0.815226506 -1.298138625  1.3335750170 1.0005116
z_host[426]     -1.688244e-01 0.870901144 -1.571907608  1.2252912845 1.0009331
z_host[427]      1.646014e-01 0.902428153 -1.254650695  1.6340005535 1.0018815
z_host[428]      1.525874e-01 0.989983984 -1.433641008  1.7517111740 1.0014309
z_host[429]     -5.995739e-02 0.724740716 -1.244629399  1.0719332585 1.0006072
z_host[430]      5.296489e-01 0.807815385 -0.754916310  1.8248767555 1.0000295
z_host[431]      8.566822e-02 0.979876548 -1.505764383  1.6097619770 1.0011487
z_host[432]     -3.214948e-01 0.676546765 -1.394673600  0.7809434754 1.0027853
z_host[433]      5.796543e-02 0.940761657 -1.388383150  1.5523203890 1.0042095
z_host[434]      3.140205e-02 0.940551577 -1.491351453  1.5528892870 1.0008331
z_host[435]      2.509882e-01 0.945986292 -1.288179866  1.7493244980 1.0000403
z_host[436]      5.583184e-01 0.800129611 -0.754493950  1.8326184705 1.0001751
z_host[437]      7.623847e-02 0.983450605 -1.486816046  1.6559025300 0.9998338
z_host[438]     -1.113240e-01 0.976191148 -1.684627748  1.4467655470 0.9994591
z_host[439]      1.644213e-01 0.719022440 -0.971035013  1.3369783395 1.0018832
z_host[440]      3.583693e-01 0.899015793 -1.058485588  1.7896687990 1.0024574
z_host[441]     -6.783620e-01 0.879203290 -2.091363663  0.7532185914 1.0001338
z_host[442]      1.634169e-01 0.761019612 -1.047103524  1.4156188095 1.0003547
z_host[443]     -2.770093e+00 0.358494596 -3.346117602 -2.1980591545 1.0009071
z_host[444]      2.964350e-01 0.905891858 -1.157145821  1.7787389805 1.0006028
z_host[445]     -1.578527e+00 0.558751279 -2.473542679 -0.6930985520 1.0013839
z_host[446]      8.037110e-01 0.578667846 -0.112947255  1.7410280165 1.0048156
z_host[447]      1.714660e-01 0.765592021 -1.068928424  1.3955278630 1.0007790
z_host[448]      2.063805e-01 0.912165930 -1.211909277  1.6813795870 1.0015936
z_host[449]     -2.791968e+00 0.293466777 -3.269396960 -2.3295376950 1.0037167
z_host[450]     -4.740165e-02 0.907605744 -1.501876214  1.4201334600 1.0001540
z_host[451]      6.819641e-01 0.490658429 -0.102133110  1.4570793910 1.0013792
z_host[452]     -1.915699e+00 0.402852336 -2.574257739 -1.2816340770 1.0005380
z_host[453]      1.255527e-01 0.975368399 -1.423914338  1.6699639190 1.0043709
z_host[454]     -3.513078e-01 0.787066680 -1.623547733  0.8821048170 1.0027043
z_host[455]      4.110869e-01 0.773284217 -0.840532054  1.6493762445 1.0012752
z_host[456]     -7.181837e-01 0.369269302 -1.307076599 -0.1112146426 1.0040587
z_host[457]     -9.818765e-01 0.497241862 -1.780099555 -0.1850665861 1.0002350
z_host[458]     -2.793334e-01 0.741699707 -1.477335526  0.8882071215 1.0037492
z_host[459]      4.941171e-01 0.631407419 -0.500896924  1.5381854880 0.9996347
z_host[460]      7.081965e-02 0.977395150 -1.462110012  1.6353027355 1.0002362
z_host[461]      3.047021e-01 0.477372748 -0.436216137  1.0762661820 0.9999232
z_host[462]     -3.830767e-02 0.992233324 -1.596707124  1.5384360115 1.0011789
z_host[463]     -1.202910e-01 0.990560114 -1.682792250  1.4668550985 1.0003289
z_host[464]      2.517637e-01 0.930271672 -1.245115047  1.7506166230 1.0004418
z_host[465]      2.037102e-01 0.954431667 -1.270593232  1.6942948455 1.0013633
z_host[466]     -6.451362e-02 0.909479888 -1.494354980  1.3975581375 1.0001188
z_host[467]     -1.327650e-01 0.578463185 -1.040310827  0.7819751085 1.0002262
z_host[468]      7.800722e-01 0.613130434 -0.185225160  1.7597937375 1.0003379
z_host[469]      1.845359e-01 0.701935135 -0.918042227  1.3212657975 1.0008316
z_host[470]      2.260229e-02 0.856916412 -1.353434602  1.4089510325 1.0011050
z_host[471]      2.180261e-01 0.435360741 -0.474423026  0.8929050913 1.0011516
z_host[472]      5.169652e-02 0.984762520 -1.475766176  1.6362086725 1.0006052
z_host[473]      5.471191e-02 0.895477546 -1.395865991  1.4967994700 1.0016521
z_host[474]      6.421444e-01 0.684760537 -0.457470860  1.7386116040 1.0014163
z_host[475]      8.237021e-02 0.983658657 -1.485370481  1.6415738025 1.0003837
z_host[476]     -2.186769e-01 0.559066465 -1.107762362  0.6832833517 1.0007881
z_host[477]     -6.654462e-01 0.766843454 -1.875709876  0.5676650300 1.0016089
z_host[478]     -2.049453e-01 0.596813159 -1.151026374  0.7426058121 1.0009638
z_host[479]     -1.511187e+00 0.495170590 -2.304484225 -0.7149185977 1.0010423
z_host[480]      1.722682e-01 0.950159220 -1.379903119  1.7046018710 1.0008953
z_host[481]      4.772238e-01 0.633492850 -0.539915279  1.5140854090 1.0005159
z_host[482]      5.978314e-02 0.983638391 -1.536873720  1.6268413900 1.0004611
z_host[483]      1.779615e-01 0.983414701 -1.421876584  1.7757112315 1.0008281
z_host[484]      1.444222e-01 0.963287193 -1.375796608  1.6548791450 0.9997543
z_host[485]      2.468212e-01 0.872787291 -1.145270735  1.6213614835 0.9995248
z_host[486]     -4.945934e-01 0.950964198 -2.040446288  1.0098143125 1.0022212
z_host[487]      1.827302e-01 0.779503642 -1.066267312  1.4128336450 1.0020851
z_host[488]      1.692384e-01 0.948837518 -1.356951715  1.6907973165 1.0016318
z_host[489]      3.885283e-01 0.843647434 -0.923105129  1.7500275535 1.0015650
z_host[490]     -1.081906e+00 0.345924003 -1.636214956 -0.5271999052 1.0000936
z_host[491]     -1.511418e+00 0.188907535 -1.812092404 -1.2124656895 1.0031291
z_host[492]      3.416190e-01 0.609314330 -0.632732650  1.3064680055 1.0041897
z_host[493]      1.328982e-01 0.934496675 -1.346497761  1.6843201035 1.0021531
z_host[494]     -2.315587e-01 0.973791702 -1.775725854  1.3443997490 1.0010821
z_host[495]     -2.837165e+00 0.415517691 -3.514944583 -2.1789643565 1.0011887
z_host[496]     -4.402242e-01 0.853155091 -1.793475637  0.9013732384 1.0013430
z_host[497]     -2.173625e-01 0.661070896 -1.288575421  0.8306970771 1.0011322
z_host[498]     -2.078180e+00 0.574840817 -2.979437601 -1.1538909605 1.0008853
z_host[499]     -1.044568e-01 0.969633944 -1.682635409  1.4251782325 1.0003545
z_host[500]      1.744902e-01 0.953255061 -1.336086795  1.7036636310 1.0002252
z_host[501]      1.052047e-02 0.905106063 -1.429567651  1.4587400775 1.0004914
z_host[502]      3.482338e-01 0.659349393 -0.716905149  1.4435382895 1.0024042
z_host[503]      1.168225e-01 0.963106929 -1.433442164  1.6547327870 1.0003478
z_host[504]      3.821852e-01 0.685346685 -0.739285869  1.4639304790 1.0016085
z_host[505]     -5.595327e-01 0.782764342 -1.808099468  0.7139892247 1.0000985
z_host[506]     -5.139141e-01 0.722610014 -1.638561070  0.6392987307 1.0016761
z_host[507]      9.272826e-01 0.493500921  0.117096195  1.7183935655 0.9998232
z_host[508]      1.991115e-01 0.889615891 -1.202351569  1.6396936090 1.0029611
z_host[509]      1.973139e-01 0.951420426 -1.316033766  1.7162755365 1.0014028
z_host[510]     -3.501197e-01 0.737080837 -1.531168628  0.8124326894 1.0020508
z_host[511]      7.508177e-01 0.792907759 -0.552484013  1.9660386695 1.0013225
z_host[512]      1.284653e-01 0.988122612 -1.441825554  1.7394659145 1.0035506
z_host[513]     -1.688487e+00 0.509652512 -2.506466856 -0.8900723315 1.0001827
z_host[514]     -1.393471e+00 0.854598054 -2.744064533 -0.0245098995 1.0011434
z_host[515]      6.093940e-01 0.434364108 -0.089665364  1.3013089525 1.0014748
z_host[516]     -3.711120e+00 0.287595376 -4.185937790 -3.2662681080 1.0010517
z_host[517]      3.828295e-01 0.620364649 -0.631104800  1.3535127355 1.0002266
z_host[518]     -1.928610e+00 0.724563065 -3.041998814 -0.7489178322 1.0003432
z_host[519]     -1.003805e-01 0.729632909 -1.255398425  1.0630491855 1.0044457
z_host[520]     -6.678797e-01 0.973346273 -2.217888908  0.8823125325 1.0003278
z_host[521]      5.393568e-01 0.742116141 -0.626677821  1.6915957495 1.0002194
z_host[522]      5.094859e-01 0.765203371 -0.719840886  1.6856813055 1.0008415
z_host[523]     -3.284653e-01 0.838351671 -1.679812304  1.0110804565 1.0008676
z_host[524]      4.099940e-01 0.375214911 -0.183783483  1.0159815455 0.9998850
z_host[525]      2.822089e-01 0.902636382 -1.187864718  1.7414425660 1.0006974
z_host[526]     -6.768615e-01 0.954465443 -2.148466900  0.8797134403 1.0007969
z_host[527]     -1.561324e+00 0.860039851 -2.933081574 -0.1849946947 1.0011889
z_host[528]      4.064799e-01 0.832594837 -0.942476875  1.7434383270 1.0013094
z_host[529]     -2.028735e+00 0.326105388 -2.560767844 -1.5234627960 1.0006781
z_host[530]     -3.875665e-01 0.938530784 -1.919535564  1.1450447125 0.9998269
z_host[531]     -4.655410e-01 0.989043793 -2.054895040  1.1072435315 1.0015250
z_host[532]      2.309480e-01 0.872086357 -1.144204399  1.6413333345 1.0008662
z_host[533]      1.760102e-02 0.969424173 -1.529662774  1.5541612210 1.0004831
z_host[534]      2.826396e-01 0.912288933 -1.186017974  1.6905581600 1.0018687
z_host[535]      8.507626e-01 0.239140737  0.473391273  1.2295514170 0.9995233
z_host[536]      4.487907e-01 0.651500904 -0.589264164  1.4995663515 1.0002617
z_host[537]     -7.593925e-01 0.958197463 -2.244955510  0.7655307609 0.9994862
z_host[538]      3.343005e-01 0.674879915 -0.758414435  1.4214674800 0.9999676
z_host[539]      1.742305e-01 0.597445512 -0.775551628  1.1249022790 1.0016418
z_host[540]      1.397426e-01 0.758798006 -1.081568873  1.3570348425 1.0002748
z_host[541]      9.795616e-01 0.285679051  0.530141288  1.4432352445 1.0007318
z_host[542]      4.389171e-01 0.807100827 -0.824906998  1.7319259505 1.0008577
z_host[543]      5.903075e-02 0.688242023 -1.034367243  1.1679668035 1.0016573
z_host[544]      5.215707e-02 0.350095430 -0.513518123  0.6204876198 0.9999847
z_host[545]     -2.735575e-01 0.696550460 -1.392830912  0.8494673872 1.0020792
z_host[546]      2.037204e-01 0.926014390 -1.255466417  1.6643794985 1.0012111
z_host[547]     -2.305615e-01 0.914311296 -1.639820961  1.2379507055 1.0008270
z_host[548]      5.809880e-02 0.420271475 -0.602468406  0.7504750814 0.9998292
z_host[549]     -3.664795e-02 0.949461286 -1.545913400  1.4838260360 0.9996942
z_host[550]     -9.992991e-02 0.652699391 -1.135762663  0.9541853746 1.0002356
z_host[551]     -9.981797e-01 0.824640247 -2.309446439  0.3100945888 1.0015631
z_host[552]      2.429664e-01 0.476883216 -0.522115607  1.0240168240 0.9997261
z_host[553]      4.763349e-01 0.838253971 -0.878761880  1.8276541065 1.0043016
z_host[554]     -1.096306e+00 0.481545942 -1.867329575 -0.3476779237 1.0022232
z_host[555]     -7.131999e-02 0.888176858 -1.486781909  1.3447427340 1.0009745
z_host[556]     -1.763263e+00 0.810142558 -3.065387908 -0.4746626204 1.0001248
z_host[557]     -4.343636e-01 0.754137305 -1.674501406  0.7696257977 1.0025849
z_host[558]      6.646431e-02 0.999360207 -1.519915463  1.6413905420 1.0019086
z_host[559]     -5.546132e-01 0.789492341 -1.790509776  0.7522521300 1.0012203
z_host[560]     -1.169487e-01 0.961874993 -1.640934634  1.4570044920 1.0045745
z_host[561]      1.912292e-01 0.955276140 -1.323650572  1.7134853655 1.0000854
z_host[562]      3.862956e-02 0.768947673 -1.154237311  1.2863388140 1.0001627
z_host[563]      2.589565e-02 0.469424485 -0.712685138  0.7722771800 1.0023239
z_host[564]      1.862392e-01 0.968576502 -1.356427124  1.7556372530 0.9999180
z_host[565]     -1.430824e+00 0.783748936 -2.685902716 -0.2045273277 1.0003161
z_host[566]     -4.284616e-01 0.411374376 -1.082761652  0.2227100284 1.0005372
z_host[567]     -1.503828e-01 0.769699225 -1.361139885  1.0891325940 0.9999786
z_host[568]     -9.310688e-01 0.638187344 -1.952665832  0.0954189651 1.0010788
z_host[569]     -1.814343e+00 0.490351580 -2.592763652 -1.0211801945 1.0000567
z_host[570]     -1.343421e+00 0.645251343 -2.383971267 -0.3193674111 1.0013137
z_host[571]     -1.380825e-01 0.959546631 -1.669678255  1.4466253545 1.0013543
z_host[572]      3.093700e-01 0.669320331 -0.756396488  1.3973928530 1.0002455
z_host[573]      3.433846e-01 0.842196954 -1.018814762  1.6866061725 1.0019695
z_host[574]     -8.006868e-02 0.907088645 -1.531440090  1.3966926170 1.0016199
z_host[575]      2.580261e-03 0.888825708 -1.409829395  1.4663250185 1.0018264
z_host[576]      6.997021e-01 0.707843013 -0.428516294  1.8219791875 1.0017146
z_host[577]      3.095548e-01 0.747232771 -0.883220584  1.4845944015 1.0023355
z_host[578]      8.071331e-02 0.963222385 -1.496213071  1.6135783240 1.0008504
z_host[579]      3.647381e-01 0.886951639 -1.063273317  1.7467812845 1.0003280
z_host[580]     -5.781275e-01 0.823450170 -1.870237369  0.7334027662 0.9999687
z_host[581]     -2.291581e+00 0.955009445 -3.794642149 -0.7447297517 0.9996010
z_host[582]      3.223093e-01 0.439382469 -0.376227688  1.0350443140 1.0011872
z_host[583]     -8.063457e-01 0.905500762 -2.240719190  0.6429780225 1.0001279
z_host[584]      6.945463e-02 0.957913786 -1.474858086  1.6162458710 1.0012624
z_host[585]      9.098290e-02 0.916657559 -1.331323051  1.5352676915 0.9999941
z_host[586]     -6.831084e-01 0.994715165 -2.212068009  0.8977422603 1.0001194
z_host[587]      1.344475e-01 0.988949205 -1.435416198  1.7044765555 1.0015023
z_host[588]     -3.710988e-01 0.797202384 -1.608544329  0.8993127821 0.9996430
z_host[589]     -4.005439e-02 0.967148243 -1.592580523  1.5118206640 1.0004777
z_host[590]      2.398438e-01 0.915169746 -1.232781595  1.7318970980 1.0023005
z_host[591]     -8.160350e-01 0.851767574 -2.198620256  0.5426518267 1.0009976
z_host[592]     -5.974208e-01 0.546034278 -1.470640732  0.2588387872 1.0000517
z_host[593]      2.215468e-01 0.956005575 -1.292253124  1.7522756170 1.0014909
z_host[594]     -3.012960e-01 0.500843841 -1.096716033  0.5009087885 1.0012897
z_host[595]     -2.708557e+00 0.890026875 -4.151845220 -1.2951385215 1.0006814
z_host[596]      7.906239e-01 0.669970230 -0.277683074  1.8221279675 1.0011499
z_host[597]      1.892303e-01 0.896832169 -1.236207024  1.6311022445 1.0015605
z_host[598]     -9.770259e-01 0.800110510 -2.235829755  0.3179380084 1.0013716
z_host[599]      5.631231e-01 0.793730868 -0.725293322  1.8232529420 1.0002576
z_host[600]     -1.738690e+00 0.252189468 -2.151430394 -1.3457143740 1.0008487
z_host[601]      5.563937e-02 0.966075889 -1.514966919  1.5837872715 1.0008131
z_host[602]      3.977007e-02 0.769425880 -1.203241557  1.2661529955 1.0019824
z_host[603]      6.530080e-01 0.734878073 -0.537853154  1.8194390820 1.0006970
z_host[604]     -8.157137e-01 0.568931013 -1.742127703  0.0931186893 1.0008258
z_host[605]      7.388312e-02 0.983573839 -1.497615520  1.6511525375 1.0024939
z_host[606]     -7.706422e-02 0.618429136 -1.071715122  0.9218974551 1.0008590
z_host[607]      6.143542e-01 0.725001654 -0.543023804  1.7526879570 1.0017009
z_host[608]     -1.245504e-01 0.978715948 -1.690238827  1.4190148665 0.9996488
z_host[609]     -7.080957e-02 0.887556232 -1.441530797  1.3147576660 1.0005388
z_host[610]     -2.257921e-01 0.929070376 -1.714206039  1.2325699320 1.0010740
z_host[611]     -4.405549e-01 0.849435632 -1.783199801  0.9763879536 0.9998405
z_host[612]     -6.635118e-01 0.995585522 -2.248430078  0.9234862630 1.0008166
z_host[613]     -7.538299e-01 0.795749832 -2.041073285  0.5349285168 1.0009080
z_host[614]      3.332414e-01 0.743272953 -0.864089712  1.5371396930 1.0002475
z_host[615]     -1.377739e-01 1.009314446 -1.779357762  1.4811925760 0.9999263
z_host[616]     -4.559983e+00 0.876090717 -5.949201340 -3.1463778060 1.0003727
z_host[617]      1.329777e-01 0.725331885 -1.016572616  1.3096306075 1.0035260
z_host[618]     -3.738856e-01 0.709006599 -1.502296182  0.7559681572 1.0001735
z_host[619]      3.202012e-02 0.956997659 -1.495011512  1.5544819430 1.0004818
z_host[620]      5.372892e-02 0.993562244 -1.553646730  1.6472604300 0.9997300
z_host[621]     -1.167278e-01 0.966993965 -1.678716468  1.4130428115 1.0007311
z_host[622]     -1.119072e-01 0.973641338 -1.664864632  1.4539921100 1.0006799
z_host[623]      3.040023e-01 0.903699345 -1.135508003  1.7693200780 1.0006584
z_host[624]     -4.494276e-02 0.994981021 -1.591804849  1.5622330880 1.0022986
z_host[625]      5.260600e-01 0.836715568 -0.786705241  1.8694781075 0.9999365
z_host[626]     -3.488996e-02 0.947369567 -1.559861514  1.5091476130 1.0028281
z_host[627]      3.243938e-01 0.902423666 -1.109409730  1.7630224165 1.0042728
z_host[628]     -5.135897e-01 0.898811955 -1.962791649  0.9117623899 1.0010101
z_host[629]      1.490021e-01 0.835872104 -1.160000567  1.5049007565 1.0010115
z_host[630]      3.584302e-01 0.787657123 -0.900826896  1.6212490060 1.0023370
z_host[631]      3.035190e-01 0.842013073 -1.022641708  1.6322168300 1.0029362
z_host[632]      1.249023e-02 0.932635234 -1.499092050  1.4676067750 1.0014294
z_host[633]      1.818835e-02 0.945385684 -1.484292698  1.4903645465 1.0024231
z_host[634]      1.271133e-01 0.994232542 -1.471767795  1.6983849655 1.0026458
z_host[635]      9.464266e-02 0.886607748 -1.299321085  1.5259221130 1.0016530
z_host[636]     -7.665932e-02 0.860075580 -1.439931615  1.3176267255 1.0020891
z_host[637]     -5.228810e-02 0.926249760 -1.526460967  1.4401299215 1.0004403
z_host[638]      1.269896e-01 1.005382709 -1.465601639  1.7190348150 1.0001561
z_host[639]     -3.567352e-01 0.827416623 -1.682177470  0.9807881589 0.9998865
z_host[640]      3.048481e-01 0.920139262 -1.169644404  1.7857659260 1.0018670
z_host[641]     -6.540386e-01 0.979785097 -2.214289087  0.8938029065 1.0004572
z_host[642]     -1.639219e-01 0.834175142 -1.479544804  1.1572239540 0.9998008
z_host[643]      1.195192e-02 0.901902084 -1.411522188  1.4370479720 1.0019780
z_host[644]      7.281905e-02 0.985378595 -1.457171569  1.6507052255 1.0005731
z_listing[1]    -3.743821e-02 0.983370965 -1.562642395  1.4906666335 1.0002002
z_listing[2]     9.157229e-03 0.972740964 -1.555199787  1.5749399730 1.0004759
z_listing[3]     4.736281e-02 0.990435187 -1.556431056  1.6194431495 1.0001488
z_listing[4]    -1.218517e-03 0.998508493 -1.609336795  1.5876964215 1.0004236
z_listing[5]    -7.650965e-02 1.008549517 -1.661781348  1.5228522655 1.0019708
z_listing[6]     3.132148e-02 0.991178196 -1.554345899  1.6055463205 1.0010099
z_listing[7]     4.942814e-02 0.962886833 -1.491718526  1.5802755895 0.9998253
z_listing[8]     4.631959e-02 1.014290971 -1.585484512  1.6482165105 1.0017448
z_listing[9]    -4.721170e-02 1.029545144 -1.684643680  1.5424079165 1.0009974
z_listing[10]   -1.605405e-02 1.020730389 -1.609606245  1.5852753460 0.9997307
z_listing[11]    7.968682e-03 0.990822485 -1.587326305  1.6103614425 1.0002963
z_listing[12]   -3.605321e-02 1.002249671 -1.669142777  1.5557365600 0.9999482
z_listing[13]    1.685744e-03 0.993946285 -1.601390167  1.5869452065 1.0003151
z_listing[14]    2.100019e-02 0.985340612 -1.573376699  1.5846015975 1.0001665
z_listing[15]    9.526415e-02 0.953322978 -1.412610738  1.6649248165 1.0000397
z_listing[16]    3.113196e-02 0.993276638 -1.570144808  1.6067201775 1.0020544
z_listing[17]   -4.814470e-02 0.948905402 -1.586798210  1.4768261535 1.0033132
z_listing[18]   -7.861572e-02 0.988533765 -1.686628007  1.4869394510 1.0005030
z_listing[19]    2.520932e-02 1.010075331 -1.553302012  1.6186424065 1.0007895
z_listing[20]   -1.018018e-01 1.007444647 -1.698901493  1.5156127145 1.0016848
z_listing[21]   -1.489507e-01 0.959562258 -1.671523081  1.3963831275 1.0001820
z_listing[22]    5.384822e-02 1.013225941 -1.577275866  1.6409138460 1.0002686
z_listing[23]   -1.698883e-02 1.009971222 -1.620701196  1.6385168240 1.0001406
z_listing[24]    3.504798e-02 0.989891630 -1.545538245  1.6285549015 1.0031800
z_listing[25]   -7.879169e-03 1.005047840 -1.610600541  1.6207373385 1.0018802
z_listing[26]    2.617174e-03 0.983885315 -1.542363019  1.5838413775 1.0010591
z_listing[27]   -6.750181e-02 0.975612051 -1.644905801  1.5185230770 1.0014574
z_listing[28]    5.132017e-02 1.001013811 -1.499839799  1.6249267590 0.9997187
z_listing[29]   -8.126143e-02 1.004117688 -1.673525258  1.5115243255 1.0024519
z_listing[30]   -1.131792e-01 1.001036806 -1.704464977  1.4872257455 1.0009801
z_listing[31]   -6.294040e-02 0.992561697 -1.609853936  1.4899249150 1.0021712
z_listing[32]    5.547838e-03 0.984041123 -1.596548569  1.5859077655 1.0006646
z_listing[33]   -1.698475e-03 1.006867316 -1.606174291  1.6021720085 0.9996488
z_listing[34]    3.372901e-02 0.977184124 -1.509030198  1.5962084560 1.0003157
z_listing[35]   -8.979038e-03 0.971650158 -1.581181594  1.5179412100 1.0022247
z_listing[36]    4.265156e-02 1.001384036 -1.535739835  1.6387738050 1.0005446
z_listing[37]    1.141057e-02 1.008654808 -1.602443541  1.6347557460 1.0018555
z_listing[38]   -5.171610e-04 0.991705502 -1.602630295  1.5989738870 1.0000156
z_listing[39]   -8.703705e-02 0.979907939 -1.670351384  1.4843523645 1.0010659
z_listing[40]    2.866062e-02 0.970983287 -1.545506069  1.6179604360 1.0010037
z_listing[41]   -2.937110e-02 0.984205073 -1.607136033  1.5357995965 1.0014322
z_listing[42]    7.522502e-03 0.976271218 -1.548865211  1.5694543105 1.0001390
z_listing[43]   -1.260101e-01 0.988355632 -1.703715872  1.4345121915 0.9998857
z_listing[44]    5.726850e-02 1.027745226 -1.585382402  1.6887409975 1.0016372
z_listing[45]    4.807531e-02 0.982554417 -1.544494351  1.5745209510 1.0005703
z_listing[46]    5.117489e-03 0.980146121 -1.589074849  1.5584745645 1.0010161
z_listing[47]   -1.008637e-01 1.003417289 -1.713823376  1.4987988895 1.0005197
z_listing[48]    2.082174e-02 0.987243428 -1.578554677  1.6706909270 1.0013171
z_listing[49]    9.503727e-03 1.004272875 -1.631333952  1.5831720890 1.0009964
z_listing[50]   -7.694036e-02 0.981131763 -1.651787907  1.4922458930 1.0013733
z_listing[51]    2.095450e-02 1.000007954 -1.549315725  1.5647762505 1.0016753
z_listing[52]   -4.419661e-02 0.973344701 -1.569959399  1.5127511450 1.0013134
z_listing[53]   -7.775633e-02 0.946302550 -1.577632957  1.4395366375 0.9998627
z_listing[54]    6.424267e-03 1.003674654 -1.575314119  1.6168964070 0.9999546
z_listing[55]    5.487547e-02 0.976324603 -1.525804770  1.6032134200 1.0001955
z_listing[56]    5.242145e-03 0.982534298 -1.546248822  1.5771954865 1.0000194
z_listing[57]    5.724310e-03 0.984659195 -1.550593257  1.5957911330 1.0020792
z_listing[58]    1.893291e-02 0.984374312 -1.552751974  1.5838746570 1.0027549
z_listing[59]   -6.404571e-03 0.982993326 -1.616146215  1.5465105630 1.0066783
z_listing[60]   -7.658422e-03 0.996929895 -1.590818449  1.5744519960 1.0010374
z_listing[61]   -5.717338e-03 0.991367925 -1.602776027  1.5939476820 1.0004233
z_listing[62]   -9.361944e-03 0.983499705 -1.600682411  1.5615900815 1.0013065
z_listing[63]    7.099588e-03 1.014751975 -1.631862458  1.6145976330 1.0000879
z_listing[64]   -3.026902e-01 0.974994207 -1.861877723  1.2836315650 1.0005039
z_listing[65]    9.599489e-03 1.003634047 -1.595981687  1.6279841555 1.0001501
z_listing[66]    4.397879e-02 0.988367961 -1.534110830  1.6236595995 1.0009023
z_listing[67]   -4.037106e-01 0.987519278 -1.976988268  1.2631991745 1.0009610
z_listing[68]    3.766266e-02 0.955236389 -1.486077247  1.5841310135 1.0015628
z_listing[69]    3.969299e-02 0.981158779 -1.555591159  1.6126444110 1.0039945
z_listing[70]    6.540681e-03 0.982306601 -1.536677809  1.5379046855 1.0004494
z_listing[71]    4.536365e-04 0.993410602 -1.587989174  1.5870866295 1.0015719
z_listing[72]    7.565574e-02 1.014290833 -1.588992911  1.7102167885 1.0020048
z_listing[73]   -1.552887e-02 1.004592861 -1.635922517  1.5912763755 1.0001081
z_listing[74]    2.549827e-02 0.984198725 -1.552407458  1.5574466570 1.0007277
z_listing[75]    7.645193e-03 0.973774272 -1.533407037  1.5249723270 0.9999331
z_listing[76]    3.523555e-02 1.001075380 -1.581178611  1.6169969890 1.0016405
z_listing[77]    4.640205e-02 1.030086730 -1.612191809  1.6957267075 1.0007211
z_listing[78]   -7.614452e-02 0.994481952 -1.674401979  1.5220669885 1.0006919
z_listing[79]    6.025521e-02 1.006501659 -1.544609602  1.6491337865 1.0019133
z_listing[80]    2.345900e-02 0.989223974 -1.575016935  1.5710404960 1.0006556
z_listing[81]   -1.086032e-01 0.994939475 -1.701271665  1.4528984575 1.0000246
z_listing[82]   -2.293203e-02 1.003240989 -1.627233478  1.5959363350 1.0021175
z_listing[83]    4.575728e-02 0.998190191 -1.548457968  1.6569212160 0.9997595
z_listing[84]   -6.129574e-02 0.990455994 -1.631390552  1.5446866615 1.0011756
z_listing[85]    1.338476e-02 0.979816427 -1.545573027  1.5866390110 1.0008380
z_listing[86]    1.533555e-02 0.970641266 -1.547640013  1.5486533155 1.0003906
z_listing[87]    4.529506e-02 1.003134360 -1.522517550  1.6357721560 1.0002929
z_listing[88]    2.593538e-02 1.031691203 -1.579776731  1.6209701150 1.0009421
z_listing[89]   -6.732503e-02 0.988280496 -1.674521904  1.4943518955 1.0005770
z_listing[90]   -1.045391e-02 1.019357642 -1.623142286  1.6400798325 1.0050080
z_listing[91]    7.970364e-04 0.992595526 -1.583824430  1.6198269805 1.0024172
z_listing[92]   -6.395563e-03 0.974672920 -1.564207351  1.5561146090 1.0008275
z_listing[93]    4.681275e-02 1.001692102 -1.550578381  1.6464342425 0.9996484
z_listing[94]    2.608384e-02 0.990330908 -1.562093049  1.6120156310 1.0000910
z_listing[95]    2.756305e-02 0.999776809 -1.585706325  1.6401723065 0.9996010
z_listing[96]    2.285800e-02 0.985781094 -1.552017476  1.5773001460 1.0023869
z_listing[97]   -1.468056e-02 1.007361048 -1.610003849  1.6037889820 1.0013084
z_listing[98]   -1.451320e-02 1.008135195 -1.620934068  1.5944173395 1.0014671
z_listing[99]   -5.962116e-03 1.011868681 -1.633657926  1.6164081915 1.0009313
z_listing[100]   3.550145e-02 0.983434805 -1.563545034  1.5814959000 0.9996753
z_listing[101]   8.107272e-03 1.004663147 -1.610958257  1.5974726755 1.0005615
z_listing[102]   9.065077e-02 0.978564992 -1.483433975  1.6424793160 1.0001371
z_listing[103]  -7.769892e-02 1.003841799 -1.683423899  1.5512287750 1.0009858
z_listing[104]   2.397651e-01 0.995942433 -1.395242142  1.8313937300 1.0007560
z_listing[105]   5.751001e-02 0.992538255 -1.544254644  1.6419695110 1.0008077
z_listing[106]   1.481117e-02 0.973621992 -1.549585773  1.5601531445 1.0005457
z_listing[107]   7.560465e-03 1.002266226 -1.601020546  1.5715242310 1.0011809
z_listing[108]   4.650548e-03 1.016103358 -1.584980202  1.5972002860 1.0004220
z_listing[109]   1.360903e-02 1.006404123 -1.633223950  1.5846886585 1.0018146
z_listing[110]   3.302522e-02 0.971630694 -1.512635623  1.5937790450 1.0009617
z_listing[111]   2.316575e-02 0.993692996 -1.546064537  1.6016702885 1.0006460
z_listing[112]   4.510808e-02 1.010357686 -1.546797655  1.6751966285 1.0006613
z_listing[113]   7.917752e-03 0.992429234 -1.577748366  1.5994291970 1.0004158
z_listing[114]   4.647387e-03 1.008941975 -1.585457971  1.6358975270 1.0003772
z_listing[115]   1.901520e-02 1.009837376 -1.607627847  1.6628256035 1.0007725
z_listing[116]   8.006112e-03 1.009823893 -1.643841853  1.6138963875 0.9998021
z_listing[117]   2.239139e-02 0.990111750 -1.555064644  1.5876418080 1.0034535
z_listing[118]   5.075018e-03 0.980293198 -1.540519027  1.5887333355 0.9999736
z_listing[119]   1.733760e-02 0.974499906 -1.532508699  1.5548328480 1.0028414
z_listing[120]  -7.653402e-02 1.029561195 -1.740456513  1.5709080610 1.0009589
z_listing[121]  -2.902067e-02 1.019017252 -1.671227060  1.5455486695 1.0002515
z_listing[122]   4.420456e-02 1.010325058 -1.599805817  1.6132058980 1.0004762
z_listing[123]   3.883635e-02 0.997435038 -1.549669492  1.6155501800 1.0001985
z_listing[124]   1.626097e-02 0.990926238 -1.590213946  1.6225724740 1.0009637
z_listing[125]   2.870999e-02 0.965582676 -1.519103254  1.5731031230 1.0013125
z_listing[126]   4.353771e-02 0.985794333 -1.527109398  1.6208814770 1.0003889
z_listing[127]  -5.001034e-02 1.018086946 -1.692906749  1.5916113385 1.0010592
z_listing[128]  -2.385885e-02 1.032710385 -1.648655649  1.5887605610 0.9998391
z_listing[129]   2.216215e-02 0.999103358 -1.579287615  1.6184925850 1.0003454
z_listing[130]  -2.293638e-02 1.000825650 -1.592709795  1.5993432615 1.0013954
z_listing[131]  -1.591291e-01 1.005742530 -1.758991407  1.4117648235 1.0007367
z_listing[132]  -3.193078e-02 1.020931566 -1.684986366  1.6137948995 1.0016489
z_listing[133]  -4.768507e-05 1.001012222 -1.575669594  1.5981023375 1.0021032
z_listing[134]  -5.107969e-02 0.971279579 -1.632282185  1.5332678430 1.0002844
z_listing[135]  -6.742193e-02 1.006782097 -1.679539853  1.5378574660 1.0007906
z_listing[136]   1.962465e-02 0.993062914 -1.542955362  1.5847197985 1.0006652
z_listing[137]  -2.871042e-03 1.000250766 -1.581012815  1.6155207780 1.0009587
z_listing[138]  -1.061715e-01 1.024753119 -1.752739189  1.5103749725 1.0053370
z_listing[139]  -5.389580e-02 1.005192063 -1.620651358  1.5657193785 1.0029227
z_listing[140]   8.168555e-02 0.984977493 -1.500476105  1.6425445190 1.0009419
z_listing[141]  -1.784338e-02 0.993051097 -1.603137093  1.5506245700 1.0005427
z_listing[142]   2.679308e-03 0.980546406 -1.531227764  1.5670509860 1.0020199
z_listing[143]   2.220444e-03 0.962501978 -1.505933052  1.5648599955 1.0002855
z_listing[144]   9.411681e-02 1.012142293 -1.503877819  1.7226124585 1.0022778
z_listing[145]  -6.763799e-02 0.994722925 -1.633906714  1.4993407330 1.0035259
z_listing[146]   1.053906e-02 0.980057099 -1.552860691  1.5808194095 1.0026147
z_listing[147]   1.278348e-02 0.995597794 -1.554778911  1.5943243700 1.0011631
z_listing[148]   9.503097e-04 1.041883147 -1.657084464  1.6511811720 1.0000920
z_listing[149]   2.437010e-02 0.960567759 -1.475033789  1.5691305475 1.0006440
z_listing[150]  -4.743090e-02 0.993559988 -1.595766564  1.5649944915 1.0025169
z_listing[151]   5.346112e-02 0.963397152 -1.516911874  1.6385235450 1.0031265
z_listing[152]   3.185934e-02 0.997372595 -1.530165813  1.5936342775 1.0032161
z_listing[153]  -3.647596e-02 0.997659049 -1.648448377  1.5468163245 1.0022697
z_listing[154]   3.000100e-02 1.011591326 -1.538060974  1.6262793410 0.9998987
z_listing[155]  -4.088134e-02 1.009699151 -1.656700540  1.5598769380 1.0004167
z_listing[156]  -9.904722e-03 1.015456247 -1.658194879  1.6115227670 1.0015779
z_listing[157]   6.185518e-03 1.009831336 -1.640563144  1.6329010705 0.9998402
z_listing[158]   2.127333e-02 0.994602977 -1.553573680  1.5909225625 1.0007769
z_listing[159]   5.981086e-03 1.013494006 -1.671575117  1.6800086265 1.0004756
z_listing[160]  -8.559584e-02 0.998998257 -1.701877819  1.4762954800 1.0016294
z_listing[161]   2.855619e-02 1.012502355 -1.564893200  1.6717129020 1.0003957
z_listing[162]   4.349444e-03 1.005067782 -1.598058013  1.6261944930 1.0012220
z_listing[163]   2.532428e-02 0.999130704 -1.560892927  1.5837543870 1.0003917
z_listing[164]   3.060542e-03 0.979482919 -1.601644961  1.5744863835 1.0023759
z_listing[165]   2.270303e-02 1.006196863 -1.583910380  1.6671392215 1.0002835
z_listing[166]  -2.848271e-02 0.995375059 -1.619602603  1.5679992750 1.0007672
z_listing[167]   1.108467e-01 1.029294318 -1.502332425  1.7589279090 1.0019782
z_listing[168]  -8.514855e-02 1.002598407 -1.690188682  1.5191986375 1.0029890
z_listing[169]  -3.176969e-02 0.997588013 -1.622702795  1.5839645060 1.0017305
z_listing[170]   5.431273e-03 1.026414665 -1.656433167  1.6481026780 1.0035243
z_listing[171]  -1.583131e-02 0.982327985 -1.569473850  1.5496951265 1.0016987
z_listing[172]  -6.109561e-03 0.984558548 -1.590404570  1.5820840795 0.9999718
z_listing[173]  -9.098619e-02 0.999731826 -1.714424839  1.5023694190 1.0023391
z_listing[174]  -1.372506e-02 0.989826538 -1.592265428  1.5545733355 1.0018580
z_listing[175]  -4.679278e-02 0.999567608 -1.645495448  1.5381003360 1.0006557
z_listing[176]   2.056047e-02 0.990814578 -1.542620678  1.5478311710 1.0003151
z_listing[177]   5.117418e-02 1.012930944 -1.550571093  1.6741017645 1.0006325
z_listing[178]   2.820338e-02 1.023955404 -1.647234016  1.6801174145 1.0020869
z_listing[179]  -5.877523e-02 0.995154763 -1.658571905  1.5395911985 1.0007038
z_listing[180]  -1.915811e-02 0.990158022 -1.610730254  1.5423175650 1.0004306
z_listing[181]  -6.944480e-02 1.001266071 -1.642722238  1.5353868535 1.0001822
z_listing[182]   1.396158e-02 1.015396089 -1.633159067  1.6373381305 1.0000285
z_listing[183]   1.683765e-03 0.991163662 -1.568054742  1.5841532460 1.0008646
z_listing[184]   1.770464e-02 0.994869036 -1.559011294  1.6328378060 0.9999409
z_listing[185]  -1.181942e-02 1.007817964 -1.613824412  1.5796253730 1.0001986
z_listing[186]   8.106156e-03 1.004722529 -1.559694048  1.5924111960 1.0008821
z_listing[187]  -1.141175e-03 0.968520781 -1.564075603  1.5611084385 1.0001063
z_listing[188]  -1.894079e-03 0.998139374 -1.603774049  1.6085013595 0.9996528
z_listing[189]   5.810792e-02 0.992139349 -1.558569824  1.6175220035 1.0005664
z_listing[190]   5.716035e-03 0.983265159 -1.570569546  1.5542039675 1.0009171
z_listing[191]   5.064610e-02 1.022767258 -1.588906618  1.6815487565 0.9996216
z_listing[192]   3.731366e-02 1.012520846 -1.581243461  1.6495479515 1.0013004
z_listing[193]   1.646616e-02 1.005558452 -1.580194140  1.6266339995 1.0006447
z_listing[194]   1.288339e-02 0.978095451 -1.570190557  1.5935273940 1.0007867
z_listing[195]  -1.814816e-02 0.998077409 -1.594058066  1.6113073145 1.0002567
z_listing[196]  -2.273119e-02 0.986231414 -1.581189428  1.5089324210 1.0002342
z_listing[197]   9.331514e-03 1.019708500 -1.650672180  1.6301313480 1.0023201
z_listing[198]   1.032692e-02 0.994850994 -1.537435095  1.6124238670 1.0010167
z_listing[199]  -9.362412e-03 0.985017134 -1.582609895  1.5649974965 1.0009669
z_listing[200]  -1.420060e-03 0.986157263 -1.613025252  1.5912455750 1.0014063
z_listing[201]  -6.351905e-02 1.027646101 -1.726365225  1.5874359695 0.9996166
z_listing[202]   4.457827e-02 1.001863040 -1.564350677  1.6555456420 1.0016695
z_listing[203]  -1.290805e-02 1.018505306 -1.597946430  1.6110669050 1.0010217
z_listing[204]  -8.523217e-03 1.009848457 -1.614643513  1.6047508960 1.0011917
z_listing[205]   1.469733e-02 0.982836471 -1.558204086  1.5627221940 1.0019708
z_listing[206]   7.332002e-03 0.966731477 -1.551144803  1.6244993005 0.9997267
z_listing[207]   9.962753e-03 1.010604157 -1.604669802  1.6209127180 1.0017352
z_listing[208]   4.330892e-02 1.008380932 -1.581387796  1.6582947985 1.0029113
z_listing[209]   2.661718e-02 1.010349439 -1.601061044  1.6046682545 1.0000102
z_listing[210]  -5.031896e-03 0.980936455 -1.574335918  1.5680821760 1.0000131
z_listing[211]   1.120714e-02 1.013998240 -1.677130172  1.6244146435 1.0008745
z_listing[212]  -4.210066e-02 1.012292228 -1.651790344  1.6225501830 1.0013883
z_listing[213]  -6.512562e-02 0.988137073 -1.632943833  1.5045392720 1.0001645
z_listing[214]  -3.991789e-02 0.986919618 -1.637758958  1.5555255365 1.0009486
z_listing[215]   3.166352e-02 1.014932627 -1.583599659  1.6232459225 1.0012005
z_listing[216]  -7.888097e-02 1.002642960 -1.716183055  1.5437389505 1.0007278
z_listing[217]   4.805265e-02 0.997668813 -1.554624334  1.6108875880 1.0004678
z_listing[218]  -1.271025e-01 0.983354270 -1.682745179  1.4565440795 0.9999243
z_listing[219]   5.290690e-03 0.976425479 -1.589474636  1.5556488065 1.0001931
z_listing[220]  -8.903557e-02 1.007635410 -1.673833781  1.5627351540 1.0026616
z_listing[221]   1.727335e-02 0.983329383 -1.546331418  1.5764139665 0.9999780
z_listing[222]   1.933282e-02 1.008259400 -1.621036764  1.6449839695 1.0002145
z_listing[223]   3.671372e-03 0.997749864 -1.592676619  1.6173108760 1.0003457
z_listing[224]   2.452851e-03 0.988524397 -1.547240773  1.5812271530 1.0000366
z_listing[225]   2.918109e-02 0.981326409 -1.568932277  1.5961449420 1.0000093
z_listing[226]   3.197365e-03 0.945062412 -1.530019658  1.5258728075 1.0008699
z_listing[227]  -6.435024e-02 0.997561617 -1.655256255  1.5050935635 1.0024076
z_listing[228]   2.468355e-03 0.986122361 -1.565087967  1.5360766525 1.0024400
z_listing[229]   1.895674e-02 1.012817797 -1.579987607  1.6155659150 0.9996198
z_listing[230]   1.342666e-01 1.006853641 -1.490553045  1.7471536275 1.0029950
z_listing[231]   3.164926e-01 1.020157914 -1.313755180  1.9523296470 1.0003610
z_listing[232]   1.134600e-01 1.000747027 -1.473201012  1.7010426680 1.0037677
z_listing[233]  -2.090043e-02 1.009042622 -1.628388725  1.5523090530 1.0013142
z_listing[234]   6.569851e-03 0.986928116 -1.603627520  1.5969851315 1.0005128
z_listing[235]  -2.855415e-03 0.999985575 -1.628640153  1.6105078885 1.0016784
z_listing[236]   1.455228e-03 0.970326791 -1.584849325  1.5531319935 1.0001260
z_listing[237]   3.462232e-02 1.006624256 -1.569551998  1.6517482490 1.0022538
z_listing[238]   5.199441e-02 1.035219184 -1.594404539  1.6942563220 1.0022167
z_listing[239]  -1.202581e-02 0.989215868 -1.592528152  1.5676046480 1.0022389
z_listing[240]   1.009149e-02 1.009012676 -1.622844185  1.6553745435 1.0002189
z_listing[241]  -5.461051e-02 0.994532917 -1.635249432  1.5439430225 1.0013523
z_listing[242]   4.400454e-02 1.017527719 -1.598903980  1.6468042850 1.0007216
z_listing[243]  -3.434760e-02 1.026424363 -1.673766147  1.6086236750 1.0012590
z_listing[244]   1.073968e-02 0.992202514 -1.555593677  1.5932785375 1.0007348
z_listing[245]   1.931075e-02 0.982424320 -1.532181320  1.6222600565 1.0019970
z_listing[246]  -2.577938e-02 0.992271902 -1.617239782  1.5696811915 1.0017509
z_listing[247]   1.051649e-02 1.013410481 -1.636323697  1.5865776760 1.0003299
z_listing[248]  -5.236210e-03 0.962367342 -1.525690687  1.5600709220 1.0010527
z_listing[249]  -5.032549e-02 1.015207751 -1.680543652  1.5644212775 1.0003020
z_listing[250]  -1.958687e-02 0.986054760 -1.592729572  1.5424081530 1.0001804
z_listing[251]   6.040006e-03 1.013266615 -1.610507529  1.5881424195 1.0014490
z_listing[252]   3.944648e-02 0.984906272 -1.538299008  1.6040370225 1.0014468
z_listing[253]  -3.001579e-02 0.982327797 -1.575368827  1.5214033015 1.0007520
z_listing[254]   5.233602e-03 0.969682295 -1.552323942  1.5636890880 1.0002517
z_listing[255]  -1.477175e-01 1.004341849 -1.691239829  1.4573922080 1.0002187
z_listing[256]   2.710585e-02 1.030532904 -1.637678070  1.6576806690 1.0011960
z_listing[257]  -3.737613e-02 0.971978675 -1.599966095  1.5032132080 1.0004814
z_listing[258]  -4.649855e-03 0.946218699 -1.508999695  1.4906240115 1.0038585
z_listing[259]   9.972322e-03 1.028464945 -1.615411264  1.6881458890 1.0002283
z_listing[260]   1.263616e-02 0.997910884 -1.594187224  1.6168894880 1.0022126
z_listing[261]   5.527485e-02 0.994353419 -1.589446475  1.6543378250 0.9995945
z_listing[262]  -6.118603e-02 1.002714502 -1.703431455  1.5571931190 0.9996902
z_listing[263]  -4.039064e-02 0.998871813 -1.629910344  1.5825773455 1.0002629
z_listing[264]  -2.311648e-02 1.010512295 -1.635106857  1.5906390610 1.0011155
z_listing[265]   1.485984e-02 0.998815860 -1.580769647  1.5935629310 1.0037834
z_listing[266]  -2.704579e-02 1.026744475 -1.679055807  1.6104417490 1.0016253
z_listing[267]   1.941795e-02 1.004915198 -1.561263714  1.6252661600 1.0003315
z_listing[268]   2.275225e-02 1.009589656 -1.589112723  1.6466910415 1.0010971
z_listing[269]   7.065080e-03 0.996663932 -1.563252901  1.5833220655 1.0008968
z_listing[270]  -6.064493e-02 1.020350331 -1.654214150  1.5573991855 1.0004533
z_listing[271]   1.182827e-02 1.000813547 -1.619855476  1.6453234170 1.0036763
z_listing[272]  -1.525359e-02 1.020571591 -1.641184897  1.6157479000 0.9999390
z_listing[273]  -1.481877e-02 0.978499817 -1.628436207  1.5164557430 1.0000688
z_listing[274]  -9.189804e-03 1.002447456 -1.594871475  1.6160585865 1.0002407
z_listing[275]   3.852371e-02 0.990563398 -1.593769151  1.5876255510 1.0016594
z_listing[276]  -7.119359e-03 0.996592744 -1.609829746  1.6017867295 1.0000497
z_listing[277]   3.000797e-02 1.012402993 -1.564201291  1.6643427885 1.0022426
z_listing[278]  -7.486712e-02 1.015000451 -1.677384571  1.5951196670 1.0000435
z_listing[279]  -8.547590e-03 0.976306848 -1.611268283  1.5542676030 1.0009289
z_listing[280]  -1.205566e-02 1.009288546 -1.604467189  1.6222547210 1.0013012
z_listing[281]  -8.100070e-02 0.927434537 -1.578279345  1.4195456210 1.0001885
z_listing[282]  -1.066003e-02 1.025393112 -1.674884235  1.6079606850 1.0002244
z_listing[283]  -3.436577e-02 1.027024491 -1.652240642  1.5934958145 1.0006465
z_listing[284]  -3.399641e-02 1.006972743 -1.654012604  1.5903024410 1.0000506
z_listing[285]  -1.433809e-01 1.015706136 -1.735421401  1.4635010140 1.0008352
z_listing[286]  -1.465377e-02 0.988891535 -1.611658669  1.5489203465 1.0010091
z_listing[287]   5.635080e-02 1.001643035 -1.553956303  1.6922097765 0.9996204
z_listing[288]  -1.432122e-01 0.996591504 -1.740860499  1.4822244455 1.0004578
z_listing[289]  -2.478660e-02 0.996553850 -1.616660683  1.5851578490 1.0006317
z_listing[290]   4.911561e-03 0.978834427 -1.567176162  1.5357466775 1.0012369
z_listing[291]  -6.893150e-02 0.976106486 -1.594998090  1.4949506005 1.0030593
z_listing[292]  -5.932522e-03 0.980156012 -1.589897653  1.5235829995 1.0013145
z_listing[293]  -1.818782e-02 0.975631819 -1.576565591  1.5554873395 1.0010729
z_listing[294]  -2.675349e-02 0.991601210 -1.605721754  1.5390397410 1.0004655
z_listing[295]  -3.131936e-03 0.999749084 -1.598069448  1.5961197970 1.0006353
z_listing[296]  -6.025180e-02 1.020236503 -1.707102166  1.5841934895 1.0009170
z_listing[297]  -4.595932e-02 1.008044834 -1.625583564  1.5562300885 1.0029429
z_listing[298]   8.792279e-03 1.014729034 -1.628020986  1.6284669940 1.0008882
z_listing[299]   2.691496e-03 0.986840983 -1.567398554  1.5953536075 1.0017059
z_listing[300]   1.766490e-02 1.001224702 -1.587680943  1.6116132470 1.0004746
z_listing[301]  -1.446811e-01 0.992738735 -1.774187662  1.4450868105 0.9999993
z_listing[302]   6.458909e-02 1.008612278 -1.557317806  1.6736588435 1.0005364
z_listing[303]  -4.142363e-03 1.001803318 -1.565228716  1.6075617260 1.0000897
z_listing[304]   2.628153e-02 1.016506374 -1.586199218  1.6897161575 1.0018437
z_listing[305]   3.292494e-02 1.003861983 -1.550279695  1.6410744375 1.0003582
z_listing[306]  -3.325727e-02 0.994742189 -1.633881668  1.5679220125 0.9999893
z_listing[307]  -1.012167e-02 0.979519665 -1.557459134  1.5501010070 0.9999808
z_listing[308]   1.832649e-02 1.002610560 -1.590460924  1.5958742610 0.9998894
z_listing[309]  -4.601368e-04 0.979156262 -1.549603464  1.5855338830 1.0014460
z_listing[310]  -1.018993e-01 1.004123465 -1.727960008  1.4776528440 0.9996214
z_listing[311]  -9.246887e-02 0.985619174 -1.653932525  1.4919911060 1.0010260
z_listing[312]  -7.149802e-03 1.020332269 -1.632929989  1.6197948225 1.0006104
z_listing[313]  -2.116209e-05 1.002130443 -1.582755908  1.5925454265 1.0014475
z_listing[314]   1.485680e-02 0.999744467 -1.549361211  1.6479795585 1.0002617
z_listing[315]   6.212119e-02 1.015782523 -1.584738442  1.6630557920 1.0002078
z_listing[316]   1.664646e-03 1.006414042 -1.618612468  1.6218411090 1.0010933
z_listing[317]   1.506428e-02 0.998532697 -1.583133011  1.5930882945 1.0021651
z_listing[318]   3.368096e-02 0.946627389 -1.459633581  1.5366319500 1.0020355
z_listing[319]   3.236596e-02 1.007459718 -1.574699164  1.6537253220 1.0005352
z_listing[320]  -6.097046e-02 1.000115491 -1.679403935  1.5386298980 1.0024539
z_listing[321]  -3.110125e-03 1.012116393 -1.601591726  1.5758919975 0.9994367
z_listing[322]   7.439296e-02 0.991543207 -1.488172930  1.6652578940 0.9996078
z_listing[323]  -1.808269e-02 1.009022865 -1.649306241  1.6007722225 1.0003118
z_listing[324]  -9.501252e-02 1.028506289 -1.745408940  1.5379736030 1.0017583
z_listing[325]   4.318461e-02 0.960083206 -1.488195953  1.5635726880 0.9999364
z_listing[326]  -3.334177e-02 1.007011856 -1.676053654  1.5639555500 1.0009256
z_listing[327]  -4.099499e-02 0.976766609 -1.580845693  1.5226327895 1.0016576
z_listing[328]  -6.919265e-03 1.002165150 -1.593017545  1.5708533425 1.0009647
z_listing[329]  -1.167475e-01 1.004198628 -1.736684164  1.4836795295 1.0003539
z_listing[330]  -1.085198e-01 1.030870567 -1.765688362  1.5653526315 1.0026517
z_listing[331]  -3.129591e-02 1.006602467 -1.655722592  1.6220490555 0.9998644
z_listing[332]  -5.533082e-02 0.999049488 -1.649473252  1.6046571485 1.0011960
z_listing[333]  -4.418587e-03 0.993345684 -1.591592960  1.5799636365 1.0016970
z_listing[334]  -3.030586e-02 0.983353850 -1.648474563  1.5260100175 1.0006122
z_listing[335]  -9.577222e-02 0.992483336 -1.668842675  1.5259215730 1.0004917
z_listing[336]  -7.715126e-02 1.010195991 -1.682136895  1.5493241085 1.0002782
z_listing[337]  -4.246675e-02 1.003896933 -1.667898722  1.5877735665 1.0012578
z_listing[338]  -1.510819e-02 0.990423047 -1.647832841  1.5453223050 1.0002803
z_listing[339]  -2.583348e-02 1.002479322 -1.588394492  1.5894708735 0.9995619
z_listing[340]   4.492170e-02 0.967911950 -1.497199165  1.5956661355 1.0036097
z_listing[341]  -1.763738e-02 0.986834594 -1.555444055  1.5476680260 1.0017301
z_listing[342]   3.181303e-02 1.022972812 -1.591656655  1.6763920430 1.0021587
z_listing[343]  -5.594542e-02 1.010628551 -1.672253522  1.5653748490 1.0019022
z_listing[344]  -8.437972e-02 0.984535387 -1.663106723  1.4482748775 1.0011429
z_listing[345]   3.693705e-02 1.013344333 -1.560221659  1.6848239965 1.0002698
z_listing[346]   1.085581e-02 1.001232274 -1.587686961  1.5533282910 1.0008088
z_listing[347]   1.982251e-02 0.997567707 -1.568912910  1.6180761175 1.0008564
z_listing[348]  -1.030284e-02 0.977493527 -1.570894324  1.5955693885 1.0008066
z_listing[349]   8.543947e-03 1.025383675 -1.587687120  1.6714644860 1.0020388
z_listing[350]   8.130083e-03 0.989038789 -1.551642887  1.6014674805 1.0020882
z_listing[351]   3.042989e-02 1.005193378 -1.616373909  1.5955062730 1.0011692
z_listing[352]   1.627516e-02 1.001830467 -1.588382554  1.5979754215 1.0025220
z_listing[353]   5.726093e-03 1.016001692 -1.651957088  1.6162516705 1.0012765
z_listing[354]   2.821958e-02 0.995251370 -1.570395446  1.6054933875 1.0026180
z_listing[355]   3.237351e-02 0.996758608 -1.574367496  1.5931231115 1.0014071
z_listing[356]  -1.230976e-02 0.972575078 -1.532055748  1.5608466275 0.9999895
z_listing[357]  -2.331486e-02 0.987504777 -1.620448469  1.5383746765 1.0002060
z_listing[358]   5.268702e-02 1.013366632 -1.597316004  1.6707502180 1.0003233
z_listing[359]  -7.182513e-02 1.001163086 -1.668645556  1.5179797850 0.9996963
z_listing[360]   4.667888e-02 0.974856604 -1.541423060  1.5861454750 1.0025520
z_listing[361]   1.745574e-02 0.998867029 -1.560081823  1.6102137675 1.0033320
z_listing[362]  -2.616063e-02 0.995204253 -1.624613908  1.5802498855 1.0002765
z_listing[363]  -2.696380e-02 0.991995296 -1.594759126  1.5645485215 1.0004182
z_listing[364]   5.148194e-03 1.022885068 -1.601722115  1.6443775455 1.0013979
z_listing[365]  -1.802733e-02 0.984145462 -1.616340357  1.5573614500 1.0007186
z_listing[366]   1.543064e-01 1.003270842 -1.431636050  1.7461530705 1.0028543
z_listing[367]   1.137998e-02 0.966647438 -1.548801594  1.5147352270 1.0013210
z_listing[368]   2.053932e-02 0.975133879 -1.495793248  1.6169613860 1.0015730
z_listing[369]   3.085715e-02 0.980177159 -1.502149104  1.6054335090 1.0010613
z_listing[370]  -1.033056e-02 1.008154577 -1.609352486  1.5978897080 1.0010771
z_listing[371]   5.825720e-02 0.975075238 -1.462904058  1.6069070400 1.0030046
z_listing[372]   5.818341e-03 1.000160402 -1.587326857  1.6147799280 1.0015527
z_listing[373]  -2.932639e-02 1.001377102 -1.694559445  1.5846065300 1.0009447
z_listing[374]   8.378547e-02 1.008927190 -1.508243581  1.6966795085 1.0003647
z_listing[375]   1.340671e-02 0.999345038 -1.633537515  1.5943599430 1.0000924
z_listing[376]  -8.301962e-02 1.008613487 -1.673538095  1.5156845230 1.0014368
z_listing[377]   7.550878e-02 0.982252155 -1.547073133  1.6154744350 0.9997212
z_listing[378]   6.080646e-02 0.959349758 -1.473502009  1.5607765480 1.0003284
z_listing[379]  -3.828949e-02 0.985365961 -1.618255558  1.5197706395 1.0005241
z_listing[380]   1.626300e-02 0.964531512 -1.532220098  1.5649480345 1.0010541
z_listing[381]   5.949698e-02 0.961659121 -1.477909263  1.5730712575 1.0007873
z_listing[382]   1.532994e-02 1.025643976 -1.607240404  1.6292242685 1.0009528
z_listing[383]  -6.716854e-02 0.990411565 -1.641766290  1.5094207300 1.0000594
z_listing[384]   2.669301e-02 0.988611315 -1.547807922  1.6152850720 1.0012911
z_listing[385]  -2.828057e-02 1.015537313 -1.594366541  1.6120897910 1.0013100
z_listing[386]  -4.720488e-02 0.986285551 -1.625134649  1.5132008610 1.0007636
z_listing[387]  -1.539355e-01 1.000648104 -1.727480202  1.4708185650 1.0030733
z_listing[388]   3.226935e-02 0.987324893 -1.549009608  1.6320676320 1.0008315
z_listing[389]   7.705875e-04 0.979173859 -1.569959066  1.5502941245 1.0003407
z_listing[390]  -7.347655e-02 1.005398659 -1.671926354  1.5344385690 0.9999579
z_listing[391]   3.001500e-02 1.013301613 -1.558936413  1.6896101335 1.0000636
z_listing[392]  -3.613775e-02 0.977635560 -1.582153245  1.5173013645 1.0001467
z_listing[393]   5.532006e-03 0.976230959 -1.583146624  1.5644422965 1.0005944
z_listing[394]   8.483059e-02 0.967561995 -1.480490124  1.6228405650 1.0012552
z_listing[395]  -9.710390e-02 1.009135446 -1.724243027  1.4759591360 1.0017400
z_listing[396]  -3.501679e-02 1.000434833 -1.622503200  1.5796108295 1.0018862
z_listing[397]  -3.479951e-02 0.994851960 -1.622973628  1.5538072100 1.0014825
z_listing[398]   2.427451e-02 0.999646961 -1.563372989  1.6411135295 1.0018734
z_listing[399]  -3.616274e-03 0.990799843 -1.612166643  1.5886841065 1.0004006
z_listing[400]   1.656274e-02 1.025395708 -1.644834576  1.6635240595 1.0031363
z_listing[401]  -1.997513e-02 0.979910402 -1.600976907  1.5396333865 1.0004006
z_listing[402]  -3.598091e-02 0.987211248 -1.587020668  1.5427900470 1.0010778
z_listing[403]   2.233112e-02 1.026316609 -1.628485095  1.6346066230 0.9999270
z_listing[404]   3.081159e-02 0.988975228 -1.578674964  1.6441131775 1.0012679
z_listing[405]   2.239511e-02 0.999858434 -1.576738721  1.6179884385 1.0013415
z_listing[406]  -7.037779e-02 1.030359430 -1.705022101  1.5444598060 1.0006980
z_listing[407]   3.040250e-02 0.967881963 -1.505333961  1.5492360235 0.9997804
z_listing[408]   2.854292e-02 0.991321886 -1.549039317  1.6292662295 1.0044747
z_listing[409]   1.197547e-02 1.006831127 -1.591927791  1.6368669580 1.0003976
z_listing[410]  -1.852220e-02 0.984642309 -1.573507681  1.5454260385 0.9997588
z_listing[411]  -5.035808e-02 1.015392515 -1.716172608  1.5719916090 1.0027953
z_listing[412]  -9.018029e-02 0.974453013 -1.615424549  1.4572831385 1.0003986
z_listing[413]   2.973759e-02 0.996303945 -1.601115352  1.6087280710 0.9996542
z_listing[414]   1.765696e-02 1.005600886 -1.537946154  1.6164190690 1.0000130
z_listing[415]   3.116140e-02 0.980776760 -1.544160027  1.6024621270 1.0000373
z_listing[416]  -3.276436e-02 1.032633524 -1.702798575  1.6093535935 1.0025768
z_listing[417]   5.951037e-02 0.992776577 -1.509339785  1.6971837750 1.0026358
z_listing[418]   1.134836e-01 0.988767290 -1.454843440  1.7053376185 0.9999341
z_listing[419]  -7.641897e-02 1.001308724 -1.715792715  1.5364149635 1.0006808
z_listing[420]   3.928048e-03 1.003259061 -1.617439533  1.5806797950 1.0007891
z_listing[421]   1.434536e-01 0.984428126 -1.392959172  1.7198986780 1.0000901
z_listing[422]   1.124008e-02 1.000913205 -1.575496102  1.6598360250 1.0010159
z_listing[423]  -7.171163e-03 0.980362057 -1.555412225  1.5566537105 1.0026487
z_listing[424]  -4.805466e-02 1.013421489 -1.615715856  1.5573498690 1.0014733
z_listing[425]   1.764518e-02 0.984660730 -1.566029922  1.5448722855 1.0010812
z_listing[426]   5.687472e-02 0.979112822 -1.555770327  1.6062432885 1.0015002
z_listing[427]   8.961926e-02 0.998413097 -1.512008204  1.6738194970 0.9999728
z_listing[428]  -2.921387e-02 0.998111077 -1.616108708  1.5485911075 1.0018815
z_listing[429]   5.435290e-03 1.010486446 -1.656647028  1.6263727955 1.0008036
z_listing[430]  -2.737036e-02 1.005508426 -1.647513941  1.5955275745 1.0007359
z_listing[431]   5.222440e-02 1.004065112 -1.545240966  1.6829944860 1.0017525
z_listing[432]   4.595514e-02 1.019965139 -1.612147558  1.6302619535 1.0002368
z_listing[433]   2.036152e-02 1.021532279 -1.583219076  1.6384981055 0.9999410
z_listing[434]  -6.777511e-04 0.987373860 -1.569113566  1.5901855935 1.0015720
z_listing[435]   4.772188e-02 1.000118154 -1.561511435  1.6393783100 0.9997674
z_listing[436]  -5.075055e-03 0.989295896 -1.586675513  1.5619046070 1.0009253
z_listing[437]  -1.312155e-02 1.016980270 -1.648932697  1.6173566755 1.0032330
z_listing[438]  -5.764208e-02 0.996297403 -1.652663032  1.5096173640 1.0019089
z_listing[439]   4.259354e-02 0.992632931 -1.522282661  1.6033571085 1.0033710
z_listing[440]   2.576753e-02 0.974583548 -1.525561276  1.5701441290 0.9998531
z_listing[441]   3.230885e-02 0.989058587 -1.546507140  1.6107373365 1.0005328
z_listing[442]   1.528154e-02 0.980802979 -1.612637493  1.6006110595 0.9996145
z_listing[443]   4.920528e-03 1.014890194 -1.595894699  1.6047099700 1.0002107
z_listing[444]   7.426640e-02 1.002633011 -1.519372388  1.6957764815 1.0031148
z_listing[445]  -1.992384e-02 0.982955892 -1.575546499  1.5749504485 1.0016177
z_listing[446]  -1.682368e-03 1.011344599 -1.585524634  1.6238681840 1.0012431
z_listing[447]   1.273215e-02 1.004218200 -1.639530097  1.6021616450 1.0005625
z_listing[448]   1.882936e-02 0.981118618 -1.577925656  1.5716032935 1.0011655
z_listing[449]  -2.692712e-03 0.992453608 -1.619278138  1.5660395140 1.0010173
z_listing[450]  -2.885477e-02 1.033644993 -1.682052467  1.5806304010 0.9998981
z_listing[451]  -4.104585e-03 0.997123433 -1.584771684  1.6024957730 0.9999315
z_listing[452]   1.847466e-02 1.003520909 -1.561365679  1.6487468910 0.9996590
z_listing[453]  -3.952392e-02 0.976632109 -1.574597368  1.5262017980 0.9999020
z_listing[454]  -1.810669e-02 1.014285269 -1.617617123  1.5698084200 1.0019500
z_listing[455]   4.711908e-03 1.031498076 -1.640483803  1.6739479270 1.0018808
z_listing[456]   4.573095e-03 1.018327438 -1.591668102  1.6466959015 1.0007556
z_listing[457]   6.434598e-02 1.007835507 -1.511607311  1.6663803555 1.0003322
z_listing[458]  -5.881125e-03 1.002881336 -1.573978708  1.5654631980 1.0000802
z_listing[459]  -4.242112e-02 1.002864992 -1.678242033  1.5660659665 1.0005587
z_listing[460]   1.568156e-02 0.984390039 -1.551118717  1.6250484350 1.0023238
z_listing[461]   7.096577e-03 1.026708902 -1.600987302  1.6192292950 0.9999732
z_listing[462]  -1.851524e-02 1.003306953 -1.597080512  1.5634230000 1.0007127
z_listing[463]  -3.459579e-02 1.009801916 -1.668554242  1.5456004820 1.0011864
z_listing[464]   1.343133e-02 0.975342506 -1.572161611  1.5436581890 1.0024344
z_listing[465]   3.667363e-02 1.003925568 -1.578785668  1.6293397550 1.0006593
z_listing[466]   5.631835e-02 0.960689316 -1.455250413  1.6002667850 0.9998896
z_listing[467]   4.058165e-02 0.992329797 -1.572783777  1.6023310860 1.0018986
z_listing[468]   4.798034e-03 0.965944187 -1.512307801  1.5852816475 1.0005399
z_listing[469]  -3.808036e-03 1.004147032 -1.617996616  1.5915411860 1.0001025
z_listing[470]  -1.248703e-01 0.994199725 -1.725057340  1.4822837225 1.0009123
z_listing[471]   1.030982e-02 1.014736573 -1.605468476  1.5921810670 1.0014429
z_listing[472]   6.590149e-02 1.012094480 -1.567080600  1.6770382055 1.0012458
z_listing[473]   4.304557e-02 0.976267712 -1.530015449  1.6162197855 1.0011449
z_listing[474]  -1.449579e-01 1.003725933 -1.798550884  1.4436845825 0.9997491
z_listing[475]  -2.814018e-02 1.029054204 -1.672422498  1.5624108455 1.0006185
z_listing[476]   5.069318e-02 0.992629089 -1.570872010  1.6150882285 1.0012922
z_listing[477]   3.326922e-02 1.000128018 -1.545712865  1.6266960340 1.0003210
z_listing[478]  -3.932108e-02 0.962687769 -1.579349147  1.4507979485 0.9999859
z_listing[479]  -8.167519e-03 1.003502539 -1.607549829  1.6161522280 0.9999174
z_listing[480]  -8.734511e-03 1.017927713 -1.659836124  1.5879568680 0.9998373
z_listing[481]  -7.214544e-02 1.025165258 -1.708360672  1.5582319785 1.0006059
z_listing[482]   3.620612e-02 0.990711635 -1.563995486  1.5772358970 1.0016887
z_listing[483]   1.930093e-03 0.991529743 -1.578270787  1.5558590000 1.0018516
z_listing[484]  -1.706840e-02 0.972252104 -1.564505154  1.5336966540 1.0005017
z_listing[485]   3.074856e-02 1.014878163 -1.591177308  1.6425113515 1.0007148
z_listing[486]   3.239755e-02 0.984068122 -1.535623949  1.5959451340 1.0013565
z_listing[487]   1.450799e-02 1.033638199 -1.647350296  1.6385648415 1.0000331
z_listing[488]   3.989255e-03 0.978110659 -1.546088236  1.6088228595 1.0021103
z_listing[489]   3.136159e-02 0.986861209 -1.537348985  1.5591499265 1.0003145
z_listing[490]  -1.835637e-03 0.996999768 -1.572512685  1.5852702455 1.0010955
z_listing[491]   4.281723e-02 0.976118764 -1.532273353  1.5870156625 1.0007094
z_listing[492]  -6.825712e-03 0.997968400 -1.590114733  1.6096597415 0.9998764
z_listing[493]  -1.986488e-03 0.994621261 -1.572608299  1.5652009665 1.0000037
z_listing[494]   3.036082e-02 1.009045557 -1.548245529  1.6528628700 1.0014837
z_listing[495]  -1.131097e-02 1.030522214 -1.668022949  1.6456203275 1.0004163
z_listing[496]   5.639525e-02 1.025555742 -1.599270235  1.6544273250 1.0007842
z_listing[497]   3.511569e-02 0.996507419 -1.572921347  1.6339057670 1.0006090
z_listing[498]  -2.723985e-03 1.010306748 -1.554083569  1.6238373045 1.0002156
z_listing[499]   2.296061e-02 1.013410696 -1.569086243  1.6494155705 1.0017163
z_listing[500]   2.267935e-02 0.994915302 -1.543712143  1.6208139760 1.0012023
z_listing[501]   5.910019e-02 0.991847396 -1.549089314  1.6751809435 0.9999972
z_listing[502]   5.295623e-02 0.984574945 -1.518504803  1.6328025845 0.9993604
z_listing[503]   6.878525e-03 0.992670728 -1.625735129  1.5961594830 1.0002001
z_listing[504]   3.530213e-02 0.994020088 -1.571111198  1.6455704805 1.0011216
z_listing[505]   2.609085e-02 1.009639403 -1.579625259  1.6420130985 1.0002263
z_listing[506]   1.323551e-02 1.043043801 -1.653568169  1.6681637880 1.0003240
z_listing[507]  -4.513572e-02 1.000089921 -1.636974909  1.5414660650 1.0031211
z_listing[508]   3.070680e-03 0.989131734 -1.544329041  1.6019059005 1.0026912
z_listing[509]   1.654514e-02 0.986530997 -1.555977814  1.6037589035 1.0012174
z_listing[510]   2.302316e-02 1.017021545 -1.557915538  1.6414792590 1.0001809
z_listing[511]  -1.202450e-02 0.978496571 -1.595614365  1.5834676545 1.0000187
z_listing[512]  -6.995140e-04 0.999729810 -1.607298646  1.6101645815 1.0009930
z_listing[513]  -3.809333e-02 1.018301298 -1.661039081  1.5970788965 1.0034082
z_listing[514]   2.445813e-02 1.022518121 -1.605563407  1.6399934710 0.9999464
z_listing[515]   2.624067e-02 1.002341241 -1.598541462  1.6190237990 1.0019027
z_listing[516]  -6.804832e-02 0.971032076 -1.614951128  1.4451491780 1.0008650
z_listing[517]  -3.755210e-02 1.027524692 -1.693051813  1.5999622795 1.0009402
z_listing[518]   5.411092e-02 0.986236816 -1.510093527  1.6393813940 0.9998141
z_listing[519]   5.359934e-02 0.968121708 -1.465068670  1.6255874280 1.0008062
z_listing[520]  -2.423220e-02 0.997556711 -1.674704974  1.5449346720 1.0029132
z_listing[521]  -3.392266e-02 0.990782894 -1.639222355  1.5412459015 0.9996390
z_listing[522]   4.203132e-02 1.027051597 -1.598657494  1.6504726965 1.0006253
z_listing[523]  -2.968948e-02 1.015891762 -1.624473656  1.5914136415 1.0013532
z_listing[524]  -6.840902e-02 1.014155462 -1.670837251  1.5223655605 1.0011431
z_listing[525]   1.422857e-02 0.973943892 -1.499209804  1.5631955340 1.0006498
z_listing[526]   5.358103e-02 0.998179725 -1.538578822  1.6373829955 1.0014070
z_listing[527]   8.629324e-03 1.010799383 -1.609985728  1.6069638515 0.9999031
z_listing[528]  -8.632153e-03 0.978078186 -1.590335611  1.5433595345 1.0007442
z_listing[529]   2.137846e-02 1.013536973 -1.579802243  1.6083770895 1.0004907
z_listing[530]   3.683701e-02 1.022406302 -1.594046920  1.6801210215 0.9995465
z_listing[531]   1.211689e-02 1.009857391 -1.603363416  1.5949957340 0.9997235
z_listing[532]   4.101165e-03 0.988399099 -1.580816992  1.5759208565 1.0014454
z_listing[533]  -2.551827e-02 1.012535117 -1.632317286  1.5891738475 1.0001548
z_listing[534]  -7.618244e-03 0.985922942 -1.568235264  1.5497800245 1.0023896
z_listing[535]   2.130662e-02 1.002978025 -1.550739301  1.6522618085 0.9998833
z_listing[536]   1.004114e-02 0.979255740 -1.553795471  1.5620425910 0.9997266
z_listing[537]  -1.410483e-01 1.008117774 -1.760162884  1.4805314630 1.0001934
z_listing[538]   1.197538e-02 1.001036081 -1.565009664  1.6269878920 1.0029834
z_listing[539]  -6.927840e-03 0.997490664 -1.585095428  1.6128956370 1.0007407
z_listing[540]   1.151134e-02 0.999966625 -1.553217193  1.5957142455 1.0006079
z_listing[541]  -7.288654e-02 0.955198877 -1.614625347  1.4569509805 1.0008514
z_listing[542]  -3.620670e-02 0.972012832 -1.604277494  1.5134802705 1.0029099
z_listing[543]  -1.712266e-02 0.973115439 -1.615521899  1.5271583810 1.0016307
z_listing[544]   2.265518e-02 0.991322934 -1.533857392  1.6077887865 1.0002735
z_listing[545]   3.500958e-03 1.003823714 -1.595947232  1.5963528020 1.0005957
z_listing[546]  -1.228948e-05 1.007999794 -1.595975297  1.6006768975 1.0017794
z_listing[547]   2.720415e-02 0.970960156 -1.539821608  1.5821649275 1.0001963
z_listing[548]  -8.767807e-02 1.016856903 -1.679820211  1.5058326450 0.9997741
z_listing[549]   2.792242e-02 0.983832999 -1.519492222  1.6178840565 1.0001065
z_listing[550]   4.614645e-02 1.021556119 -1.589815080  1.6916649820 1.0035477
z_listing[551]   3.017931e-02 0.986962563 -1.538372368  1.6439852275 1.0012317
z_listing[552]  -8.926121e-03 1.005848805 -1.590823168  1.6085365615 1.0001881
z_listing[553]  -8.689794e-04 0.989986213 -1.596717007  1.5853941975 1.0018912
z_listing[554]  -5.080950e-02 1.007277649 -1.668926198  1.5471037440 0.9995292
z_listing[555]  -2.299442e-02 1.001019842 -1.622371006  1.5865934345 1.0007347
z_listing[556]   3.739529e-02 1.006539131 -1.554133554  1.6555657840 1.0031570
z_listing[557]  -4.059318e-02 1.009098322 -1.629503132  1.5737343615 1.0002829
z_listing[558]  -7.733539e-03 0.997027653 -1.612849224  1.6328860705 1.0001000
z_listing[559]   3.051930e-02 1.010520461 -1.604266750  1.6365295845 0.9998291
z_listing[560]   6.870253e-04 1.027544925 -1.647431191  1.5929640030 1.0021653
z_listing[561]   2.183182e-02 1.035777267 -1.629850860  1.6816583235 1.0039581
z_listing[562]   3.281560e-02 0.994913832 -1.568428394  1.6508052825 0.9996985
z_listing[563]  -6.076267e-02 0.981164779 -1.599606528  1.4976524990 1.0011448
z_listing[564]   4.603240e-03 1.002077979 -1.589992803  1.6587049400 1.0003220
z_listing[565]  -1.034779e-02 0.979995636 -1.580643822  1.5695067465 1.0001485
z_listing[566]  -2.362423e-02 0.998058455 -1.596274214  1.6082232010 1.0002911
z_listing[567]  -8.311943e-03 1.018975442 -1.602450265  1.6561203950 1.0010833
z_listing[568]   6.151770e-02 0.986182284 -1.503694891  1.6421358460 1.0001488
z_listing[569]   4.227680e-02 1.004926841 -1.547174871  1.6682388245 1.0018113
z_listing[570]  -2.786444e-02 1.003690807 -1.583806050  1.5837188040 1.0030334
z_listing[571]   3.067886e-03 1.015198201 -1.593829857  1.6292479875 1.0032732
z_listing[572]  -7.238567e-02 1.019751540 -1.698424869  1.5356039135 0.9997602
z_listing[573]  -3.723324e-02 1.013364568 -1.668375669  1.5691942555 1.0006243
z_listing[574]   8.537062e-02 1.028470303 -1.569802437  1.7385670400 1.0003446
z_listing[575]  -2.276883e-02 0.998313418 -1.626920184  1.5669184505 1.0016066
z_listing[576]  -5.181947e-02 0.982396838 -1.585711207  1.5101404510 1.0005124
z_listing[577]  -1.070937e-03 1.007596304 -1.626564210  1.6316288885 1.0009673
z_listing[578]   2.095096e-02 1.002247623 -1.549576135  1.6169655895 1.0002012
z_listing[579]  -1.005451e-02 0.993811443 -1.636508422  1.5789640995 0.9999072
z_listing[580]   9.000810e-03 1.009896229 -1.615649300  1.6588231225 1.0001346
z_listing[581]   8.531608e-03 0.980735078 -1.551157577  1.5496038375 1.0003887
z_listing[582]   1.700074e-03 0.977353605 -1.600740039  1.5675724800 0.9999298
z_listing[583]  -9.059316e-03 0.995577522 -1.638525793  1.5558312265 1.0014260
z_listing[584]   2.669758e-02 0.987499010 -1.588097471  1.6217281690 1.0007168
z_listing[585]  -4.420062e-03 1.009451269 -1.622982167  1.5984235870 0.9996167
z_listing[586]   1.530841e-02 0.967189059 -1.598544558  1.5745583420 1.0012765
z_listing[587]  -5.930099e-03 0.995522618 -1.572818850  1.5837919490 1.0009663
z_listing[588]  -4.831954e-03 0.999180852 -1.596713779  1.6081737385 1.0023401
z_listing[589]  -2.389394e-03 1.003201563 -1.568128076  1.6050839485 1.0002360
z_listing[590]   1.723291e-02 1.011320940 -1.560265035  1.6390273100 1.0005989
z_listing[591]   9.283985e-03 0.996455460 -1.576866439  1.6025411565 1.0000437
z_listing[592]  -2.007001e-03 0.988553896 -1.558651087  1.5877999910 1.0000098
z_listing[593]  -5.639172e-02 1.007292215 -1.651895153  1.5149471790 1.0022595
z_listing[594]   1.083170e-02 0.972583578 -1.565923441  1.5225051785 1.0038796
z_listing[595]  -1.834941e-02 1.018428174 -1.659541823  1.5837879670 1.0009235
z_listing[596]  -2.937670e-02 0.974772915 -1.544558450  1.5439786920 1.0002165
z_listing[597]   2.259933e-03 1.013298278 -1.626385491  1.6232440055 1.0006944
z_listing[598]   2.717878e-02 0.967395812 -1.524189561  1.6017185870 1.0003378
z_listing[599]  -1.062275e-02 0.996378031 -1.593373228  1.6467028450 1.0018422
z_listing[600]  -4.700725e-03 0.977422186 -1.592043134  1.5732616515 0.9997309
z_listing[601]   2.216865e-02 1.003680825 -1.592702979  1.6379086445 0.9996921
z_listing[602]  -8.979333e-03 1.037483177 -1.655703849  1.6241315875 1.0000045
z_listing[603]  -9.282382e-04 1.018362074 -1.615255790  1.5909186880 1.0006209
z_listing[604]  -2.349345e-02 0.989959650 -1.570927275  1.5602847600 1.0007606
z_listing[605]   1.347507e-02 0.973335269 -1.515812436  1.5701797710 1.0000668
z_listing[606]  -7.795572e-03 0.980524810 -1.553294063  1.5460324815 1.0018326
z_listing[607]  -1.756838e-02 0.992780884 -1.593385226  1.5679023440 1.0007798
z_listing[608]   2.303517e-02 1.000471574 -1.554990018  1.6275423445 1.0012861
z_listing[609]   1.744625e-02 0.999024287 -1.583723643  1.6455052290 1.0011769
z_listing[610]  -3.077011e-02 1.038471284 -1.674328934  1.6310047015 1.0002392
z_listing[611]  -9.909718e-02 0.993094632 -1.672094289  1.4476890820 1.0004020
z_listing[612]  -1.129929e-03 0.976933014 -1.560185676  1.5504743030 1.0005358
z_listing[613]   5.001160e-03 0.977746069 -1.552452377  1.5429974675 1.0010380
z_listing[614]  -4.976566e-03 0.980315200 -1.555430003  1.5790899210 1.0009171
z_listing[615]   2.732280e-03 0.997980813 -1.599837712  1.6293799210 0.9999979
z_listing[616]  -1.053382e-02 0.999654849 -1.605727000  1.5726956885 1.0028880
z_listing[617]   4.321009e-02 0.996616158 -1.536109521  1.6316133835 1.0009880
z_listing[618]  -1.784965e-02 0.974495109 -1.591868098  1.5356442720 1.0007397
z_listing[619]   2.846154e-02 0.992208655 -1.578916170  1.5929904925 1.0004349
z_listing[620]   4.210763e-02 0.995461770 -1.516570234  1.6390606165 1.0007482
z_listing[621]   1.597372e-02 0.990319795 -1.550157930  1.6122456020 1.0007630
z_listing[622]  -1.402648e-01 1.010587818 -1.714459386  1.4580253225 1.0014931
z_listing[623]   3.503565e-02 0.993248099 -1.586436365  1.6350850500 1.0015551
z_listing[624]   2.024684e-02 1.001756139 -1.551963290  1.6158496575 0.9997209
z_listing[625]   5.345544e-02 1.005197481 -1.546959992  1.6596461240 1.0012899
z_listing[626]  -7.707409e-02 0.996374237 -1.681836873  1.4934516145 1.0002600
z_listing[627]  -4.260163e-03 1.020038262 -1.650641199  1.6348487120 1.0008548
z_listing[628]   2.149366e-02 1.022294211 -1.582006009  1.6682899420 1.0003938
z_listing[629]   4.557619e-03 1.011290322 -1.639189414  1.6554068310 0.9998240
z_listing[630]   3.253326e-02 0.980700869 -1.584200529  1.5950588920 1.0010731
z_listing[631]  -4.434891e-02 0.995031525 -1.620195037  1.5194394565 1.0006398
z_listing[632]   7.568459e-02 1.033437649 -1.577837160  1.7059230680 1.0004944
z_listing[633]   9.899542e-03 0.976915423 -1.548363409  1.5743098455 1.0006054
z_listing[634]  -5.390447e-03 0.996295904 -1.595622990  1.5683923340 1.0006090
z_listing[635]   3.482563e-02 1.016244667 -1.609959979  1.6345234320 1.0009294
z_listing[636]  -1.278346e-02 0.999974558 -1.582486640  1.5829807085 1.0018794
z_listing[637]   3.806054e-02 1.011847647 -1.565060078  1.6039531950 1.0011724
z_listing[638]   3.450304e-03 0.990652050 -1.571428272  1.5744177005 1.0004766
z_listing[639]   1.616809e-02 0.990940129 -1.546315322  1.5990590420 1.0012797
z_listing[640]  -2.801949e-02 1.031609420 -1.712249806  1.6208836570 0.9998146
z_listing[641]   4.631496e-03 0.971885637 -1.562248665  1.5135493955 1.0016208
z_listing[642]   2.606845e-02 1.001380204 -1.571482216  1.5888388835 1.0003884
z_listing[643]   1.334554e-02 0.991380539 -1.548831578  1.6453328745 1.0019554
z_listing[644]   1.270940e-02 0.988515984 -1.601261628  1.6168203755 1.0001221
z_listing[645]  -6.057049e-02 1.016351056 -1.709206157  1.5546887325 1.0001623
z_listing[646]  -3.047100e-02 1.007004639 -1.626103164  1.5630953050 1.0002444
z_listing[647]  -4.557555e-03 0.977275929 -1.585392022  1.5606598355 1.0018240
z_listing[648]   4.448087e-02 0.979805198 -1.537825463  1.6162040680 1.0010522
z_listing[649]  -3.420419e-03 0.998441479 -1.618093481  1.6074897935 1.0000674
z_listing[650]  -1.908214e-02 0.993234889 -1.618038317  1.5154828280 1.0011340
z_listing[651]  -3.629031e-02 0.950999350 -1.553109995  1.4795950625 1.0004432
z_listing[652]  -1.662119e-02 1.023112724 -1.647990118  1.6162167420 1.0027350
z_listing[653]  -3.353880e-02 1.011958790 -1.640169007  1.5810942720 1.0004631
z_listing[654]   3.851618e-02 0.997954784 -1.516721986  1.6619208425 1.0003061
z_listing[655]   4.274246e-02 1.038838656 -1.617328645  1.7526645045 1.0002609
z_listing[656]  -5.358745e-02 0.989072963 -1.630324104  1.5079688585 1.0019469
z_listing[657]   6.173730e-02 0.972732240 -1.505291282  1.5880847095 1.0020020
z_listing[658]   6.815246e-02 0.975422736 -1.490910128  1.6393870370 0.9998979
z_listing[659]   1.444242e-02 0.984063529 -1.570401177  1.5693964730 1.0001540
z_listing[660]  -4.627611e-02 1.016641212 -1.659556459  1.5924724015 0.9997044
z_listing[661]   1.499032e-02 0.985504926 -1.534081840  1.6217468070 1.0005975
z_listing[662]  -6.639968e-03 1.005457631 -1.626038576  1.5788800835 1.0002124
z_listing[663]  -1.843072e-02 1.034994535 -1.653529390  1.5835606715 1.0005836
z_listing[664]   4.214908e-03 0.987086992 -1.578893688  1.5557052155 1.0004033
z_listing[665]  -3.940275e-02 0.997289539 -1.659745529  1.5493156125 1.0002068
z_listing[666]   2.023509e-02 0.978152201 -1.526759640  1.5811243610 1.0004220
z_listing[667]   1.002664e-02 0.997895063 -1.593081972  1.6046341680 1.0006653
z_listing[668]   1.209573e-02 0.978472950 -1.551237631  1.5911164805 1.0026674
z_listing[669]  -6.353162e-02 1.036190475 -1.695282797  1.5697865470 1.0000142
z_listing[670]  -1.119555e-01 0.953658529 -1.613419466  1.4226640490 0.9998908
z_listing[671]   2.019491e-02 0.989557453 -1.552667483  1.6072963785 0.9998447
z_listing[672]  -5.203763e-01 1.052107924 -2.207672282  1.1390069790 1.0023532
z_listing[673]   3.127328e-02 0.993252416 -1.574202997  1.6093976275 1.0001991
z_listing[674]   3.149840e-02 0.985076117 -1.546693104  1.6075143270 1.0026236
z_listing[675]  -6.309999e-02 1.017343936 -1.696238184  1.5630153965 1.0011297
z_listing[676]   4.286914e-02 0.999948783 -1.567494344  1.6056387240 1.0001732
z_listing[677]  -5.117417e-03 0.983020172 -1.569688563  1.5638540010 1.0005242
z_listing[678]  -3.031262e-02 0.980032677 -1.619805355  1.5253386095 1.0035343
z_listing[679]  -3.164051e-01 0.995263381 -1.896395884  1.2805374685 1.0017598
z_listing[680]  -4.356630e-02 0.962771868 -1.560995094  1.5042285490 1.0007809
z_listing[681]   7.517722e-03 0.990508750 -1.589122267  1.6401151795 0.9999607
z_listing[682]  -5.515539e-02 0.985991069 -1.614847604  1.5552438925 1.0027750
z_listing[683]   1.332576e-02 1.000715241 -1.608293473  1.6221316170 1.0026409
z_listing[684]   1.443382e-02 1.007616613 -1.551564014  1.6351308520 1.0011462
z_listing[685]   3.513106e-02 0.967749475 -1.514038347  1.5871418330 1.0001089
z_listing[686]   1.521682e-02 0.991633393 -1.569982332  1.6011377070 1.0006100
z_listing[687]   5.184295e-03 1.009114687 -1.600930305  1.6040890920 1.0004404
z_listing[688]   6.059072e-02 0.986004309 -1.532604055  1.6434102455 1.0028286
z_listing[689]   2.940385e-02 0.981727506 -1.520999101  1.5828738495 0.9998887
z_listing[690]  -1.153177e-02 1.004658113 -1.610430473  1.6127480510 0.9996284
z_listing[691]   6.196829e-03 1.013818514 -1.622302705  1.6443094170 1.0017025
z_listing[692]   1.337902e-02 1.004065209 -1.609962985  1.6142267665 1.0004311
z_listing[693]  -2.602391e-02 1.022980262 -1.623770877  1.6442982670 1.0005297
z_listing[694]  -2.872188e-04 0.942943148 -1.509651850  1.5100750820 1.0014613
z_listing[695]   1.162004e-02 1.007570214 -1.612010746  1.6403079445 0.9996209
z_listing[696]  -2.974508e-02 0.977564974 -1.606488067  1.5698993745 1.0015195
z_listing[697]  -5.698597e-03 0.989168427 -1.582414085  1.5657362470 1.0010949
z_listing[698]  -5.514700e-03 0.981141181 -1.589635438  1.5533122980 1.0012732
z_listing[699]  -3.806820e-02 1.019145285 -1.638899353  1.6144487615 1.0013446
z_listing[700]  -5.008814e-03 0.998823745 -1.600805232  1.5938930735 1.0009440
z_listing[701]   4.135643e-02 0.981678258 -1.538733087  1.6080569865 1.0000587
z_listing[702]  -6.887846e-02 1.007749620 -1.690770322  1.5182306705 0.9996675
z_listing[703]   3.295338e-02 1.001598513 -1.559987266  1.6307263275 1.0014205
z_listing[704]   3.500178e-02 0.995930497 -1.532581808  1.6594052440 1.0018214
z_listing[705]   8.693640e-03 1.013780683 -1.586571711  1.6581819030 0.9996916
z_listing[706]  -3.098753e-02 0.984593491 -1.586808538  1.5574093445 1.0008326
z_listing[707]  -7.196794e-03 1.004924019 -1.627198225  1.6118133370 1.0000845
z_listing[708]   3.092717e-03 0.999260345 -1.582537319  1.5810287300 1.0008682
z_listing[709]  -5.397074e-02 0.980549768 -1.627781280  1.5277974005 1.0000917
z_listing[710]   4.162032e-02 1.018691523 -1.569056571  1.6788107055 0.9998017
z_listing[711]  -7.715134e-02 0.969920763 -1.647588263  1.4495926110 1.0007980
z_listing[712]   1.182412e-01 0.974190869 -1.446158141  1.6680043870 1.0019535
z_listing[713]  -1.944489e-02 0.996109018 -1.643820057  1.5741693070 1.0000304
z_listing[714]   9.314940e-05 0.988918976 -1.564077955  1.5679177975 1.0006915
z_listing[715]   2.544409e-03 1.032239591 -1.639861516  1.6276816745 1.0004975
z_listing[716]   2.164640e-02 0.989577868 -1.587232361  1.5952476005 1.0011544
z_listing[717]   3.291976e-02 1.003853559 -1.549249881  1.6339487510 1.0001705
z_listing[718]   2.659770e-02 0.980014808 -1.545562076  1.5954491270 1.0011120
z_listing[719]  -3.073001e-03 0.992188039 -1.597063488  1.5440387540 1.0000400
z_listing[720]   2.893723e-02 0.998164650 -1.531786998  1.6100323210 1.0011692
z_listing[721]   1.450303e-02 0.997277309 -1.554099912  1.5835921745 1.0006588
z_listing[722]   2.192132e-02 1.013202361 -1.582263368  1.6452458190 1.0003903
z_listing[723]   4.105903e-03 0.976964333 -1.555343395  1.5827446285 1.0004759
z_listing[724]  -8.661708e-02 0.950171557 -1.618764395  1.4363676490 0.9997961
z_listing[725]  -3.687148e-02 1.036761672 -1.683748829  1.5941172575 1.0013190
z_listing[726]   3.905009e-02 1.005313307 -1.584659864  1.6516518280 1.0004847
z_listing[727]   1.717640e-02 1.010908888 -1.555239748  1.6311645660 1.0014567
z_listing[728]   8.918066e-02 0.982961071 -1.524465309  1.6554981215 1.0014029
z_listing[729]  -5.154655e-02 1.036816151 -1.756074485  1.6103135190 1.0006913
z_listing[730]   4.044939e-03 0.986239720 -1.525246567  1.5973660700 1.0006667
z_listing[731]   3.153833e-02 0.993473043 -1.544398486  1.6004726895 1.0000105
z_listing[732]   1.283098e-01 0.992831204 -1.433890321  1.7012158295 0.9998453
z_listing[733]  -3.119227e-02 0.966429644 -1.561825763  1.5134598925 1.0011704
z_listing[734]   5.027017e-02 0.973461590 -1.497401477  1.6369645110 1.0009685
z_listing[735]  -2.656201e-02 1.035092079 -1.677940360  1.5841727510 0.9998063
z_listing[736]  -2.816778e-02 0.989349286 -1.636221723  1.5191955145 1.0019790
z_listing[737]  -4.402543e-02 0.992672203 -1.646518559  1.5690814340 1.0002543
z_listing[738]  -3.168836e-03 0.981969824 -1.536555620  1.5603959335 1.0028188
z_listing[739]   4.281217e-03 0.997498591 -1.583783461  1.5884468590 1.0010066
z_listing[740]   3.209991e-02 1.032069529 -1.587417822  1.6974338070 1.0002485
z_listing[741]  -5.219369e-03 0.985458265 -1.561925610  1.5474468690 1.0009986
z_listing[742]   4.861209e-03 1.030318843 -1.672185577  1.6645162890 1.0011985
z_listing[743]   1.276074e-02 1.017395845 -1.603245305  1.6162216905 1.0002048
z_listing[744]   4.888763e-02 0.993156917 -1.589658945  1.6352818585 1.0012399
z_listing[745]  -6.831556e-02 1.010284202 -1.674990565  1.5411338130 1.0006423
z_listing[746]  -1.253816e-01 0.970633839 -1.643145910  1.4256279375 0.9996989
z_listing[747]   3.900188e-02 1.011608531 -1.589484456  1.6621321260 0.9999978
z_listing[748]   5.682213e-03 1.002577143 -1.588089111  1.5873897555 0.9999702
z_listing[749]  -5.904679e-02 0.953731077 -1.558640430  1.4760886590 1.0025615
z_listing[750]   8.331668e-03 0.985007301 -1.566801337  1.5524278830 1.0002829
z_listing[751]  -6.059428e-02 0.973899152 -1.640761498  1.5078312825 1.0010623
z_listing[752]   2.014800e-02 1.016430543 -1.599698825  1.6873796780 1.0017107
z_listing[753]  -2.815787e-02 0.974446613 -1.577535050  1.4918116330 1.0000542
z_listing[754]  -2.402431e-02 1.002350240 -1.597716796  1.5809235335 0.9998404
z_listing[755]  -1.655152e-02 1.004045455 -1.616899066  1.6220440310 1.0000659
z_listing[756]   1.653112e-02 0.997812017 -1.603040718  1.6336752905 1.0009157
z_listing[757]   2.015549e-02 1.011725928 -1.602537311  1.6754915770 1.0003959
z_listing[758]   4.314018e-02 0.997167558 -1.575576542  1.5978837310 1.0013920
z_listing[759]   1.201337e-02 0.999500545 -1.571032957  1.6132109290 1.0002597
z_listing[760]   2.752511e-02 1.006620868 -1.601200037  1.6308199140 1.0010151
z_listing[761]  -3.304237e-02 0.988151994 -1.595502475  1.5435546605 1.0006277
z_listing[762]   4.658064e-02 0.996179870 -1.556023596  1.6281959240 1.0001170
z_listing[763]   3.436600e-02 1.010952990 -1.568960513  1.6135157445 1.0031560
z_listing[764]   6.274080e-02 1.023919150 -1.592822142  1.7100884980 1.0007790
z_listing[765]  -9.110625e-03 0.987160650 -1.603006102  1.5747460470 1.0013370
z_listing[766]   3.001008e-02 1.039355719 -1.622110410  1.6847597855 1.0000546
z_listing[767]  -5.899530e-03 0.978196619 -1.542021077  1.5611920930 1.0009155
z_listing[768]   4.395559e-02 1.014089359 -1.613156724  1.6879135985 0.9998790
z_listing[769]   6.748095e-02 0.982159090 -1.554153772  1.6365088055 1.0011647
z_listing[770]   4.290780e-03 1.022601710 -1.618364831  1.6199338340 1.0005000
z_listing[771]  -4.057935e-03 0.977604191 -1.595197486  1.5916103165 1.0001797
z_listing[772]   1.387449e-02 1.015314098 -1.653589642  1.6362152965 1.0021554
z_listing[773]  -3.917932e-02 0.990759906 -1.618690310  1.5838995545 1.0004898
z_listing[774]  -2.219099e-02 1.006361591 -1.590703793  1.6097041675 1.0004438
z_listing[775]   6.494434e-02 0.990863790 -1.532150620  1.6690690420 0.9995400
z_listing[776]   6.230130e-03 1.008180345 -1.619680804  1.5988178110 1.0010623
z_listing[777]   6.245541e-02 0.996848319 -1.548510781  1.6575922245 0.9999915
z_listing[778]   2.371630e-02 0.996225556 -1.606247276  1.6205493935 1.0012536
z_listing[779]   1.915669e-01 1.004602000 -1.413394168  1.8102311025 1.0012258
z_listing[780]   3.405501e-02 1.000048332 -1.581403300  1.6298760345 1.0017792
z_listing[781]  -4.216573e-03 1.018941373 -1.664801594  1.6089668500 1.0015217
z_listing[782]   1.795056e-02 0.983554126 -1.524270628  1.5878650315 1.0004609
z_listing[783]  -4.136540e-02 0.986605713 -1.603826903  1.5436901590 1.0004635
z_listing[784]   1.505942e-01 1.027579925 -1.490676813  1.7950954820 1.0016167
z_listing[785]  -7.475868e-04 0.996267200 -1.602666704  1.5851043685 1.0008435
z_listing[786]  -6.701502e-02 0.971394075 -1.604198700  1.4457127315 1.0002755
z_listing[787]   6.417869e-02 1.006968865 -1.541319683  1.6537260010 1.0044190
z_listing[788]   4.200058e-03 1.016310279 -1.634003468  1.6371535130 1.0016689
z_listing[789]   4.852675e-02 1.004585776 -1.567636556  1.6295733750 0.9999944
z_listing[790]   6.000531e-03 1.009528327 -1.606933657  1.6261221695 1.0032316
z_listing[791]   6.814258e-04 0.978333433 -1.526035359  1.5878248020 1.0003541
z_listing[792]   8.153277e-02 1.022961333 -1.580629584  1.7434825680 1.0010068
z_listing[793]  -2.726211e-02 1.017784567 -1.708300885  1.5776470485 1.0013939
z_listing[794]  -3.227865e-02 1.007467903 -1.635633119  1.5760524940 1.0029032
z_listing[795]   1.207295e-02 1.014322418 -1.651555462  1.6172818855 1.0007028
z_listing[796]   8.530748e-04 0.969948124 -1.544473255  1.5609213335 1.0004475
z_listing[797]   1.534659e-02 1.023846945 -1.589096021  1.6473573275 1.0021339
z_listing[798]   6.819798e-05 1.032933248 -1.679876101  1.6392447430 1.0019155
z_listing[799]  -6.860405e-03 0.992616453 -1.605878975  1.5558066665 1.0013882
z_listing[800]   2.741549e-02 0.989591753 -1.571290715  1.6008508650 0.9999716
z_listing[801]   1.517212e-02 1.002273991 -1.618373257  1.6005400580 1.0016699
z_listing[802]  -5.104096e-02 0.971024452 -1.611451817  1.5269775420 1.0004674
z_listing[803]  -1.382946e-02 0.992708407 -1.550721885  1.5975804100 1.0008879
z_listing[804]   7.672415e-04 1.001683164 -1.604116239  1.6110153140 1.0022128
z_listing[805]   5.384887e-02 0.982663084 -1.536604613  1.5979882235 1.0004778
z_listing[806]   6.604270e-02 1.019095386 -1.566310098  1.7245036190 0.9998156
z_listing[807]   3.946581e-04 0.973443105 -1.541679584  1.5611548260 1.0007881
z_listing[808]   5.666281e-02 0.972676698 -1.514724865  1.5948540370 1.0004151
z_listing[809]   3.329769e-02 1.006945986 -1.573146625  1.6250657685 0.9998404
z_listing[810]   2.342788e-02 0.976772851 -1.538777018  1.5812119365 1.0019405
z_listing[811]   2.313341e-02 1.007457800 -1.549703751  1.6167440925 1.0009264
z_listing[812]   2.867502e-02 0.987709049 -1.571465956  1.6019508780 1.0025685
z_listing[813]   2.048638e-02 0.980504590 -1.530581895  1.5728766475 0.9996628
z_listing[814]  -1.787110e-01 1.021697777 -1.823572721  1.4589376325 1.0000919
z_listing[815]   1.186353e-02 0.992758857 -1.588049436  1.6014723055 1.0004295
z_listing[816]   3.945305e-02 0.971018877 -1.496593399  1.6144051430 1.0018709
z_listing[817]   9.052928e-04 0.999119937 -1.594736527  1.5514167140 1.0008706
z_listing[818]   1.453723e-02 1.035355006 -1.593646973  1.6811860765 1.0002500
z_listing[819]  -3.445344e-02 0.977869114 -1.588643636  1.5064174410 0.9998649
z_listing[820]   4.484410e-02 0.986198266 -1.539006008  1.6284787710 1.0019501
z_listing[821]   6.458384e-03 0.954191407 -1.539910394  1.4954646300 1.0019864
z_listing[822]   4.046298e-02 0.999656565 -1.569312428  1.6209396400 1.0032220
z_listing[823]   1.665973e-02 1.001989941 -1.553017873  1.6250779095 1.0003645
z_listing[824]   4.713454e-03 0.982708137 -1.590321577  1.5877517760 1.0024290
z_listing[825]   3.520173e-02 1.005930832 -1.589340669  1.6291488540 1.0007551
z_listing[826]  -3.125362e-02 1.003199806 -1.662784969  1.5737401215 1.0011842
z_listing[827]   4.665522e-02 0.996817577 -1.532596172  1.6347632820 0.9996977
z_listing[828]  -1.177867e-01 1.030529546 -1.801649898  1.5385334155 1.0013895
z_listing[829]  -2.678534e-02 0.964799286 -1.607565724  1.5016141770 1.0035971
z_listing[830]   7.035447e-02 0.998308529 -1.512054375  1.6527144935 1.0010752
z_listing[831]   3.801185e-02 1.012304444 -1.573567948  1.6555511400 1.0018199
z_listing[832]   7.411927e-02 1.003381297 -1.513941884  1.6724274745 1.0009724
z_listing[833]  -1.556269e-02 1.008493294 -1.601301242  1.5977903295 1.0016021
z_listing[834]   1.575361e-02 1.020023790 -1.601770591  1.6088140795 1.0013218
z_listing[835]  -2.495758e-02 0.996071877 -1.642776865  1.5457140845 1.0011867
z_listing[836]   3.385444e-03 0.975705818 -1.545130448  1.5385434220 1.0016460
z_listing[837]  -1.095527e-02 0.980826897 -1.562579604  1.5856225510 1.0016272
z_listing[838]   3.810136e-02 1.003491706 -1.540367774  1.6390637545 1.0023377
z_listing[839]  -4.853553e-02 0.969400677 -1.593448424  1.5040905930 1.0001806
z_listing[840]  -2.009287e-02 1.000960971 -1.600922389  1.6167658620 1.0001667
z_listing[841]  -5.466692e-02 0.979886174 -1.657520425  1.5072158470 1.0008437
z_listing[842]   2.338128e-02 1.016137566 -1.598698569  1.6233771275 1.0003093
z_listing[843]   3.268200e-02 0.981490463 -1.560744725  1.5896749940 1.0014283
z_listing[844]   4.350845e-02 0.994767267 -1.525129968  1.6241889340 1.0001168
z_listing[845]   5.100948e-02 0.991136977 -1.524902953  1.6119449755 1.0011432
z_listing[846]  -1.042027e-01 1.002070246 -1.727524584  1.5112126200 1.0018647
z_listing[847]   6.972976e-02 1.007874581 -1.568204561  1.6966555465 1.0002522
z_listing[848]   1.693567e-02 1.039144177 -1.641796499  1.6989313360 0.9994155
z_listing[849]  -4.255049e-03 0.983963492 -1.599659734  1.5715827795 1.0010813
z_listing[850]  -1.863129e-02 0.998583125 -1.634806636  1.5659465060 1.0015310
z_listing[851]   2.479155e-02 1.026055367 -1.615854785  1.6542318765 1.0010993
z_listing[852]  -1.814142e-01 0.994499737 -1.768455590  1.3586563635 1.0011277
z_listing[853]   8.619365e-02 1.013728283 -1.532080141  1.7170487510 1.0010106
z_listing[854]  -3.749785e-02 0.991172797 -1.620267664  1.5627868565 1.0006665
z_listing[855]   2.221137e-02 1.006026732 -1.609830933  1.6533195505 1.0005265
z_listing[856]   7.807924e-04 1.003416164 -1.619760944  1.6024598715 1.0029692
z_listing[857]  -6.360548e-02 1.002636479 -1.657554671  1.5545488345 1.0005857
z_listing[858]   1.170875e-02 0.987599454 -1.549332053  1.6231403775 1.0010687
z_listing[859]   1.091527e-02 0.983661120 -1.582986436  1.5739282930 1.0003162
z_listing[860]   1.067781e-01 0.983074653 -1.459757717  1.6733722505 1.0015998
z_listing[861]   1.364167e-01 1.006065272 -1.444288790  1.7208910715 1.0017320
z_listing[862]  -3.112963e-02 1.009540535 -1.629568229  1.5691175385 1.0028696
z_listing[863]   1.172607e-01 0.995971604 -1.486296094  1.6788776230 1.0025486
z_listing[864]  -1.723523e-01 1.002349199 -1.776623483  1.4215630805 1.0000381
z_listing[865]   3.015985e-02 0.999159610 -1.558000433  1.6162086865 1.0008422
z_listing[866]  -1.069470e-02 0.988614783 -1.600944716  1.5522592060 1.0005079
z_listing[867]  -9.854317e-02 1.015342931 -1.702133885  1.5210273400 1.0005783
z_listing[868]  -9.290115e-02 0.982537230 -1.655767431  1.4622000540 1.0003675
z_listing[869]   3.041095e-02 0.979597905 -1.525213785  1.6044922460 1.0023670
z_listing[870]  -3.227234e-03 0.976671234 -1.608081976  1.4994523240 1.0013145
z_listing[871]   2.979134e-02 1.023534878 -1.608878092  1.6726815760 1.0000541
z_listing[872]   6.363709e-03 0.978959099 -1.550312283  1.5848149920 1.0022633
z_listing[873]   3.112275e-02 0.981880500 -1.504869296  1.6253104295 1.0022136
z_listing[874]  -1.358700e-01 1.007957115 -1.776198380  1.4921032790 1.0003850
z_listing[875]   3.576993e-02 1.005040530 -1.529286000  1.6273407715 0.9995666
z_listing[876]   2.493873e-02 0.995447249 -1.614652834  1.5949426690 1.0007742
z_listing[877]  -2.071933e-02 1.012461478 -1.615225126  1.6323187020 1.0010811
z_listing[878]   6.834154e-04 0.998110697 -1.580931517  1.6171430800 1.0028202
z_listing[879]   1.052665e-01 0.993014971 -1.489160719  1.6912800105 1.0014662
z_listing[880]   1.106982e-01 0.980339016 -1.468530316  1.6396112745 1.0038968
z_listing[881]   1.259746e-02 1.004110697 -1.603068762  1.6139794300 1.0008066
z_listing[882]  -1.408092e-01 1.019644883 -1.783650780  1.5162525670 1.0003358
z_listing[883]   7.808315e-02 0.999475724 -1.518227441  1.7216801400 1.0011584
z_listing[884]  -6.745373e-02 1.000437279 -1.680253663  1.5334087370 1.0004296
z_listing[885]  -1.778513e-02 0.992391214 -1.607411536  1.5812618310 1.0004470
z_listing[886]  -1.696903e-02 1.000350599 -1.616820584  1.5839147650 1.0000131
z_listing[887]  -2.608688e-02 0.993053670 -1.616031520  1.5585489980 1.0003616
z_listing[888]   4.460971e-02 1.002832508 -1.557224249  1.6587169415 1.0020711
z_listing[889]  -1.479834e-02 0.981715596 -1.582572341  1.5381363080 1.0002441
z_listing[890]  -2.293502e-03 0.996436605 -1.606657523  1.5853092760 1.0005836
z_listing[891]   1.119361e-02 0.978379049 -1.553094744  1.5577167910 1.0012407
z_listing[892]   2.095897e-02 0.998093254 -1.580461823  1.6164602225 1.0007202
z_listing[893]   3.589093e-02 1.007177518 -1.578556422  1.6592341890 1.0004555
z_listing[894]  -1.335603e-01 0.990125481 -1.736194712  1.4412604465 0.9998306
z_listing[895]   7.894494e-02 0.983172249 -1.486176548  1.6179672355 1.0018742
z_listing[896]   2.125382e-02 1.026556698 -1.595584272  1.6346839095 0.9996744
z_listing[897]   2.339732e-02 0.981078875 -1.576585002  1.5895860040 1.0002468
z_listing[898]   6.613584e-02 1.003246834 -1.531693078  1.6613143685 1.0021742
z_listing[899]   1.338872e-03 0.986376253 -1.577675263  1.5899652730 1.0010449
z_listing[900]  -1.312101e-01 0.977333121 -1.712742473  1.4371816950 1.0002252
z_listing[901]   1.481853e-02 0.999646497 -1.605564758  1.6216950395 1.0009060
z_listing[902]  -2.387055e-02 1.011524285 -1.634183042  1.5855709210 1.0017099
z_listing[903]  -1.230137e-01 1.000560061 -1.742470929  1.4766539720 1.0005046
z_listing[904]  -6.875837e-02 0.991006511 -1.672007543  1.5009256305 1.0000073
z_listing[905]   1.100429e-02 0.993535832 -1.541641580  1.6078378150 1.0016524
z_listing[906]   6.113118e-03 1.009135738 -1.615305004  1.6394348340 1.0010480
z_listing[907]  -4.254291e-02 1.003790869 -1.652503666  1.5142083865 1.0013861
z_listing[908]  -8.537567e-02 1.023584622 -1.718249278  1.5244005015 1.0009166
z_listing[909]  -9.905420e-02 0.999013538 -1.724116318  1.5073775780 1.0011603
z_listing[910]  -1.059501e-01 1.030174647 -1.756155613  1.5540170605 1.0018503
z_listing[911]   8.357081e-02 0.990123772 -1.512595175  1.6570353605 1.0018416
z_listing[912]   2.344872e-02 0.987761760 -1.562591454  1.5659275690 1.0000784
z_listing[913]  -9.207694e-03 0.958635028 -1.571262200  1.5127715135 1.0012988
z_listing[914]  -5.095887e-02 0.973474285 -1.599986303  1.4938366575 1.0013732
z_listing[915]   3.419562e-03 1.010274407 -1.559389859  1.6229973445 1.0008208
z_listing[916]   3.507678e-02 1.011319179 -1.586646326  1.6561742215 1.0007158
z_listing[917]   3.685959e-01 0.984261206 -1.216384784  1.9293277305 1.0007959
z_listing[918]  -3.013554e-02 0.987381134 -1.612771904  1.5852970405 0.9996116
z_listing[919]   4.758651e-03 0.986522338 -1.573466770  1.5838876850 1.0005138
z_listing[920]   2.730490e-02 1.041773485 -1.622646000  1.6956214710 0.9999798
z_listing[921]   6.995967e-02 1.007016036 -1.538901305  1.6505642800 1.0013294
z_listing[922]   5.157947e-02 0.993345683 -1.519333393  1.6604302890 1.0004843
z_listing[923]   8.190146e-02 0.993363551 -1.518344454  1.6350584760 1.0011595
z_listing[924]  -3.964060e-02 0.989160041 -1.623822298  1.5604494205 1.0000881
z_listing[925]   1.621567e-02 0.990921464 -1.555368583  1.5904928890 1.0009475
z_listing[926]   3.062879e-02 1.009468500 -1.548422459  1.6618972480 1.0011928
z_listing[927]  -9.879680e-03 0.998170614 -1.605850473  1.5988862660 0.9998046
z_listing[928]  -2.961455e-02 1.015446547 -1.660032866  1.6156145465 1.0000527
z_listing[929]  -1.766614e-02 1.006814880 -1.623790099  1.5741391535 0.9999136
z_listing[930]   1.187441e-02 0.993537154 -1.600413710  1.6076161575 1.0042266
z_listing[931]  -1.907366e-02 0.987497317 -1.593542743  1.5781793845 1.0016187
z_listing[932]   5.012076e-02 0.984202891 -1.519465229  1.6289605200 1.0014827
z_listing[933]   3.237103e-02 0.987798008 -1.556346057  1.6076810020 1.0034754
z_listing[934]   3.178325e-02 0.997536938 -1.543343167  1.6334969365 1.0014851
z_listing[935]  -1.560667e-02 1.022469808 -1.678138776  1.6202034440 1.0005918
z_listing[936]   2.626376e-02 1.009994798 -1.566123237  1.6467979955 1.0025146
z_listing[937]   3.721387e-02 0.994302551 -1.581091690  1.6201422415 1.0002258
z_listing[938]  -1.180016e-02 1.009122729 -1.597515438  1.6071405525 1.0018217
z_listing[939]   4.436432e-02 0.999769738 -1.527444891  1.6538523905 1.0004018
z_listing[940]   1.247052e-02 0.993578475 -1.617044005  1.6142015800 1.0006494
z_listing[941]   5.584174e-02 1.002015560 -1.516399980  1.6469271620 1.0002357
z_listing[942]  -2.575510e-02 0.983138461 -1.625598614  1.5250976195 1.0016344
z_listing[943]   6.632814e-02 0.959606323 -1.457924280  1.6089134805 1.0011692
z_listing[944]  -7.067287e-02 1.010908630 -1.662188035  1.5145354920 0.9999090
z_listing[945]  -5.940302e-03 0.964827296 -1.561099501  1.5188232695 1.0005804
z_listing[946]  -4.860695e-02 1.009448404 -1.652016995  1.5773498140 1.0000147
z_listing[947]  -1.657311e-02 0.951284960 -1.529297241  1.5117916425 1.0005073
z_listing[948]   1.219088e-02 1.002792932 -1.614989268  1.5918588910 1.0007940
z_listing[949]   2.200003e-02 1.014863861 -1.581863201  1.6412231290 1.0010193
z_listing[950]  -1.263848e-02 0.999249416 -1.636721228  1.5446591285 1.0017597
z_listing[951]   1.479304e-02 1.006395968 -1.588344013  1.6299221145 1.0013898
z_listing[952]   1.863931e-03 0.989326809 -1.587279987  1.5996425955 0.9999844
z_listing[953]  -1.914335e-01 0.983978117 -1.762704688  1.3484614310 0.9998142
z_listing[954]   6.728511e-02 1.008035788 -1.547455829  1.6881588665 1.0012977
z_listing[955]   3.028758e-02 0.974824670 -1.497746353  1.5830837530 1.0001014
z_listing[956]   1.163147e-03 1.014276376 -1.609234586  1.6650435355 1.0010781
z_listing[957]  -7.496123e-02 1.023572599 -1.724406805  1.5570261180 1.0001933
z_listing[958]   6.288673e-03 0.985705226 -1.575858012  1.5605861805 1.0009119
z_listing[959]  -1.039655e-01 0.997672337 -1.683071528  1.5126863770 1.0015243
z_listing[960]   5.194749e-02 1.000287462 -1.529239493  1.6742649620 1.0004106
z_listing[961]   3.408462e-02 1.010294361 -1.535337525  1.6228383075 1.0001740
z_listing[962]  -5.211732e-02 1.025779496 -1.690338797  1.5996016345 1.0014495
z_listing[963]  -1.117608e-01 0.962145067 -1.626615921  1.4250708545 0.9996805
z_listing[964]   3.031947e-02 0.968598583 -1.511557459  1.5655630295 1.0008000
z_listing[965]  -6.052777e-01 1.053026742 -2.335885624  1.0765295305 1.0014909
z_listing[966]   6.755780e-03 1.015522511 -1.625880708  1.6288189430 0.9997106
z_listing[967]   6.664403e-02 0.998528346 -1.549594766  1.6435116610 1.0014009
z_listing[968]   5.107033e-03 0.994639935 -1.571791590  1.5845185775 1.0012891
z_listing[969]   4.591554e-02 0.976438798 -1.548277623  1.5825671990 1.0007645
z_listing[970]   1.912314e-02 0.983470119 -1.580089760  1.5622267850 1.0004018
z_listing[971]   1.572113e-02 0.985694605 -1.569094124  1.5778959020 1.0008972
z_listing[972]  -1.510059e-03 0.996387628 -1.574233973  1.6221663410 1.0005760
z_listing[973]   1.039015e-02 1.013521397 -1.623312706  1.6289449105 1.0004017
z_listing[974]   6.313713e-02 0.973742579 -1.462087386  1.6380493045 1.0002208
z_listing[975]   2.586758e-02 1.008881788 -1.580439753  1.6350186880 1.0007636
z_listing[976]   3.507673e-02 0.969753562 -1.528627452  1.5592887540 1.0009420
z_listing[977]  -6.993650e-02 1.007549566 -1.681449832  1.5497380430 0.9998152
z_listing[978]   1.501136e-02 0.991835672 -1.551132714  1.6095823515 1.0002845
z_listing[979]   7.780555e-03 0.993770103 -1.552363147  1.5883170390 1.0004839
z_listing[980]   1.379782e-03 1.015956331 -1.685873167  1.6434679970 1.0019690
z_listing[981]   4.488408e-02 0.989387426 -1.544214201  1.6252996305 0.9997583
z_listing[982]  -1.832888e-03 1.002106938 -1.614106679  1.5752346090 1.0009786
z_listing[983]   2.637681e-02 1.013335450 -1.604080270  1.6390383710 1.0010265
z_listing[984]   3.006808e-02 0.972690344 -1.489608715  1.5901992940 0.9992699
z_listing[985]  -1.020872e-02 0.988549535 -1.616682249  1.5586783820 1.0003907
z_listing[986]   2.124139e-02 0.993499436 -1.541735121  1.6141521235 0.9993349
z_listing[987]  -5.202522e-03 0.971398210 -1.563120188  1.5703946765 1.0022912
z_listing[988]   5.061622e-02 1.010827348 -1.570368405  1.6816525390 1.0006118
z_listing[989]   2.594331e-02 0.999100933 -1.579529585  1.6559921415 0.9995968
z_listing[990]   4.974291e-02 0.972491616 -1.496791918  1.6073865040 1.0014341
z_listing[991]   4.487286e-03 0.969018977 -1.567841942  1.5762934875 1.0010382
z_listing[992]  -3.741662e-02 0.968205415 -1.563554330  1.5481972690 1.0015557
z_listing[993]  -3.803910e-02 1.016626125 -1.701734978  1.5885608555 1.0019755
z_listing[994]   5.370361e-02 0.998764450 -1.538394066  1.6260047285 0.9998389
z_listing[995]  -5.167548e-02 1.004355864 -1.684041680  1.5174115620 1.0016143
z_listing[996]  -2.462093e-01 1.021210801 -1.859805196  1.3877748240 1.0031216
z_listing[997]  -3.189186e-01 1.023403182 -1.976122827  1.3346399095 1.0001853
z_listing[998]   4.133919e-02 0.960180902 -1.483471903  1.5561047800 1.0001688
z_listing[999]   1.401117e-01 0.992949223 -1.463378431  1.7156595130 1.0025644
z_listing[1000] -6.711752e-02 0.986762748 -1.638842262  1.5160728730 1.0009565
z_listing[1001] -9.364719e-02 1.026685239 -1.760312969  1.5288444165 0.9997871
z_listing[1002] -2.203166e-01 0.985950743 -1.758721199  1.3608152345 1.0002377
z_listing[1003]  2.621342e-02 0.979888051 -1.516741966  1.6256062615 1.0010611
z_listing[1004] -6.820218e-03 0.985691770 -1.589879566  1.5770329785 1.0004163
z_listing[1005] -4.010238e-02 1.018460796 -1.638926064  1.5733741885 1.0012933
z_listing[1006] -9.584767e-03 1.006858564 -1.628326125  1.5964481415 0.9999065
z_listing[1007]  3.309272e-02 0.976270923 -1.514151269  1.6505654360 1.0011323
z_listing[1008] -1.639579e-02 0.962225031 -1.543325690  1.5306244560 1.0029631
z_listing[1009]  3.958056e-02 0.981075889 -1.564835389  1.5968698495 1.0009675
z_listing[1010] -4.416582e-02 1.018747455 -1.681481840  1.6032126405 1.0002126
z_listing[1011]  2.342021e-03 1.003833210 -1.620062696  1.5992855110 0.9999180
z_listing[1012]  8.086835e-03 1.013121018 -1.615086895  1.6482843125 1.0004995
z_listing[1013]  2.329689e-02 0.980832277 -1.524555366  1.6286634880 0.9998329
z_listing[1014]  8.443769e-03 0.996202407 -1.559343703  1.5863294885 1.0008336
z_listing[1015]  3.233908e-02 1.013202366 -1.582290321  1.6550658415 1.0025915
z_listing[1016]  4.974669e-02 0.997319488 -1.530380405  1.6520136085 1.0051787
z_listing[1017]  6.406915e-02 0.981861729 -1.498794926  1.6096093110 1.0010877
z_listing[1018] -3.118254e-02 1.041690571 -1.664930779  1.6339268420 1.0011966
z_listing[1019]  6.956102e-03 1.003372645 -1.585824349  1.5573114575 1.0018653
z_listing[1020]  2.931605e-02 1.005637114 -1.582962224  1.6764929825 1.0009319
z_listing[1021]  2.213456e-02 1.007817175 -1.591849009  1.5988165255 1.0001372
z_listing[1022]  1.954932e-02 1.009344393 -1.602971777  1.6208047025 1.0002624
z_listing[1023]  4.214901e-02 1.024774614 -1.615497067  1.6432054320 1.0001085
z_listing[1024]  7.005567e-03 0.965178386 -1.567240560  1.5656676690 1.0019786
z_listing[1025]  1.100255e-02 0.975649720 -1.569094561  1.5240198040 0.9998969
z_listing[1026]  3.098702e-02 0.998894675 -1.555866799  1.6238311655 0.9998909
z_listing[1027]  9.431019e-02 1.001404894 -1.560977122  1.6790675185 1.0007113
z_listing[1028]  3.807299e-02 0.985417636 -1.540127895  1.5884151230 1.0022772
z_listing[1029]  8.581677e-02 0.995187180 -1.493817942  1.6450883595 1.0007173
z_listing[1030]  1.876245e-02 0.992489232 -1.562768736  1.5793224335 1.0021683
z_listing[1031]  1.484869e-02 1.002423312 -1.611953186  1.6107467915 1.0009485
z_listing[1032]  7.871198e-03 0.984608223 -1.547064348  1.5702859595 0.9998102
z_listing[1033] -1.381817e-04 1.020384631 -1.603870013  1.6026763205 1.0010970
z_listing[1034]  3.177658e-02 1.000965774 -1.553441481  1.6654082840 1.0006425
z_listing[1035]  7.569285e-03 0.980830994 -1.551894564  1.5884520640 1.0017467
z_listing[1036]  2.460666e-02 0.989662652 -1.573031363  1.6062449725 1.0015823
z_listing[1037]  2.972423e-02 0.994642334 -1.588152536  1.6143019935 1.0002307
z_listing[1038]  2.237085e-02 0.988759578 -1.555297024  1.6043916150 1.0001745
z_listing[1039] -4.674931e-02 1.007707233 -1.653482231  1.5815915340 1.0018931
z_listing[1040] -2.348682e-03 1.007157059 -1.620176876  1.6062084810 1.0006315
z_listing[1041] -1.244193e-02 0.979660092 -1.587859465  1.5118641340 1.0018842
z_listing[1042]  7.500040e-03 1.038289692 -1.630932023  1.6410429860 1.0002224
z_listing[1043]  4.176618e-02 0.982223633 -1.527665376  1.5931190250 1.0027090
z_listing[1044] -5.150356e-02 1.001403600 -1.636418703  1.5597420910 1.0015352
z_listing[1045]  1.107314e-02 0.999969061 -1.585339102  1.6003156170 1.0015578
z_listing[1046]  2.693516e-02 0.990359117 -1.572527012  1.6263012895 0.9997337
z_listing[1047]  3.354159e-02 0.995297684 -1.524389221  1.6081270050 1.0011503
z_listing[1048]  3.079711e-02 0.990125684 -1.556006602  1.5781676985 1.0011091
z_listing[1049]  2.404576e-02 0.980104966 -1.538385506  1.5999210265 1.0007974
z_listing[1050]  1.997114e-03 0.997839947 -1.600638932  1.5594297940 1.0009478
z_listing[1051]  9.463737e-03 0.996945428 -1.571936673  1.5778329150 1.0010803
z_listing[1052]  1.430835e-02 0.982464105 -1.572954907  1.5898977235 1.0011391
z_listing[1053]  3.450246e-02 0.994529079 -1.514047077  1.6060073215 1.0010691
z_listing[1054] -4.341030e-02 0.984446844 -1.653485056  1.4962056325 1.0001886
z_listing[1055] -1.678346e-01 1.004150614 -1.763048558  1.4475050110 1.0002955
z_listing[1056]  7.037684e-02 0.996910289 -1.501707934  1.6389370260 1.0006999
z_listing[1057]  1.614422e-02 0.977517166 -1.578691013  1.6104359810 1.0006542
z_listing[1058]  5.293973e-02 0.951366388 -1.441870344  1.5666294200 1.0008879
z_listing[1059]  5.643164e-02 0.995853635 -1.553126605  1.6337156185 0.9999076
z_listing[1060] -1.429354e-01 1.014377702 -1.764715691  1.4718481060 1.0021500
z_listing[1061]  1.621230e-02 0.987005338 -1.549344489  1.5412230315 1.0011211
z_listing[1062]  1.908883e-02 0.988805005 -1.539260523  1.5797359580 1.0001318
z_listing[1063] -1.276313e-02 0.993492083 -1.595869678  1.6020228885 1.0014900
z_listing[1064]  1.223558e-02 1.025425943 -1.619410100  1.6447760380 1.0015678
z_listing[1065] -2.351642e-01 1.001203258 -1.859802119  1.3307957205 1.0031676
z_listing[1066]  4.357146e-03 0.986912295 -1.590267150  1.5787646675 1.0028363
z_listing[1067]  5.922827e-02 0.973661378 -1.495738777  1.5721149625 1.0011742
z_listing[1068]  2.764252e-02 0.981565456 -1.536034208  1.5933299545 1.0018074
z_listing[1069]  6.589341e-02 1.007696946 -1.563239423  1.6528896225 1.0020079
z_listing[1070]  1.561780e-02 0.984099729 -1.545053645  1.5738704520 0.9998689
z_listing[1071]  1.738731e-01 1.018968578 -1.428348343  1.8106753310 1.0017502
z_listing[1072] -3.525661e-02 1.003671665 -1.641014219  1.5937377840 1.0024278
z_listing[1073]  2.443951e-02 0.996229829 -1.539873455  1.6101060075 1.0020321
z_listing[1074]  6.757815e-02 0.984400209 -1.484647584  1.6434605135 1.0001782
z_listing[1075] -4.523749e-02 0.988488687 -1.621579810  1.5065981365 1.0007496
z_listing[1076]  2.944633e-02 0.990013650 -1.547866286  1.6002861435 0.9997876
z_listing[1077]  1.600519e-01 1.003953393 -1.422843998  1.7537748785 1.0002691
z_listing[1078]  5.210863e-02 0.990110046 -1.507126469  1.6200428795 0.9996753
z_listing[1079] -1.960131e-02 0.996324901 -1.578026077  1.5661000435 1.0022176
z_listing[1080] -5.396442e-02 1.024322349 -1.708221225  1.5770340030 1.0021812
z_listing[1081]  8.079729e-02 0.978068391 -1.486881435  1.6533402320 1.0016370
z_listing[1082] -2.126638e-02 1.005138773 -1.622151992  1.6003450280 1.0008361
z_listing[1083]  4.313499e-02 0.991235783 -1.550800020  1.6468367170 1.0018371
z_listing[1084] -1.159186e-01 1.031888146 -1.744904155  1.4798057055 1.0018812
z_listing[1085] -6.875401e-03 0.992066307 -1.576534387  1.5765256455 1.0008268
z_listing[1086]  7.161076e-03 1.012426657 -1.593150030  1.5974081635 1.0003469
z_listing[1087]  4.278535e-02 0.990431203 -1.506662789  1.6332738895 1.0026577
z_listing[1088]  1.962966e-02 1.002564636 -1.567479817  1.6544935775 1.0003526
z_listing[1089] -1.185815e-02 0.981490482 -1.589704383  1.6037740425 1.0003381
z_listing[1090] -6.137215e-03 0.986188755 -1.616789442  1.5164960390 1.0020305
z_listing[1091]  5.168886e-02 1.000719304 -1.516076442  1.6522084230 1.0005160
z_listing[1092]  3.303167e-02 0.998895565 -1.604848240  1.6198211210 1.0020581
z_listing[1093] -3.636076e-02 0.977732522 -1.594496691  1.5314588330 1.0016151
z_listing[1094] -2.273960e-03 1.005383701 -1.626836475  1.5941060630 1.0001952
z_listing[1095]  1.014716e-02 0.980091538 -1.573409929  1.5592353270 1.0012485
z_listing[1096] -8.568074e-03 0.983839090 -1.569927548  1.5761390685 1.0009776
z_listing[1097]  5.432888e-02 1.004942249 -1.555831118  1.6658053270 1.0016283
z_listing[1098] -8.004045e-03 0.988479231 -1.591280460  1.6059592070 1.0002095
z_listing[1099]  4.644605e-02 1.014492094 -1.593050812  1.6600716155 1.0028009
z_listing[1100]  3.076579e-02 1.025356211 -1.596682440  1.6928261360 1.0007918
z_listing[1101] -3.268365e-02 0.966344579 -1.546104065  1.4939096135 0.9997376
z_listing[1102]  2.129923e-02 0.994433383 -1.535468251  1.6115477630 1.0007703
z_listing[1103] -4.818004e-02 0.988267176 -1.627238205  1.5086933315 1.0001435
z_listing[1104]  2.199939e-02 0.991871603 -1.587589189  1.5987864800 1.0016773
z_listing[1105] -9.487153e-03 1.006133485 -1.641295192  1.5677830865 1.0018338
z_listing[1106] -1.853640e-02 0.991523427 -1.571612264  1.5864857310 1.0012194
z_listing[1107]  1.506102e-02 0.992566820 -1.577011833  1.5930640670 1.0002345
z_listing[1108] -5.966691e-02 0.980008460 -1.610423638  1.5150743225 1.0014248
z_listing[1109]  8.204205e-02 1.015584652 -1.510403133  1.7434313505 1.0001378
z_listing[1110] -3.977866e-02 0.990790343 -1.595247674  1.5134790880 1.0012846
z_listing[1111]  1.342313e-03 0.971765555 -1.527551421  1.5290744865 1.0006194
z_listing[1112] -2.124120e-02 1.011391778 -1.669610190  1.5864646655 1.0021423
z_listing[1113] -1.902233e-03 0.980275976 -1.567497369  1.5383489760 1.0017282
z_listing[1114]  1.588884e-01 0.989097412 -1.434558056  1.7226326170 1.0006966
z_listing[1115]  2.015080e-02 0.987101347 -1.557298084  1.5805404230 1.0020391
z_listing[1116]  5.320618e-02 1.010681903 -1.556772666  1.6668021655 1.0011914
z_listing[1117]  1.452918e-02 1.009795315 -1.568045982  1.6269818330 1.0014252
z_listing[1118]  1.025279e-02 0.991974357 -1.520611586  1.6010799435 1.0006293
z_listing[1119] -4.099079e-02 0.979843320 -1.565592225  1.5310298700 1.0003042
z_listing[1120] -8.044582e-02 1.016450193 -1.704019147  1.5352989945 1.0006722
z_listing[1121]  6.128608e-02 0.984135428 -1.543929593  1.6474705475 1.0035550
z_listing[1122] -6.047936e-03 0.991814349 -1.593835958  1.5824185635 0.9997156
z_listing[1123] -1.965546e-02 0.984836985 -1.598617752  1.5828117700 1.0002551
z_listing[1124] -3.566908e-02 1.015545353 -1.647725607  1.6004604645 1.0014692
z_listing[1125] -1.357641e-01 1.010005205 -1.741067616  1.4646400885 1.0018121
z_listing[1126] -1.020455e-01 0.976574698 -1.672252598  1.4447370985 1.0001993
z_listing[1127]  6.947246e-03 0.992953689 -1.618136874  1.5858724540 1.0024759
z_listing[1128]  2.577335e-02 0.984468245 -1.578555447  1.6053567310 1.0003832
z_listing[1129]  2.612117e-03 1.019226981 -1.611072770  1.6404824990 1.0009487
z_listing[1130] -4.313735e-03 1.007663708 -1.597139536  1.5870511260 1.0031259
z_listing[1131] -7.704630e-03 1.034689830 -1.651143284  1.6672032475 0.9999068
z_listing[1132]  3.188219e-02 0.975719622 -1.515817935  1.5936511800 1.0017579
z_listing[1133] -5.504148e-02 1.006798922 -1.692523963  1.5593655770 1.0001123
z_listing[1134] -2.357123e-03 0.999650365 -1.596657468  1.6099326735 1.0000472
z_listing[1135] -2.666526e-02 0.996430010 -1.627343206  1.5410259015 1.0012319
z_listing[1136]  6.314510e-02 1.000574215 -1.542234439  1.6910127775 1.0001445
z_listing[1137] -5.172782e-02 0.983533331 -1.650845262  1.5250369925 1.0003779
z_listing[1138] -7.087169e-02 1.020533405 -1.740337162  1.5470788415 1.0006548
z_listing[1139]  6.942385e-03 0.978063616 -1.600865065  1.5715359820 1.0007701
z_listing[1140]  4.816214e-01 1.080328968 -1.199083220  2.2164529600 1.0008601
z_listing[1141] -6.408356e-02 0.993038614 -1.625918430  1.4840235435 0.9999618
z_listing[1142]  1.538517e-02 0.978495073 -1.501342442  1.5845165055 1.0012317
z_listing[1143] -2.707211e-02 0.989677150 -1.594839809  1.5577315545 1.0011635
z_listing[1144] -5.447991e-02 1.019920580 -1.694848525  1.5983695740 1.0002477
z_listing[1145]  2.878675e-02 1.001954303 -1.551722848  1.6064682285 0.9998587
z_listing[1146]  1.349589e-02 1.001534599 -1.600682588  1.6051595695 1.0001065
z_listing[1147]  3.373559e-02 1.006990694 -1.540787867  1.6498938425 1.0023840
z_listing[1148]  6.593587e-02 0.991582058 -1.485465830  1.6610801980 0.9996675
z_listing[1149]  5.855758e-02 1.017524738 -1.534579070  1.6872689400 1.0024422
z_listing[1150]  4.420922e-02 0.968112180 -1.500494171  1.6063204620 1.0000979
z_listing[1151]  2.211048e-02 0.977717321 -1.517747595  1.5684936715 1.0026103
z_listing[1152]  3.478142e-02 1.041487195 -1.621633420  1.7177916820 1.0004803
z_listing[1153] -7.131945e-03 1.019011156 -1.621094617  1.5936669805 1.0008174
z_listing[1154]  1.355310e-02 1.023443204 -1.619750256  1.6107705000 1.0019355
z_listing[1155]  1.294238e-02 0.977769279 -1.572184945  1.5748519725 0.9999851
z_listing[1156]  4.133866e-02 0.962015912 -1.463640210  1.5723293700 1.0003130
z_listing[1157] -1.371708e-02 0.977062463 -1.579522746  1.5137187930 1.0020314
z_listing[1158]  1.030697e-01 1.006114884 -1.532145981  1.7004296485 1.0006972
z_listing[1159]  2.410139e-02 0.993112440 -1.580669404  1.6275003405 1.0025431
z_listing[1160]  1.918936e-02 1.022365434 -1.589656738  1.6458172815 1.0018103
z_listing[1161] -1.321750e-02 0.982912346 -1.564933013  1.5612576870 1.0023884
z_listing[1162]  1.246706e-02 1.005490324 -1.607766667  1.6136253590 1.0011440
z_listing[1163] -3.496504e-02 0.992142471 -1.624419575  1.5771287745 0.9997109
z_listing[1164] -7.255386e-02 1.014710714 -1.661534323  1.5792007730 1.0007561
z_listing[1165] -5.571004e-02 1.016849748 -1.675013342  1.5216177670 1.0001359
z_listing[1166]  3.062299e-02 0.992145520 -1.575184203  1.6059619915 0.9999451
z_listing[1167] -8.590545e-02 0.998517597 -1.680761499  1.4771739285 1.0015783
z_listing[1168]  1.248840e-03 0.987402977 -1.572025167  1.6220668210 1.0021737
z_listing[1169] -2.700847e-02 0.987628604 -1.622027416  1.5533692690 1.0008196
z_listing[1170] -2.103694e-02 0.979429049 -1.555240095  1.5645115580 1.0011266
z_listing[1171]  4.175073e-03 1.006477844 -1.596842908  1.6025972260 1.0012068
z_listing[1172] -2.092597e-02 0.971680588 -1.563221168  1.5643770790 1.0016454
z_listing[1173] -7.056720e-02 1.011179072 -1.675704696  1.5447013460 1.0005958
z_listing[1174] -5.762484e-02 0.976248169 -1.638522110  1.4944915630 1.0011630
z_listing[1175] -7.110628e-02 0.992538444 -1.636920085  1.5440125035 1.0001662
z_listing[1176]  2.646433e-02 1.037159652 -1.653077270  1.7111470740 1.0012793
z_listing[1177] -5.356925e-03 0.986924079 -1.585393867  1.5890551595 1.0027358
z_listing[1178]  2.694914e-02 1.004032508 -1.591271327  1.6435972585 1.0015657
z_listing[1179]  1.090861e-02 1.010442271 -1.600266335  1.6343723760 1.0009411
z_listing[1180] -4.897608e-03 1.014662029 -1.601833067  1.6065000105 1.0010245
z_listing[1181]  4.765415e-03 1.001670939 -1.574519335  1.6134282095 1.0042420
z_listing[1182]  1.966252e-02 0.985046470 -1.576653612  1.5699670985 1.0016038
z_listing[1183] -2.626000e-03 0.986751031 -1.610707925  1.5555225915 1.0001882
z_listing[1184]  5.232495e-02 0.983033111 -1.555278077  1.5960351430 1.0019133
z_listing[1185]  8.523337e-03 0.993342426 -1.588689084  1.5939748515 1.0003605
z_listing[1186]  1.608858e-02 0.978862322 -1.554823495  1.6040707185 0.9998997
z_listing[1187]  1.827709e-02 0.978129150 -1.516041294  1.5885445645 1.0008419
z_listing[1188]  1.809573e-02 0.997829749 -1.569494919  1.6057219500 1.0010201
z_listing[1189]  2.477487e-02 1.020875734 -1.585191852  1.6732874095 1.0011856
z_listing[1190] -7.078823e-03 0.998581104 -1.609757225  1.5652214650 1.0012110
z_listing[1191]  6.766738e-02 0.983471395 -1.512652890  1.6595719770 0.9997972
z_listing[1192]  4.247988e-02 0.982130419 -1.535708376  1.6220843490 1.0010758
z_listing[1193] -4.309371e-02 0.977620047 -1.658634606  1.4605535285 1.0004802
z_listing[1194]  6.232626e-02 0.982092116 -1.517998693  1.6653778495 1.0038874
z_listing[1195]  8.244582e-03 0.967497042 -1.520202084  1.5603646155 1.0002963
z_listing[1196] -2.433064e-02 0.986573963 -1.595144638  1.5329473615 1.0033018
z_listing[1197]  2.314395e-02 0.965289348 -1.537635473  1.5772389785 1.0033626
z_listing[1198] -1.150352e-01 1.011368979 -1.737126015  1.5115449915 1.0007006
z_listing[1199]  7.639768e-03 0.987995019 -1.599576075  1.5789122535 1.0009791
z_listing[1200]  6.734150e-04 1.000002017 -1.620727801  1.6029176400 1.0016360
a_bar            4.706176e+00 0.013923997  4.683855352  4.7285579325 1.0008721
b_rev            4.587242e-02 0.007061293  0.034548506  0.0573851275 1.0032601
sigma_host       1.691468e-01 0.010381806  0.153353790  0.1868120256 1.0038417
sigma_listing    1.616189e-02 0.011663430  0.001296252  0.0369725017 1.0062841
sigma            9.471566e-01 0.023909045  0.909732528  0.9861991333 1.0014711
a_listing[1]    -9.513666e-04 0.019192489 -0.031998408  0.0284892787 1.0014655
a_listing[2]     1.308461e-05 0.019414010 -0.029646823  0.0303652612 1.0038509
a_listing[3]     1.406453e-03 0.019542332 -0.027565817  0.0337180637 1.0033043
a_listing[4]     4.332841e-04 0.020044908 -0.028205624  0.0315730766 1.0034632
a_listing[5]    -1.902738e-03 0.019902711 -0.034267643  0.0270766961 1.0022600
a_listing[6]     8.885339e-04 0.020143407 -0.030190694  0.0325177727 1.0027399
a_listing[7]     1.231013e-03 0.019145938 -0.027516278  0.0332656919 1.0036823
a_listing[8]     7.893193e-04 0.020276057 -0.030135825  0.0321737441 1.0034406
a_listing[9]    -9.998606e-04 0.020860193 -0.034073121  0.0306459793 1.0045899
a_listing[10]   -1.524242e-04 0.020462584 -0.031658233  0.0314088156 1.0026649
a_listing[11]    3.981596e-04 0.019537319 -0.029975177  0.0319726630 1.0031298
a_listing[12]   -1.126307e-03 0.019303041 -0.032435377  0.0288561164 1.0029263
a_listing[13]   -5.487252e-05 0.020072571 -0.030550607  0.0298955381 1.0032576
a_listing[14]    5.125848e-04 0.020247785 -0.029872273  0.0301209820 1.0046385
a_listing[15]    2.134204e-03 0.018660983 -0.025569814  0.0329234312 1.0015648
a_listing[16]    9.696920e-04 0.018997526 -0.027589973  0.0320248551 1.0058922
a_listing[17]   -1.465069e-03 0.019207893 -0.034115750  0.0269854811 1.0008155
a_listing[18]   -2.028513e-03 0.019795157 -0.035380840  0.0266459581 1.0033713
a_listing[19]    6.481747e-04 0.019875209 -0.030260675  0.0318778234 1.0043019
a_listing[20]   -2.698452e-03 0.019793236 -0.035646447  0.0260725432 1.0036592
a_listing[21]   -3.609435e-03 0.019394128 -0.037551105  0.0220500790 1.0022927
a_listing[22]    1.288275e-03 0.019727911 -0.027966616  0.0330178419 1.0011772
a_listing[23]   -3.373962e-04 0.020555277 -0.032270030  0.0319344748 1.0019292
a_listing[24]    5.271179e-04 0.019337653 -0.029691337  0.0312289248 1.0056031
a_listing[25]   -3.884265e-04 0.018960870 -0.031273938  0.0293121363 1.0008533
a_listing[26]    9.776621e-05 0.019104768 -0.028787509  0.0312037414 1.0027125
a_listing[27]   -1.616663e-03 0.018235310 -0.032169159  0.0258261587 1.0039392
a_listing[28]    1.506855e-03 0.019122382 -0.026050918  0.0337201323 1.0035294
a_listing[29]   -2.032585e-03 0.020252771 -0.036043986  0.0268400850 1.0026553
a_listing[30]   -3.090585e-03 0.020220099 -0.036813121  0.0248899686 1.0019234
a_listing[31]   -1.737469e-03 0.019751661 -0.033659472  0.0263925909 1.0038950
a_listing[32]   -2.596098e-05 0.019387355 -0.029701525  0.0293166239 1.0022102
a_listing[33]   -1.035099e-04 0.020539341 -0.032018104  0.0311901194 1.0024889
a_listing[34]    8.377531e-04 0.019741392 -0.027733608  0.0312838592 1.0045260
a_listing[35]   -3.722509e-06 0.019197834 -0.030227654  0.0294871581 1.0070946
a_listing[36]    9.698301e-04 0.020144674 -0.029122575  0.0325927954 1.0043570
a_listing[37]    2.050388e-04 0.020455678 -0.032012684  0.0316731102 1.0052495
a_listing[38]    4.567079e-05 0.020385295 -0.031741607  0.0322398660 1.0033309
a_listing[39]   -2.263007e-03 0.018945663 -0.033674771  0.0248928367 1.0027433
a_listing[40]    9.418401e-04 0.019401434 -0.027315647  0.0319899071 1.0035659
a_listing[41]   -3.259252e-04 0.020308824 -0.030964097  0.0284575377 1.0019112
a_listing[42]    6.069309e-05 0.019476615 -0.031942876  0.0308277442 1.0024178
a_listing[43]   -2.890706e-03 0.020005716 -0.035484104  0.0261962233 1.0017037
a_listing[44]    1.450600e-03 0.020552916 -0.029416503  0.0343260704 1.0029704
a_listing[45]    8.178258e-04 0.019489878 -0.029000717  0.0314053615 1.0035317
a_listing[46]   -1.237087e-04 0.020065074 -0.032054493  0.0303580890 1.0009753
a_listing[47]   -2.676351e-03 0.020213588 -0.035350758  0.0251301161 1.0029444
a_listing[48]    5.376073e-04 0.019636843 -0.030132648  0.0311293411 1.0058857
a_listing[49]    1.984327e-04 0.019750745 -0.029449201  0.0305882180 1.0051604
a_listing[50]   -1.807162e-03 0.018969375 -0.032114059  0.0247256089 1.0028458
a_listing[51]    6.115073e-04 0.019955707 -0.029589431  0.0314208545 1.0026264
a_listing[52]   -9.619585e-04 0.019817922 -0.033044439  0.0286532421 1.0041829
a_listing[53]   -1.853671e-03 0.018905242 -0.031992867  0.0262167614 1.0030947
a_listing[54]   -1.573589e-05 0.020185101 -0.031139434  0.0313086061 1.0027341
a_listing[55]    1.511294e-03 0.019365181 -0.026802824  0.0332668446 1.0027145
a_listing[56]    3.538638e-04 0.019715606 -0.028787655  0.0313527359 1.0016554
a_listing[57]    1.445529e-04 0.019624722 -0.030585221  0.0312287892 1.0020802
a_listing[58]    3.196658e-04 0.019279110 -0.028799535  0.0307111229 1.0025206
a_listing[59]   -3.261633e-04 0.020403686 -0.033150217  0.0303635316 1.0033085
a_listing[60]    1.210718e-06 0.019508332 -0.030762125  0.0295679446 1.0036264
a_listing[61]   -1.914780e-04 0.020297512 -0.031161436  0.0308034764 1.0046923
a_listing[62]   -3.195193e-04 0.019722117 -0.030650230  0.0293946721 1.0009444
a_listing[63]   -3.098420e-04 0.020405375 -0.032743218  0.0317089034 1.0025507
a_listing[64]   -7.295885e-03 0.019746299 -0.043762710  0.0171726283 1.0035693
a_listing[65]    5.422524e-05 0.019539103 -0.029689528  0.0310334936 1.0020255
a_listing[66]    9.472995e-04 0.019900616 -0.028496337  0.0318931931 1.0028758
a_listing[67]   -9.451665e-03 0.020477899 -0.050043470  0.0143957950 1.0027788
a_listing[68]    1.034941e-03 0.018709104 -0.026404269  0.0305456975 1.0050966
a_listing[69]    1.265714e-03 0.019716654 -0.027569771  0.0322560967 1.0073335
a_listing[70]    2.628227e-04 0.019645367 -0.028757400  0.0299966950 1.0031892
a_listing[71]    2.039321e-04 0.019598448 -0.030525329  0.0304273924 1.0037793
a_listing[72]    1.304358e-03 0.019843391 -0.029311927  0.0320818343 1.0064023
a_listing[73]   -5.402459e-04 0.020001835 -0.031308703  0.0292660958 1.0030213
a_listing[74]    7.277956e-04 0.020126142 -0.029482778  0.0317654953 1.0012674
a_listing[75]    1.258688e-04 0.019123819 -0.029464844  0.0305170826 1.0027679
a_listing[76]    7.936682e-04 0.020004791 -0.029869898  0.0330634453 1.0023963
a_listing[77]    1.206198e-03 0.021366453 -0.030314347  0.0340153263 1.0030986
a_listing[78]   -1.709096e-03 0.019276665 -0.033480295  0.0262553687 1.0027904
a_listing[79]    1.394358e-03 0.020003051 -0.028683967  0.0340136091 1.0063436
a_listing[80]    5.707769e-04 0.020310231 -0.029923762  0.0330076392 1.0022199
a_listing[81]   -2.825000e-03 0.020175620 -0.035440683  0.0261590583 1.0021701
a_listing[82]   -3.674238e-04 0.020952125 -0.031003413  0.0312056686 1.0035942
a_listing[83]    9.281455e-04 0.019776737 -0.028849038  0.0311647384 1.0036730
a_listing[84]   -1.192143e-03 0.019692246 -0.033446642  0.0289753320 1.0048224
a_listing[85]    2.168602e-04 0.019388389 -0.028821963  0.0304601525 1.0017548
a_listing[86]    4.902069e-04 0.019072319 -0.029709573  0.0302936544 1.0041754
a_listing[87]    1.036822e-03 0.019749318 -0.029902564  0.0322061369 1.0054516
a_listing[88]    5.900538e-04 0.020969310 -0.031862467  0.0329188421 1.0025150
a_listing[89]   -1.864677e-03 0.019626496 -0.034581632  0.0255315665 1.0049685
a_listing[90]   -6.828416e-04 0.020416199 -0.032233283  0.0297901068 1.0096720
a_listing[91]    1.082167e-04 0.019490576 -0.030535458  0.0300742202 1.0061445
a_listing[92]   -2.308168e-04 0.019652193 -0.029829277  0.0274997889 1.0020748
a_listing[93]    1.366969e-03 0.019582220 -0.027749199  0.0342508126 1.0027093
a_listing[94]    7.841437e-04 0.019693912 -0.029503236  0.0318522113 1.0013462
a_listing[95]    2.343659e-04 0.019268305 -0.030387076  0.0297425385 1.0037567
a_listing[96]    2.978022e-04 0.019542462 -0.030026711  0.0319190926 1.0062599
a_listing[97]   -4.192233e-04 0.019931061 -0.031345690  0.0296807386 1.0058013
a_listing[98]   -2.330839e-04 0.019398464 -0.030789411  0.0299068176 1.0046143
a_listing[99]   -8.015133e-05 0.020447962 -0.031638930  0.0309328826 1.0053082
a_listing[100]   9.862007e-04 0.019488934 -0.028099416  0.0335143130 1.0025156
a_listing[101]   3.285846e-04 0.020258792 -0.030722600  0.0310304929 1.0028314
a_listing[102]   1.977938e-03 0.019876691 -0.026428711  0.0334351544 1.0039223
a_listing[103]  -1.888180e-03 0.020579137 -0.035030497  0.0283660569 1.0053813
a_listing[104]   5.834319e-03 0.020765050 -0.020496720  0.0422149143 1.0056215
a_listing[105]   1.485370e-03 0.019958881 -0.027694645  0.0342521709 1.0027842
a_listing[106]   3.094601e-04 0.019094665 -0.029402318  0.0308976809 1.0015996
a_listing[107]   1.328308e-04 0.018854368 -0.030262469  0.0306347464 1.0043880
a_listing[108]  -5.746441e-05 0.019714137 -0.032228711  0.0298430355 1.0020447
a_listing[109]   2.367165e-04 0.019870425 -0.030446490  0.0312367563 1.0039881
a_listing[110]   5.986687e-04 0.019256563 -0.028443443  0.0309849217 1.0051622
a_listing[111]   7.241098e-04 0.019121086 -0.028705228  0.0307489818 1.0041715
a_listing[112]   1.305282e-03 0.020605897 -0.028042384  0.0339128496 1.0038946
a_listing[113]   4.887336e-04 0.019430300 -0.027404516  0.0304072086 1.0024545
a_listing[114]   1.487514e-04 0.020259490 -0.030616087  0.0311657110 1.0046845
a_listing[115]   5.750004e-04 0.019249675 -0.029057357  0.0315809590 1.0028871
a_listing[116]   1.371523e-04 0.019776213 -0.031089720  0.0314266051 1.0023108
a_listing[117]   3.400539e-04 0.019713280 -0.029708035  0.0301761918 1.0084645
a_listing[118]   4.487688e-04 0.019795123 -0.029777809  0.0313753266 1.0038223
a_listing[119]   5.475797e-04 0.019955836 -0.030240520  0.0319785355 1.0048124
a_listing[120]  -2.023090e-03 0.020046457 -0.035776733  0.0278274654 1.0014399
a_listing[121]  -7.312693e-04 0.020747219 -0.033798939  0.0301843352 1.0034787
a_listing[122]   7.035208e-04 0.020379548 -0.030853541  0.0335370348 1.0017954
a_listing[123]   7.846570e-04 0.020204395 -0.030478836  0.0328781755 1.0032910
a_listing[124]   3.259208e-04 0.019646631 -0.029913669  0.0309109019 1.0032103
a_listing[125]   8.152513e-04 0.019384526 -0.029158879  0.0312883905 1.0009018
a_listing[126]   9.343747e-04 0.019262431 -0.027553315  0.0307177896 1.0042739
a_listing[127]  -1.273075e-03 0.021215118 -0.034476932  0.0310072748 1.0047587
a_listing[128]  -2.585744e-04 0.020264298 -0.031802278  0.0307938241 1.0036331
a_listing[129]   3.675196e-04 0.020546433 -0.030890784  0.0315554579 1.0007885
a_listing[130]  -4.684827e-04 0.019303571 -0.031132532  0.0300596454 1.0047133
a_listing[131]  -3.822337e-03 0.020081865 -0.037888343  0.0234612092 1.0051319
a_listing[132]  -8.253091e-04 0.020306636 -0.032667250  0.0301445911 1.0016212
a_listing[133]   2.199314e-04 0.019763859 -0.030225830  0.0312670102 1.0036174
a_listing[134]  -1.246178e-03 0.019789474 -0.033390497  0.0291769088 1.0035505
a_listing[135]  -1.741857e-03 0.019738356 -0.033348274  0.0278728307 1.0034058
a_listing[136]   5.014594e-04 0.019342101 -0.030310059  0.0309476242 1.0027003
a_listing[137]  -1.023252e-04 0.019512292 -0.030062629  0.0299320093 1.0006895
a_listing[138]  -2.769506e-03 0.019585732 -0.035981974  0.0256708091 1.0111208
a_listing[139]  -1.068008e-03 0.020097751 -0.032663572  0.0286641002 1.0035341
a_listing[140]   2.118901e-03 0.019280197 -0.024883099  0.0333204341 1.0042441
a_listing[141]  -8.529848e-06 0.019824079 -0.030737805  0.0302084129 1.0047682
a_listing[142]   5.826663e-05 0.019465954 -0.029300322  0.0311685772 1.0038563
a_listing[143]   1.505103e-04 0.019405186 -0.030051757  0.0306487843 1.0043474
a_listing[144]   2.116808e-03 0.019468925 -0.026565432  0.0350696846 1.0007861
a_listing[145]  -1.939875e-03 0.020019786 -0.033441754  0.0267737283 1.0040096
a_listing[146]   2.309613e-04 0.019235380 -0.028730744  0.0287178503 1.0031387
a_listing[147]   1.148530e-04 0.020448207 -0.030349768  0.0316219136 1.0038556
a_listing[148]  -2.903433e-05 0.020646700 -0.031928081  0.0328882151 1.0041273
a_listing[149]   6.253761e-04 0.019355025 -0.028795743  0.0311537390 1.0038924
a_listing[150]  -1.687990e-03 0.020127391 -0.034992099  0.0262245315 1.0015827
a_listing[151]   1.076863e-03 0.019363065 -0.027404205  0.0313913568 1.0065587
a_listing[152]   6.974123e-04 0.019331376 -0.028951147  0.0330212569 1.0046032
a_listing[153]  -1.287602e-03 0.019909587 -0.033520102  0.0274732063 1.0026393
a_listing[154]   7.034879e-04 0.020183617 -0.030040517  0.0330489769 1.0029877
a_listing[155]  -8.917908e-04 0.020273655 -0.033244033  0.0292087826 1.0046237
a_listing[156]   9.562201e-05 0.020079905 -0.030853700  0.0318666768 1.0021579
a_listing[157]  -9.691153e-06 0.020157769 -0.030458036  0.0292956608 1.0024039
a_listing[158]   4.359037e-04 0.019622809 -0.029009896  0.0312377423 1.0032899
a_listing[159]   4.486231e-04 0.020717912 -0.029693817  0.0328884379 1.0045664
a_listing[160]  -1.990634e-03 0.019936790 -0.035023320  0.0270532733 1.0018581
a_listing[161]   6.922268e-04 0.020047320 -0.030539468  0.0333885052 1.0026646
a_listing[162]   3.713427e-04 0.019811237 -0.029836428  0.0319143142 1.0019880
a_listing[163]   4.582216e-04 0.019976750 -0.029027453  0.0312019718 1.0034168
a_listing[164]   3.922391e-04 0.018823571 -0.028862666  0.0305996134 1.0005637
a_listing[165]   4.449252e-04 0.020328351 -0.029341587  0.0322037461 1.0015499
a_listing[166]  -7.778226e-04 0.020249244 -0.033277717  0.0299700292 1.0039793
a_listing[167]   2.772168e-03 0.020666371 -0.026927691  0.0364645846 1.0044523
a_listing[168]  -1.820228e-03 0.019812215 -0.033792285  0.0264608904 1.0059494
a_listing[169]  -2.411370e-04 0.020143240 -0.031076289  0.0310234948 1.0012512
a_listing[170]   2.526575e-04 0.020771765 -0.031716689  0.0315831257 1.0079322
a_listing[171]  -2.993686e-04 0.019291996 -0.031144124  0.0304294314 1.0018627
a_listing[172]  -2.082272e-04 0.019441254 -0.030401029  0.0299438841 1.0038239
a_listing[173]  -1.974673e-03 0.019921669 -0.033966397  0.0262567609 1.0033451
a_listing[174]  -2.653989e-04 0.019294037 -0.029791368  0.0300878012 1.0056226
a_listing[175]  -9.432241e-04 0.020002466 -0.032708139  0.0297340382 1.0034997
a_listing[176]   4.841220e-04 0.019756250 -0.030467359  0.0300872342 1.0033838
a_listing[177]   1.244860e-03 0.020739270 -0.029039065  0.0342218701 1.0054384
a_listing[178]   4.763199e-04 0.020956197 -0.031585565  0.0330272949 1.0030899
a_listing[179]  -1.062273e-03 0.020178820 -0.031318145  0.0292974790 1.0022455
a_listing[180]  -3.623196e-04 0.019464844 -0.030822306  0.0302332647 1.0038385
a_listing[181]  -1.717531e-03 0.019901039 -0.033416213  0.0279299894 1.0030085
a_listing[182]   5.091541e-04 0.020514110 -0.030753338  0.0327887963 1.0029724
a_listing[183]   5.945216e-05 0.019397041 -0.029734208  0.0312379187 1.0022711
a_listing[184]   3.453702e-04 0.019180090 -0.030079945  0.0311355219 1.0036013
a_listing[185]  -4.769464e-04 0.019994401 -0.030903443  0.0302059641 1.0057000
a_listing[186]   3.062640e-05 0.020337738 -0.031047093  0.0310068684 1.0035649
a_listing[187]   8.276776e-05 0.018717030 -0.029140365  0.0295643645 1.0029789
a_listing[188]   2.773053e-04 0.019462340 -0.030158963  0.0311794199 1.0038575
a_listing[189]   1.068384e-03 0.019185468 -0.027247323  0.0320567707 1.0022892
a_listing[190]   1.440603e-04 0.019924762 -0.029981820  0.0304128007 1.0049495
a_listing[191]   1.242500e-03 0.019925138 -0.029071497  0.0328122480 1.0030744
a_listing[192]   7.475364e-04 0.020207020 -0.030825190  0.0331662718 1.0009328
a_listing[193]   9.569398e-04 0.020426739 -0.029064202  0.0338574619 1.0024525
a_listing[194]   5.979148e-04 0.019395073 -0.029220580  0.0312535944 1.0037806
a_listing[195]  -6.452791e-04 0.019434964 -0.031244198  0.0287139878 1.0018572
a_listing[196]  -4.416097e-04 0.019540371 -0.031217431  0.0291546577 1.0042986
a_listing[197]   5.405457e-04 0.020277689 -0.029747594  0.0338347623 1.0016654
a_listing[198]   7.610970e-05 0.019540445 -0.030825263  0.0310782858 1.0054684
a_listing[199]  -4.762626e-05 0.019862976 -0.030518685  0.0307008903 1.0011319
a_listing[200]   2.419131e-04 0.019680246 -0.028919402  0.0311327909 1.0032515
a_listing[201]  -1.706679e-03 0.020753896 -0.036284611  0.0273818641 1.0031627
a_listing[202]   1.051145e-03 0.020048806 -0.028933311  0.0323488562 1.0007587
a_listing[203]  -2.862963e-04 0.020884292 -0.030977336  0.0323219859 1.0040386
a_listing[204]   7.489161e-05 0.020140020 -0.029733948  0.0301005114 1.0032284
a_listing[205]   3.652860e-04 0.019800133 -0.029468247  0.0312923188 1.0026418
a_listing[206]   2.297421e-04 0.019084079 -0.030549208  0.0303319811 1.0020330
a_listing[207]   3.297830e-04 0.020503853 -0.031418609  0.0336019021 1.0025291
a_listing[208]   8.846995e-04 0.020292888 -0.028602195  0.0321590036 1.0034972
a_listing[209]   7.426843e-04 0.020422213 -0.030266848  0.0316837228 1.0041292
a_listing[210]   1.658648e-04 0.019333253 -0.029527212  0.0306553361 1.0025854
a_listing[211]   3.277930e-04 0.020406761 -0.030702238  0.0310313223 1.0033758
a_listing[212]  -1.221970e-03 0.020271903 -0.032159293  0.0282825543 1.0033222
a_listing[213]  -1.739756e-03 0.019371267 -0.034388110  0.0268890355 1.0050506
a_listing[214]  -9.872610e-04 0.019401150 -0.033115480  0.0287282433 1.0040854
a_listing[215]   4.625067e-04 0.019435115 -0.030719430  0.0317028892 1.0038618
a_listing[216]  -1.832628e-03 0.019464432 -0.033312006  0.0265504046 1.0022590
a_listing[217]   8.736303e-04 0.019739986 -0.030183386  0.0324502209 1.0019211
a_listing[218]  -3.116256e-03 0.019311304 -0.036840918  0.0251989638 1.0037220
a_listing[219]   2.373539e-04 0.019134960 -0.028909435  0.0303613635 1.0033498
a_listing[220]  -2.434214e-03 0.020267730 -0.035549247  0.0263227540 1.0046388
a_listing[221]   6.453418e-04 0.019001838 -0.028281870  0.0311928068 1.0028368
a_listing[222]   4.717593e-04 0.019038408 -0.029698408  0.0315056796 1.0043945
a_listing[223]   2.960380e-05 0.019413799 -0.031193392  0.0304411036 1.0042624
a_listing[224]   3.488575e-04 0.019501154 -0.030354806  0.0312016885 1.0032767
a_listing[225]   1.196771e-03 0.019511249 -0.026780507  0.0338816546 1.0012559
a_listing[226]   2.790424e-04 0.018668134 -0.028065629  0.0305156881 1.0019623
a_listing[227]  -1.202808e-03 0.020031878 -0.033819960  0.0288947358 1.0053015
a_listing[228]  -1.671661e-04 0.019119991 -0.030686158  0.0287166863 1.0061555
a_listing[229]   7.198872e-04 0.019715314 -0.029940614  0.0311318810 1.0019443
a_listing[230]   3.391429e-03 0.020379813 -0.025347039  0.0372363338 1.0039335
a_listing[231]   7.581236e-03 0.020744881 -0.017584012  0.0462379092 1.0015485
a_listing[232]   2.912390e-03 0.019695986 -0.023959739  0.0356230240 1.0034532
a_listing[233]  -1.779180e-04 0.019546333 -0.031035328  0.0313760555 1.0047401
a_listing[234]   7.007008e-07 0.019867451 -0.030231829  0.0309213104 1.0011921
a_listing[235]   1.574014e-04 0.020221054 -0.030692554  0.0310966362 1.0039936
a_listing[236]   3.485908e-04 0.019013051 -0.028773073  0.0305450102 1.0041280
a_listing[237]   8.724696e-04 0.020385229 -0.029812404  0.0329034930 1.0017924
a_listing[238]   1.411143e-03 0.020173312 -0.029353343  0.0343196958 1.0035994
a_listing[239]  -1.011447e-04 0.019465637 -0.030313343  0.0306871107 1.0018786
a_listing[240]   2.794135e-04 0.020320695 -0.029069505  0.0302997960 1.0032219
a_listing[241]  -1.164669e-03 0.018918849 -0.032929145  0.0276092625 1.0030360
a_listing[242]   1.054848e-03 0.020866696 -0.030763668  0.0341067955 1.0018976
a_listing[243]  -5.506434e-04 0.019807271 -0.032026739  0.0295608234 1.0028228
a_listing[244]  -9.430760e-05 0.019315391 -0.029832558  0.0294612804 1.0029256
a_listing[245]   5.294865e-04 0.019577126 -0.028983496  0.0324591272 1.0037097
a_listing[246]  -5.479528e-04 0.019522414 -0.031778536  0.0283769734 1.0011315
a_listing[247]   3.941000e-04 0.020158527 -0.029478728  0.0325446151 1.0039308
a_listing[248]   1.528561e-04 0.019005106 -0.028876166  0.0302653462 1.0044165
a_listing[249]  -1.147715e-03 0.019920218 -0.034233648  0.0286986602 1.0052279
a_listing[250]   4.028195e-05 0.019749018 -0.029859443  0.0302496296 1.0035003
a_listing[251]   5.140841e-04 0.020602757 -0.030570158  0.0333472972 1.0043478
a_listing[252]   8.989448e-04 0.019749315 -0.028982015  0.0319320018 1.0012157
a_listing[253]  -5.592508e-04 0.019344816 -0.030240991  0.0288782586 1.0002764
a_listing[254]  -8.195683e-06 0.018931660 -0.028946329  0.0281741052 1.0027084
a_listing[255]  -3.413088e-03 0.020172726 -0.038242973  0.0247422366 1.0032337
a_listing[256]   6.352319e-04 0.020248944 -0.029924027  0.0330595418 1.0035188
a_listing[257]  -6.449184e-04 0.018596689 -0.030513178  0.0294451567 1.0031102
a_listing[258]  -1.013421e-04 0.018883367 -0.029309966  0.0288217437 1.0072401
a_listing[259]   2.363432e-04 0.020148301 -0.030457096  0.0315356671 1.0001524
a_listing[260]  -6.807104e-05 0.019119842 -0.029719141  0.0291046307 1.0058587
a_listing[261]   1.424863e-03 0.020250978 -0.028171076  0.0346332019 1.0022233
a_listing[262]  -1.385250e-03 0.020877596 -0.034121165  0.0299123984 1.0016669
a_listing[263]  -1.082956e-03 0.019941347 -0.031201499  0.0285036101 1.0023884
a_listing[264]  -4.411532e-04 0.019581045 -0.031717594  0.0309960867 1.0047488
a_listing[265]   5.432670e-04 0.020190675 -0.029119259  0.0317171478 1.0025226
a_listing[266]  -2.942623e-04 0.020635024 -0.032360216  0.0304712890 1.0014650
a_listing[267]   2.032922e-04 0.020191627 -0.029891992  0.0323486090 1.0038732
a_listing[268]   3.532441e-04 0.020277993 -0.031008158  0.0330275796 1.0021914
a_listing[269]   9.871612e-05 0.018880518 -0.030610258  0.0309419012 1.0044126
a_listing[270]  -1.418441e-03 0.019990272 -0.033276976  0.0281932796 1.0039905
a_listing[271]   3.914889e-04 0.019831830 -0.029824918  0.0313427809 1.0041800
a_listing[272]  -6.234429e-04 0.020181132 -0.032947347  0.0296195043 1.0025813
a_listing[273]  -5.862107e-04 0.019304777 -0.030416907  0.0278120907 1.0016226
a_listing[274]  -2.766635e-04 0.019591632 -0.031219185  0.0309454739 1.0030031
a_listing[275]   6.588188e-04 0.018927951 -0.028810449  0.0303169132 1.0021982
a_listing[276]  -2.649074e-04 0.019961745 -0.031436187  0.0305694247 1.0042953
a_listing[277]   8.787458e-04 0.019612428 -0.029856285  0.0328909159 1.0046422
a_listing[278]  -1.825084e-03 0.019999715 -0.034581454  0.0280555652 1.0026867
a_listing[279]  -3.163445e-04 0.018887159 -0.029731764  0.0281700367 1.0036211
a_listing[280]  -6.377453e-05 0.019883139 -0.031468793  0.0310727554 1.0050768
a_listing[281]  -1.726739e-03 0.017383650 -0.029652975  0.0231089392 1.0037772
a_listing[282]  -1.217980e-04 0.020720165 -0.032585513  0.0314084937 1.0022805
a_listing[283]  -9.071143e-04 0.019888686 -0.032676257  0.0293410277 1.0014544
a_listing[284]  -6.442541e-04 0.020389639 -0.031399092  0.0302483390 1.0044216
a_listing[285]  -3.633404e-03 0.019978940 -0.037080234  0.0230372303 1.0042029
a_listing[286]   3.396560e-05 0.020024000 -0.030972497  0.0300459027 1.0039879
a_listing[287]   1.097730e-03 0.019723548 -0.028381740  0.0318090832 1.0027509
a_listing[288]  -3.272248e-03 0.019947989 -0.036549232  0.0261891750 1.0021832
a_listing[289]   9.980853e-05 0.019999583 -0.030808987  0.0305134555 1.0037318
a_listing[290]   2.767423e-04 0.019744576 -0.028824085  0.0304013815 1.0039325
a_listing[291]  -1.644617e-03 0.018816594 -0.032939824  0.0260902590 1.0043266
a_listing[292]  -6.479496e-04 0.020026613 -0.033031864  0.0279498537 1.0039174
a_listing[293]  -5.063268e-04 0.018723306 -0.030004838  0.0286527833 1.0029599
a_listing[294]  -8.520379e-04 0.019777081 -0.033434350  0.0286853982 1.0044449
a_listing[295]  -6.350773e-05 0.019765916 -0.031603622  0.0298906046 1.0018175
a_listing[296]  -1.447064e-03 0.020393805 -0.033159363  0.0281245000 1.0008304
a_listing[297]  -1.214651e-03 0.019465882 -0.033012220  0.0284976159 1.0023558
a_listing[298]   3.035568e-04 0.020368630 -0.031324900  0.0319799842 1.0028332
a_listing[299]   2.660001e-05 0.019629539 -0.029798890  0.0311945827 1.0046015
a_listing[300]   2.181416e-04 0.020093653 -0.030516644  0.0306040156 1.0039086
a_listing[301]  -3.454384e-03 0.019566731 -0.035694057  0.0238594804 1.0014109
a_listing[302]   1.529755e-03 0.020258334 -0.028779711  0.0345392222 1.0029974
a_listing[303]  -2.035198e-04 0.019829556 -0.031428733  0.0301988275 1.0024910
a_listing[304]   4.632972e-04 0.020526213 -0.031497067  0.0323750569 1.0040919
a_listing[305]   9.654330e-04 0.019337920 -0.027107574  0.0319465293 1.0039384
a_listing[306]  -1.031710e-03 0.019346575 -0.031786771  0.0276450178 1.0028135
a_listing[307]  -5.472216e-04 0.019832574 -0.031272155  0.0292900818 1.0030654
a_listing[308]   3.773894e-04 0.019913133 -0.030542846  0.0316147680 1.0031372
a_listing[309]  -2.658014e-04 0.018990988 -0.030624789  0.0292694654 1.0050459
a_listing[310]  -2.494732e-03 0.020328713 -0.036734600  0.0251163407 1.0030418
a_listing[311]  -2.358295e-03 0.019039561 -0.033624253  0.0253931589 1.0014560
a_listing[312]   5.886086e-05 0.019892729 -0.031189935  0.0321778326 1.0025442
a_listing[313]   1.103713e-05 0.020399254 -0.031077584  0.0315464470 1.0044058
a_listing[314]   6.411058e-04 0.019503896 -0.028527886  0.0307065016 1.0048604
a_listing[315]   1.726391e-03 0.019954229 -0.027365878  0.0348188925 1.0034270
a_listing[316]   6.766138e-05 0.020385932 -0.031003967  0.0319429690 1.0037498
a_listing[317]   4.715537e-04 0.019511088 -0.029275609  0.0313626697 1.0012400
a_listing[318]   5.008774e-04 0.019088970 -0.028317349  0.0303928198 1.0032710
a_listing[319]   6.886405e-04 0.020086883 -0.030407395  0.0314648934 1.0033594
a_listing[320]  -1.471556e-03 0.020381622 -0.035914082  0.0285469531 1.0036251
a_listing[321]  -1.637425e-04 0.020233223 -0.032842131  0.0322043633 1.0025354
a_listing[322]   1.616922e-03 0.018740664 -0.026568184  0.0308336223 1.0033653
a_listing[323]  -4.458416e-04 0.020669775 -0.032412450  0.0315111751 1.0031333
a_listing[324]  -2.518252e-03 0.020491566 -0.036693871  0.0261476760 1.0042247
a_listing[325]   8.347251e-04 0.019191170 -0.027796345  0.0316274185 1.0017481
a_listing[326]  -7.007100e-04 0.020205877 -0.032075308  0.0293265159 1.0031993
a_listing[327]  -8.307893e-04 0.019534248 -0.031567105  0.0281681937 1.0056566
a_listing[328]  -4.342187e-04 0.020072573 -0.032388523  0.0300612712 1.0034472
a_listing[329]  -2.829503e-03 0.020357493 -0.036681330  0.0264219402 1.0056936
a_listing[330]  -2.842864e-03 0.021105645 -0.037819851  0.0274872595 1.0063772
a_listing[331]  -9.883987e-04 0.020158239 -0.032035180  0.0288282356 1.0025208
a_listing[332]  -1.020022e-03 0.019842238 -0.033155437  0.0283123081 1.0049569
a_listing[333]  -1.862143e-04 0.019734883 -0.030555458  0.0307558896 1.0033943
a_listing[334]  -1.173738e-03 0.019501975 -0.033216190  0.0272260281 1.0010911
a_listing[335]  -2.097546e-03 0.019934608 -0.034477466  0.0277281002 1.0035912
a_listing[336]  -1.889060e-03 0.020530372 -0.036086871  0.0292939468 1.0039092
a_listing[337]  -1.419551e-03 0.019891463 -0.032891373  0.0272229813 1.0019115
a_listing[338]  -2.782735e-04 0.020256865 -0.030629474  0.0303487727 1.0016887
a_listing[339]  -3.480129e-04 0.020245405 -0.031371384  0.0319755263 1.0026565
a_listing[340]   1.153377e-03 0.019750852 -0.028107582  0.0326412224 1.0050061
a_listing[341]  -5.310184e-04 0.020266955 -0.031944100  0.0300401118 1.0017104
a_listing[342]   1.050360e-03 0.020514150 -0.030121285  0.0346782260 1.0051859
a_listing[343]  -1.367268e-03 0.019219554 -0.033276699  0.0270380266 1.0066056
a_listing[344]  -2.240722e-03 0.020217110 -0.036076700  0.0271658936 1.0056651
a_listing[345]   6.590947e-04 0.020069098 -0.030009613  0.0323136281 1.0039510
a_listing[346]   5.506579e-04 0.020098516 -0.029057417  0.0318053329 1.0043918
a_listing[347]   7.292695e-04 0.020179253 -0.029417773  0.0326612744 1.0024303
a_listing[348]  -2.113261e-04 0.019284100 -0.029507302  0.0311175297 1.0051272
a_listing[349]   4.037103e-04 0.020302913 -0.030264156  0.0323257868 1.0018907
a_listing[350]   7.275689e-05 0.019710313 -0.029830541  0.0310693130 1.0025260
a_listing[351]   8.081216e-04 0.020415669 -0.029025678  0.0339258640 1.0045709
a_listing[352]   3.729535e-04 0.020616958 -0.030603027  0.0333642861 1.0076737
a_listing[353]   2.100383e-04 0.020097265 -0.030703137  0.0311283571 1.0031665
a_listing[354]   1.054798e-03 0.019599214 -0.028568738  0.0324197162 1.0057647
a_listing[355]   3.917627e-04 0.019757444 -0.030193837  0.0305167235 1.0041102
a_listing[356]  -9.007706e-07 0.019810702 -0.029289156  0.0311762777 1.0028253
a_listing[357]  -3.545867e-04 0.019729052 -0.029759771  0.0310870680 1.0035050
a_listing[358]   1.553437e-03 0.019920510 -0.028087813  0.0328148186 1.0022514
a_listing[359]  -1.572705e-03 0.020502585 -0.035076751  0.0283555977 1.0021838
a_listing[360]   1.152629e-03 0.020158317 -0.028822304  0.0331292496 1.0074337
a_listing[361]   5.578961e-04 0.019827603 -0.029192059  0.0318450678 1.0015320
a_listing[362]  -3.244552e-04 0.019615774 -0.031196391  0.0309162944 1.0026148
a_listing[363]  -5.518420e-04 0.020093396 -0.030586833  0.0290417028 1.0024450
a_listing[364]   2.078426e-04 0.020434142 -0.030699080  0.0315152964 1.0014650
a_listing[365]  -3.334446e-04 0.019210456 -0.031220073  0.0291311325 1.0018675
a_listing[366]   3.465053e-03 0.020458384 -0.024884877  0.0380835886 1.0043737
a_listing[367]   1.571767e-04 0.019420168 -0.030216205  0.0312606990 1.0048426
a_listing[368]   6.417554e-04 0.019238565 -0.027153694  0.0320018367 1.0053165
a_listing[369]   6.548951e-04 0.019548539 -0.028858042  0.0313628867 1.0038494
a_listing[370]  -1.591262e-04 0.019976699 -0.030389842  0.0309864222 1.0016888
a_listing[371]   1.493087e-03 0.019167693 -0.026533663  0.0332485120 1.0024199
a_listing[372]  -8.211477e-05 0.019884477 -0.031516180  0.0307092110 1.0043882
a_listing[373]  -7.924738e-04 0.020148862 -0.033690765  0.0287632122 1.0047605
a_listing[374]   1.788297e-03 0.020112823 -0.028071027  0.0345589808 1.0015468
a_listing[375]   2.778694e-04 0.019400606 -0.030550426  0.0307385210 1.0011996
a_listing[376]  -2.049304e-03 0.019984384 -0.034818631  0.0274967053 1.0030819
a_listing[377]   1.874142e-03 0.019543532 -0.027472245  0.0342875497 1.0021923
a_listing[378]   8.888812e-04 0.018086168 -0.027027839  0.0298083698 1.0029197
a_listing[379]  -5.645828e-04 0.020137767 -0.032291698  0.0293940790 1.0051961
a_listing[380]   3.523664e-04 0.019908134 -0.030506062  0.0298772110 1.0054105
a_listing[381]   1.300602e-03 0.017907092 -0.025884212  0.0299342475 1.0044827
a_listing[382]   5.170558e-04 0.020719936 -0.030548530  0.0331658793 1.0043802
a_listing[383]  -1.689470e-03 0.019169490 -0.031783193  0.0264892978 1.0022550
a_listing[384]   5.703031e-04 0.019217778 -0.028804381  0.0305680139 1.0008133
a_listing[385]  -7.906765e-04 0.020175758 -0.032847973  0.0299926061 1.0044863
a_listing[386]  -1.535599e-03 0.019808711 -0.034449902  0.0269171280 1.0007297
a_listing[387]  -4.005891e-03 0.020197286 -0.038450393  0.0234883771 1.0021468
a_listing[388]   6.935060e-04 0.018944242 -0.028729677  0.0315882589 1.0025854
a_listing[389]   1.284935e-04 0.019637926 -0.029346445  0.0304714438 1.0042361
a_listing[390]  -1.885507e-03 0.020258962 -0.034094217  0.0271691194 1.0035363
a_listing[391]   6.007632e-04 0.020812552 -0.030450689  0.0312134349 1.0031540
a_listing[392]  -7.988021e-04 0.019380275 -0.031124907  0.0282560270 1.0030879
a_listing[393]   1.946178e-04 0.019910624 -0.029560408  0.0299748702 1.0014924
a_listing[394]   1.889256e-03 0.019050634 -0.026240216  0.0334106332 1.0038679
a_listing[395]  -2.362417e-03 0.020621410 -0.036572276  0.0257952218 1.0031032
a_listing[396]  -6.649706e-04 0.020086959 -0.031820524  0.0302582321 1.0025834
a_listing[397]  -9.281325e-04 0.019983369 -0.031080179  0.0299666814 1.0047163
a_listing[398]   5.925815e-04 0.019334372 -0.028805725  0.0311158806 1.0043624
a_listing[399]  -9.266005e-05 0.019679939 -0.031238533  0.0297515855 1.0026561
a_listing[400]   3.383815e-04 0.020194209 -0.030687008  0.0317041380 1.0042619
a_listing[401]  -6.410848e-04 0.018876379 -0.030482815  0.0286133811 1.0014090
a_listing[402]  -7.935817e-04 0.019176546 -0.031188246  0.0283439745 1.0041906
a_listing[403]   6.434414e-04 0.020019402 -0.029830359  0.0325650443 1.0030213
a_listing[404]   1.163637e-03 0.020207160 -0.029239663  0.0341410789 1.0017924
a_listing[405]   5.922843e-04 0.020009655 -0.029788393  0.0325064796 1.0035642
a_listing[406]  -1.269394e-03 0.020775915 -0.033527858  0.0288183973 1.0019774
a_listing[407]   6.341444e-04 0.018706678 -0.029077243  0.0299758341 1.0008330
a_listing[408]   6.808215e-04 0.019524669 -0.029746314  0.0324779597 1.0017611
a_listing[409]   3.698977e-04 0.020240666 -0.030343559  0.0328287774 1.0021754
a_listing[410]  -6.262015e-04 0.019106907 -0.031309694  0.0271154372 1.0035127
a_listing[411]  -1.532199e-03 0.020620993 -0.034507602  0.0286116595 1.0070612
a_listing[412]  -2.011612e-03 0.019412958 -0.034643202  0.0275946993 1.0042374
a_listing[413]   6.699091e-04 0.020443680 -0.030245448  0.0324975235 1.0031604
a_listing[414]   5.726489e-04 0.019700454 -0.029402834  0.0314918622 1.0024317
a_listing[415]   4.265470e-04 0.019881380 -0.029979967  0.0311342009 1.0033307
a_listing[416]  -4.270535e-04 0.020139889 -0.030971602  0.0309290808 1.0069477
a_listing[417]   1.128876e-03 0.019819571 -0.028525716  0.0327551434 1.0063394
a_listing[418]   2.431695e-03 0.019226622 -0.026825702  0.0344554577 1.0025586
a_listing[419]  -1.477113e-03 0.020015329 -0.033913295  0.0293234567 1.0030193
a_listing[420]   1.965018e-04 0.019863988 -0.030072443  0.0308147997 1.0024613
a_listing[421]   3.483199e-03 0.019839737 -0.023603317  0.0376923398 1.0028363
a_listing[422]   3.575140e-04 0.019664553 -0.029447083  0.0319820177 1.0042099
a_listing[423]  -2.959267e-04 0.019479859 -0.031073893  0.0305675411 1.0061710
a_listing[424]  -8.803780e-04 0.021088796 -0.034806206  0.0305477492 1.0036460
a_listing[425]   4.957225e-04 0.019788483 -0.029471824  0.0302680954 1.0020207
a_listing[426]   1.521926e-03 0.019428304 -0.026926097  0.0328843333 1.0023683
a_listing[427]   2.277648e-03 0.020139448 -0.026333972  0.0346042857 1.0044119
a_listing[428]  -5.443087e-04 0.019367667 -0.032023116  0.0289447004 1.0025181
a_listing[429]   4.056794e-04 0.019809206 -0.030589261  0.0305000216 1.0020359
a_listing[430]  -3.463984e-04 0.020391901 -0.033384409  0.0304499372 1.0044956
a_listing[431]   1.719936e-03 0.020286785 -0.026544133  0.0343704568 1.0028496
a_listing[432]   1.068103e-03 0.020459338 -0.028529987  0.0333539457 1.0028163
a_listing[433]   4.755467e-04 0.019790099 -0.030124810  0.0324792905 1.0043350
a_listing[434]   2.186726e-04 0.019287128 -0.028633455  0.0299612285 1.0033529
a_listing[435]   9.776435e-04 0.019801953 -0.029059511  0.0319733722 1.0036388
a_listing[436]  -8.006664e-05 0.019251195 -0.029459647  0.0310192458 1.0021097
a_listing[437]  -1.363258e-04 0.019615121 -0.029895353  0.0308491305 1.0023662
a_listing[438]  -9.858567e-04 0.019957423 -0.032240387  0.0299078326 1.0037090
a_listing[439]   7.805685e-04 0.019797414 -0.029299217  0.0322466947 1.0050186
a_listing[440]   3.462050e-04 0.019240202 -0.029314188  0.0301369134 1.0025262
a_listing[441]   5.263875e-04 0.019693473 -0.030756692  0.0315331257 1.0024001
a_listing[442]   6.444552e-04 0.019476155 -0.029405301  0.0304617962 1.0033573
a_listing[443]   4.830498e-04 0.020165638 -0.030102328  0.0323887606 1.0016085
a_listing[444]   1.682695e-03 0.020878885 -0.029123855  0.0348715479 1.0025688
a_listing[445]  -3.213726e-04 0.019160735 -0.030743675  0.0304032108 1.0020901
a_listing[446]   4.704457e-05 0.020115220 -0.031367452  0.0309713390 1.0019498
a_listing[447]   3.540502e-04 0.020005318 -0.031030258  0.0317603916 1.0028119
a_listing[448]   4.205199e-04 0.019661321 -0.029579962  0.0320838457 1.0007599
a_listing[449]   8.885600e-05 0.019928787 -0.029636549  0.0307934555 1.0058204
a_listing[450]  -9.315869e-04 0.021128205 -0.035336663  0.0305565481 1.0035888
a_listing[451]   3.854859e-05 0.020115098 -0.031153789  0.0305050289 1.0026000
a_listing[452]   5.293383e-04 0.019989902 -0.031128621  0.0324922273 1.0030934
a_listing[453]  -8.001170e-04 0.018878757 -0.031826601  0.0286432698 1.0028414
a_listing[454]  -2.507601e-04 0.020687752 -0.032802609  0.0307166961 1.0043881
a_listing[455]   3.645383e-06 0.020545635 -0.032591019  0.0325473879 1.0034441
a_listing[456]   1.608593e-04 0.019999653 -0.030881416  0.0314443605 1.0038857
a_listing[457]   1.533346e-03 0.019908748 -0.029169658  0.0329386526 1.0011733
a_listing[458]   6.347644e-05 0.020293996 -0.029976586  0.0302922530 1.0027277
a_listing[459]  -7.556533e-04 0.019882866 -0.032606455  0.0289275989 1.0024794
a_listing[460]   3.698628e-04 0.019344680 -0.029471500  0.0307983893 1.0056719
a_listing[461]   1.670685e-04 0.020211153 -0.031356238  0.0312231623 1.0014881
a_listing[462]  -5.428132e-04 0.020428336 -0.031854842  0.0296219834 1.0031276
a_listing[463]  -6.516698e-04 0.020204776 -0.033313272  0.0312483674 1.0058692
a_listing[464]   3.166896e-04 0.019743121 -0.030551121  0.0333307677 1.0015526
a_listing[465]   5.802595e-04 0.019970927 -0.030194844  0.0307921078 1.0012824
a_listing[466]   1.008320e-03 0.019280334 -0.027798918  0.0320392462 1.0015745
a_listing[467]   4.114505e-04 0.020170475 -0.030990796  0.0315001649 1.0057199
a_listing[468]   2.707799e-04 0.018936378 -0.027847203  0.0294804510 1.0025460
a_listing[469]  -5.892230e-05 0.019828168 -0.030697321  0.0299204401 1.0026598
a_listing[470]  -3.316503e-03 0.019875933 -0.038162669  0.0234449894 1.0036469
a_listing[471]   1.750490e-04 0.019664426 -0.029673932  0.0307654582 1.0033191
a_listing[472]   1.555895e-03 0.020372778 -0.027709155  0.0346254731 1.0030874
a_listing[473]   1.128054e-03 0.019546836 -0.027506946  0.0328716643 1.0014789
a_listing[474]  -3.631483e-03 0.020187504 -0.037776808  0.0234133009 1.0030112
a_listing[475]  -6.202254e-04 0.020336963 -0.033744764  0.0308793924 1.0040451
a_listing[476]   1.260075e-03 0.019940233 -0.027115985  0.0319941425 1.0028348
a_listing[477]   9.480313e-04 0.019605067 -0.027348322  0.0324516333 1.0034933
a_listing[478]  -8.796795e-04 0.018584250 -0.031694238  0.0279796733 1.0042589
a_listing[479]  -1.440234e-04 0.019801853 -0.030781775  0.0296808582 1.0039821
a_listing[480]  -1.855242e-04 0.019570521 -0.030745004  0.0302870839 1.0029374
a_listing[481]  -1.888794e-03 0.019974108 -0.035591969  0.0273685982 1.0011645
a_listing[482]   5.934032e-04 0.019698823 -0.029950848  0.0307431656 1.0010841
a_listing[483]  -9.423967e-05 0.019981541 -0.030636114  0.0303121321 1.0038116
a_listing[484]  -6.541533e-04 0.019169181 -0.031743211  0.0292550884 1.0038069
a_listing[485]   7.156978e-04 0.019906452 -0.029829679  0.0324440050 1.0020523
a_listing[486]   6.685869e-04 0.019375503 -0.027350889  0.0317219155 1.0043622
a_listing[487]   1.155198e-04 0.020509080 -0.032318302  0.0324239174 1.0039663
a_listing[488]  -1.672617e-05 0.019368578 -0.030477379  0.0306949821 1.0014478
a_listing[489]   5.787832e-04 0.019224011 -0.028810499  0.0311548036 1.0051261
a_listing[490]   2.302011e-04 0.019601318 -0.028265180  0.0292860892 1.0031132
a_listing[491]   1.105427e-03 0.018686276 -0.027963621  0.0330411457 1.0043826
a_listing[492]  -2.558857e-04 0.020154542 -0.031942310  0.0307195755 1.0044652
a_listing[493]   6.180082e-05 0.019859514 -0.029852030  0.0308799985 1.0022597
a_listing[494]   9.289063e-04 0.020947509 -0.028997082  0.0330785664 1.0017781
a_listing[495]  -5.928230e-04 0.021120691 -0.032479014  0.0298153842 1.0036275
a_listing[496]   1.101299e-03 0.020034919 -0.029339267  0.0328811177 1.0048460
a_listing[497]   4.837645e-04 0.019502103 -0.029241466  0.0301119529 1.0020745
a_listing[498]   2.904329e-05 0.020461545 -0.030698923  0.0323464179 1.0030937
a_listing[499]   5.052860e-04 0.020135146 -0.030111820  0.0332232321 1.0038650
a_listing[500]   3.873851e-04 0.020169953 -0.031115653  0.0323495428 1.0053873
a_listing[501]   1.518040e-03 0.019147981 -0.027070875  0.0329736228 1.0028638
a_listing[502]   1.349926e-03 0.018830358 -0.028343816  0.0333383249 1.0024540
a_listing[503]   1.534706e-04 0.019537058 -0.030607452  0.0304216229 1.0043292
a_listing[504]   6.930712e-04 0.019716662 -0.028278443  0.0327960766 1.0017940
a_listing[505]   8.667469e-04 0.020083370 -0.028990226  0.0327676475 1.0039409
a_listing[506]   2.096306e-04 0.020641886 -0.030896561  0.0302031749 1.0036077
a_listing[507]  -6.506602e-04 0.020233068 -0.031478938  0.0299522020 1.0028236
a_listing[508]   8.720463e-05 0.020149633 -0.030558537  0.0306848301 1.0037068
a_listing[509]   4.487910e-04 0.019542738 -0.029418174  0.0320537041 1.0030254
a_listing[510]   4.986669e-04 0.019593989 -0.028907543  0.0310601974 1.0028134
a_listing[511]  -4.636988e-04 0.018583002 -0.030080228  0.0282532142 1.0023848
a_listing[512]   3.750343e-04 0.019852859 -0.030383342  0.0323760051 1.0031453
a_listing[513]  -9.577772e-04 0.019730789 -0.032733410  0.0293345170 1.0039118
a_listing[514]   6.899771e-04 0.020571221 -0.030400891  0.0338545107 1.0029691
a_listing[515]   9.443679e-04 0.019849671 -0.027486716  0.0331233117 1.0028460
a_listing[516]  -1.496619e-03 0.019858290 -0.033848557  0.0283953673 1.0040813
a_listing[517]  -1.027890e-03 0.020412553 -0.033345601  0.0308760621 1.0026827
a_listing[518]   1.229824e-03 0.019830045 -0.028864646  0.0326141280 1.0039126
a_listing[519]   1.216181e-03 0.019059593 -0.026880596  0.0320005686 1.0025535
a_listing[520]  -5.887150e-04 0.020513407 -0.032808573  0.0300573481 1.0008613
a_listing[521]  -7.659155e-04 0.019873422 -0.032579620  0.0286514270 1.0032482
a_listing[522]   7.439356e-04 0.021483638 -0.032968869  0.0335076583 1.0031224
a_listing[523]  -4.489274e-04 0.020089830 -0.031338871  0.0298820071 1.0061111
a_listing[524]  -2.062798e-03 0.019545145 -0.034926530  0.0264050631 1.0042443
a_listing[525]   4.029411e-04 0.019129928 -0.029092301  0.0316141661 1.0021399
a_listing[526]   1.344865e-03 0.019817129 -0.028701557  0.0348670247 1.0022257
a_listing[527]   4.614324e-05 0.020465628 -0.031160734  0.0300853514 1.0025855
a_listing[528]  -4.614762e-04 0.019487131 -0.030425204  0.0292560005 1.0043893
a_listing[529]   8.428478e-04 0.020340495 -0.030202307  0.0327064374 1.0014588
a_listing[530]   1.006264e-03 0.020833692 -0.030445397  0.0331053756 1.0029121
a_listing[531]   9.026379e-04 0.020300958 -0.029108395  0.0331882261 1.0036120
a_listing[532]   4.997377e-04 0.019410164 -0.029378566  0.0314154039 1.0026105
a_listing[533]  -4.505528e-04 0.019314338 -0.030394196  0.0284482911 1.0018350
a_listing[534]  -5.609222e-05 0.019395756 -0.030188672  0.0306511107 1.0036050
a_listing[535]   4.967048e-04 0.019742761 -0.029370057  0.0320389653 1.0020671
a_listing[536]   2.928175e-04 0.019375685 -0.029345524  0.0304808821 1.0038303
a_listing[537]  -3.645703e-03 0.020181361 -0.039312884  0.0238184311 1.0025539
a_listing[538]  -6.158527e-05 0.019379554 -0.031054189  0.0304333274 1.0029459
a_listing[539]  -3.080824e-04 0.019261768 -0.030876712  0.0299502591 1.0006556
a_listing[540]   4.051313e-04 0.019883589 -0.029706889  0.0313204055 1.0042935
a_listing[541]  -1.563285e-03 0.019254185 -0.033007879  0.0270296974 1.0041784
a_listing[542]  -4.934381e-04 0.019860740 -0.030611914  0.0301445089 1.0076262
a_listing[543]  -1.604373e-04 0.020107730 -0.030785365  0.0283645777 1.0006235
a_listing[544]   3.637593e-04 0.019292511 -0.030065972  0.0313908317 1.0023209
a_listing[545]  -1.096687e-04 0.019658658 -0.030873959  0.0308344018 1.0027420
a_listing[546]   1.819319e-04 0.019866994 -0.030471117  0.0324571184 1.0039178
a_listing[547]   5.886653e-04 0.019492708 -0.028280642  0.0310268228 1.0010589
a_listing[548]  -2.221697e-03 0.020035340 -0.036319527  0.0265686263 1.0033743
a_listing[549]   7.482080e-04 0.019719249 -0.028565634  0.0321627581 1.0037671
a_listing[550]   1.148502e-03 0.019604453 -0.027321441  0.0322987643 1.0032167
a_listing[551]   6.238647e-04 0.020043643 -0.029700691  0.0320279094 1.0035363
a_listing[552]   2.231469e-04 0.019970290 -0.030909247  0.0330794683 1.0010769
a_listing[553]   1.208866e-04 0.020134932 -0.029592334  0.0315265167 1.0048084
a_listing[554]  -1.234976e-03 0.019903598 -0.031541947  0.0271328022 1.0027662
a_listing[555]  -3.879372e-04 0.019327896 -0.030733282  0.0299254293 1.0015158
a_listing[556]   6.519425e-04 0.019623102 -0.029529568  0.0303170387 1.0050939
a_listing[557]  -1.317430e-03 0.020119868 -0.033291098  0.0283562339 1.0026297
a_listing[558]  -4.419766e-04 0.019611912 -0.030992591  0.0299711650 1.0018508
a_listing[559]   5.777519e-04 0.020358829 -0.029413650  0.0313825352 1.0021345
a_listing[560]   3.354508e-06 0.020340756 -0.033067019  0.0311711465 1.0047653
a_listing[561]   4.312352e-04 0.020436897 -0.029988907  0.0324075701 1.0031372
a_listing[562]   9.522146e-04 0.019934228 -0.028379271  0.0315843418 1.0020637
a_listing[563]  -2.060308e-03 0.019911482 -0.034965369  0.0254418412 1.0062839
a_listing[564]   8.280362e-05 0.019743213 -0.030115392  0.0304144943 1.0026628
a_listing[565]  -2.260304e-04 0.019411656 -0.030351274  0.0298630256 1.0024799
a_listing[566]  -5.700408e-04 0.019471811 -0.031310915  0.0298184844 1.0026334
a_listing[567]   6.820833e-05 0.020282345 -0.030603050  0.0309362107 1.0013940
a_listing[568]   1.410893e-03 0.020065413 -0.028730851  0.0323474626 1.0039656
a_listing[569]   8.601903e-04 0.019838033 -0.027908333  0.0314017687 1.0046027
a_listing[570]  -7.273070e-04 0.020418052 -0.031398752  0.0303024561 1.0033409
a_listing[571]   9.729902e-05 0.020383224 -0.031919773  0.0331420662 1.0005434
a_listing[572]  -1.520524e-03 0.020890529 -0.033829907  0.0297105954 1.0025863
a_listing[573]  -5.827184e-04 0.020209275 -0.032984434  0.0305053706 1.0036233
a_listing[574]   1.839583e-03 0.020400739 -0.027747968  0.0356019699 1.0023938
a_listing[575]  -3.036991e-04 0.020198606 -0.030805283  0.0298723786 1.0049762
a_listing[576]  -1.508378e-03 0.019225668 -0.033387519  0.0278975381 1.0045612
a_listing[577]   8.431150e-05 0.020277926 -0.031216702  0.0323111839 1.0018114
a_listing[578]   3.609720e-04 0.019373063 -0.029066568  0.0313705493 1.0023202
a_listing[579]   8.042101e-05 0.020036236 -0.030756926  0.0310102641 1.0028308
a_listing[580]   3.744067e-04 0.020301195 -0.030026570  0.0319187658 1.0014605
a_listing[581]   3.855217e-04 0.020208642 -0.030028705  0.0307873492 1.0040084
a_listing[582]  -2.983371e-04 0.019452681 -0.030368611  0.0295887879 1.0010858
a_listing[583]  -1.490620e-04 0.019887871 -0.031329452  0.0313808030 1.0053651
a_listing[584]   6.870955e-04 0.018559532 -0.029587827  0.0300532578 1.0050842
a_listing[585]   4.484288e-04 0.019639934 -0.028897993  0.0309128749 1.0042090
a_listing[586]   4.767814e-04 0.019318064 -0.029751383  0.0316733391 1.0017386
a_listing[587]  -2.186243e-04 0.019552491 -0.031298327  0.0295324903 1.0050212
a_listing[588]  -8.635700e-05 0.020024995 -0.031781764  0.0314885788 1.0021309
a_listing[589]  -4.486916e-05 0.020306705 -0.031270804  0.0308593713 1.0021306
a_listing[590]   4.294991e-04 0.020304366 -0.030204476  0.0308463512 1.0019382
a_listing[591]   3.382073e-05 0.020035710 -0.031126362  0.0313850324 1.0040928
a_listing[592]   3.640582e-04 0.019906135 -0.030632016  0.0321487093 1.0027034
a_listing[593]  -1.773957e-03 0.020745231 -0.035530884  0.0278229038 1.0056543
a_listing[594]   3.237559e-04 0.018951302 -0.029529047  0.0292994011 1.0031283
a_listing[595]  -5.678439e-04 0.019898613 -0.032564770  0.0299720388 1.0018991
a_listing[596]  -6.244720e-04 0.019087948 -0.030153043  0.0295796120 1.0029795
a_listing[597]   7.207550e-05 0.020233715 -0.031653376  0.0322549478 1.0027289
a_listing[598]   2.486367e-04 0.018354684 -0.028644926  0.0278811074 1.0034349
a_listing[599]  -1.008137e-04 0.018574778 -0.028057803  0.0289528892 1.0020581
a_listing[600]  -2.464415e-04 0.019068778 -0.029631606  0.0283159918 1.0027980
a_listing[601]   4.625913e-04 0.019633387 -0.030532161  0.0319454703 1.0035402
a_listing[602]  -4.717523e-05 0.020794620 -0.032882999  0.0326128037 1.0033393
a_listing[603]  -2.373616e-04 0.021141682 -0.034028914  0.0315723120 1.0038465
a_listing[604]  -5.025455e-04 0.019640641 -0.030796105  0.0291792837 1.0056762
a_listing[605]   2.042550e-04 0.019849048 -0.028254773  0.0315729357 1.0042965
a_listing[606]  -3.435893e-04 0.019919296 -0.031459123  0.0296619022 1.0024954
a_listing[607]  -2.379490e-04 0.019387380 -0.030900375  0.0305689850 1.0031207
a_listing[608]   1.785517e-04 0.020534399 -0.030311812  0.0309567329 1.0052294
a_listing[609]   4.834979e-04 0.020005405 -0.030533571  0.0323882667 1.0027594
a_listing[610]  -8.496594e-04 0.020632400 -0.033559590  0.0310891121 1.0030187
a_listing[611]  -2.298032e-03 0.020005347 -0.034645816  0.0275929712 1.0036488
a_listing[612]   1.722620e-04 0.019316799 -0.029760951  0.0316206471 1.0015732
a_listing[613]   9.664461e-05 0.019129471 -0.029802835  0.0297313661 1.0045579
a_listing[614]  -7.807494e-05 0.019693038 -0.030931301  0.0302054214 1.0035401
a_listing[615]  -5.815154e-05 0.019967140 -0.031233161  0.0305150657 1.0031809
a_listing[616]  -7.481050e-05 0.019991560 -0.030903258  0.0298950409 1.0020014
a_listing[617]   1.044844e-03 0.020123278 -0.029364453  0.0335239575 1.0035676
a_listing[618]  -4.515107e-05 0.019641062 -0.030418432  0.0306837950 1.0026463
a_listing[619]   4.152739e-04 0.019901811 -0.030808515  0.0319445832 1.0044527
a_listing[620]   9.602369e-04 0.020083123 -0.029258984  0.0334621068 1.0024677
a_listing[621]   1.224967e-04 0.019631545 -0.029490556  0.0328591541 1.0045977
a_listing[622]  -3.485803e-03 0.020226152 -0.038419801  0.0243674273 1.0037335
a_listing[623]   9.399558e-04 0.019394376 -0.028188111  0.0318856121 1.0039473
a_listing[624]   1.255711e-04 0.019992281 -0.029568795  0.0301226073 1.0037595
a_listing[625]   1.098374e-03 0.020676836 -0.029216048  0.0319326163 1.0053140
a_listing[626]  -1.608700e-03 0.019948329 -0.033591393  0.0293652744 1.0040101
a_listing[627]  -2.731830e-04 0.019845834 -0.031469879  0.0289842453 1.0029549
a_listing[628]   7.620522e-04 0.020530094 -0.029561877  0.0339112315 1.0042659
a_listing[629]   4.694162e-05 0.019518011 -0.029872001  0.0318723145 1.0035923
a_listing[630]   6.960242e-04 0.019359502 -0.028453754  0.0309615338 1.0037233
a_listing[631]  -7.938656e-04 0.020236069 -0.031325957  0.0299002118 1.0026175
a_listing[632]   1.609607e-03 0.020928052 -0.029610423  0.0350407936 1.0038996
a_listing[633]   5.390406e-04 0.019409787 -0.028883813  0.0313042560 1.0028963
a_listing[634]  -8.190164e-05 0.020038897 -0.030661850  0.0302960762 1.0026911
a_listing[635]   7.917433e-04 0.020630087 -0.030572909  0.0335431706 1.0044363
a_listing[636]  -3.502280e-04 0.020152134 -0.033950742  0.0312672261 1.0031505
a_listing[637]   8.831543e-04 0.020349478 -0.030444748  0.0336898634 1.0025888
a_listing[638]   3.134989e-04 0.019670694 -0.029230349  0.0320625813 1.0023232
a_listing[639]   3.928576e-04 0.019343100 -0.029968213  0.0310675323 1.0010680
a_listing[640]  -5.323230e-04 0.020149892 -0.032700345  0.0291575321 1.0045539
a_listing[641]   2.007653e-04 0.019351114 -0.029150849  0.0303410534 1.0041193
a_listing[642]   7.369768e-04 0.020679936 -0.029307506  0.0327956522 1.0019988
a_listing[643]   1.849210e-04 0.019867567 -0.030716487  0.0300323042 1.0013649
a_listing[644]   2.696609e-04 0.019792970 -0.030201858  0.0314087322 1.0039501
a_listing[645]  -2.040166e-03 0.020632215 -0.036258964  0.0276431473 1.0024489
a_listing[646]  -5.701880e-04 0.021005276 -0.032932797  0.0312691546 1.0021898
a_listing[647]  -1.161205e-04 0.019544795 -0.030555312  0.0302232853 1.0015118
a_listing[648]   4.903150e-04 0.020110485 -0.029063142  0.0311005740 1.0046854
a_listing[649]  -3.450600e-05 0.020095220 -0.031340652  0.0319729396 1.0023610
a_listing[650]  -4.353728e-04 0.019553111 -0.032152107  0.0298948661 1.0038635
a_listing[651]  -9.042066e-04 0.018759895 -0.031791878  0.0265279898 1.0022009
a_listing[652]  -1.304014e-04 0.021106259 -0.031395522  0.0327785069 1.0039664
a_listing[653]  -9.429364e-04 0.019781807 -0.031641883  0.0294266531 1.0034541
a_listing[654]   1.114958e-03 0.019908260 -0.028566623  0.0339181794 1.0032099
a_listing[655]   8.744491e-04 0.021095425 -0.030852876  0.0335015145 1.0048277
a_listing[656]  -1.378501e-03 0.019844013 -0.032916546  0.0276644691 1.0027799
a_listing[657]   1.774688e-03 0.019194969 -0.026365692  0.0333831052 1.0032965
a_listing[658]   1.579324e-03 0.020005855 -0.028295493  0.0338731338 1.0031333
a_listing[659]   6.698202e-04 0.019428638 -0.030357456  0.0315575886 1.0044534
a_listing[660]  -9.614956e-04 0.020138968 -0.033746392  0.0289127755 1.0038148
a_listing[661]   4.920115e-04 0.019816885 -0.028944114  0.0321835015 1.0044023
a_listing[662]  -3.229665e-04 0.020040575 -0.030293110  0.0303722688 1.0030781
a_listing[663]  -3.499922e-04 0.021204128 -0.033410675  0.0314060072 1.0041460
a_listing[664]   2.246144e-04 0.019954179 -0.031000880  0.0307979937 1.0048865
a_listing[665]  -9.722875e-04 0.019212461 -0.031788814  0.0273716097 1.0030838
a_listing[666]   2.633881e-04 0.019213320 -0.029439526  0.0289243295 1.0035044
a_listing[667]   5.917781e-04 0.020416155 -0.028759848  0.0314256511 1.0034429
a_listing[668]   1.103926e-04 0.019259219 -0.028968536  0.0321075837 1.0038125
a_listing[669]  -1.304591e-03 0.020254467 -0.033222759  0.0292616952 1.0038350
a_listing[670]  -2.405262e-03 0.019281619 -0.033998927  0.0251620097 1.0033167
a_listing[671]   3.632340e-04 0.019277342 -0.030701397  0.0310288206 1.0027653
a_listing[672]  -1.282963e-02 0.025146804 -0.058060418  0.0128913426 1.0029081
a_listing[673]   8.590827e-04 0.020330601 -0.029217185  0.0324839219 1.0026546
a_listing[674]   4.257935e-04 0.019640795 -0.029566341  0.0309451791 1.0038443
a_listing[675]  -1.366653e-03 0.020558652 -0.033888663  0.0296066232 1.0040446
a_listing[676]   7.778363e-04 0.019300409 -0.028421235  0.0302430195 1.0034731
a_listing[677]  -3.412762e-04 0.019414065 -0.031168415  0.0297424732 1.0035076
a_listing[678]  -9.514665e-04 0.019763959 -0.032126205  0.0272024951 1.0037222
a_listing[679]  -7.293823e-03 0.020738473 -0.046162326  0.0189459149 1.0041276
a_listing[680]  -1.105784e-03 0.018987341 -0.032465478  0.0267315780 1.0054720
a_listing[681]   2.256058e-04 0.019152656 -0.028446260  0.0313367858 1.0019081
a_listing[682]  -1.641112e-03 0.019288719 -0.033911260  0.0273268366 1.0072126
a_listing[683]   2.095892e-04 0.019869130 -0.030359931  0.0314404200 1.0053324
a_listing[684]   4.140240e-04 0.019982852 -0.031130824  0.0312449212 1.0035067
a_listing[685]   5.145644e-04 0.019129442 -0.028818257  0.0317650351 1.0042286
a_listing[686]   4.955586e-04 0.019598426 -0.027836621  0.0315654995 1.0047950
a_listing[687]  -4.447175e-04 0.020668717 -0.033491581  0.0312021685 1.0018258
a_listing[688]   1.426349e-03 0.019997716 -0.029012636  0.0334625207 1.0039079
a_listing[689]   5.146490e-04 0.019902042 -0.029984715  0.0308281198 1.0017739
a_listing[690]  -4.967646e-04 0.020109962 -0.031790365  0.0313037701 1.0016519
a_listing[691]   1.833718e-04 0.020219389 -0.031272217  0.0319293268 1.0061049
a_listing[692]  -6.005591e-05 0.019943938 -0.030694785  0.0315090152 1.0039243
a_listing[693]  -9.624472e-04 0.019958597 -0.032234995  0.0287340797 1.0031505
a_listing[694]  -1.846375e-04 0.018303814 -0.027875632  0.0288809586 1.0013137
a_listing[695]   4.902221e-04 0.019726627 -0.030753032  0.0320838246 1.0017472
a_listing[696]  -6.755432e-04 0.020178580 -0.032611486  0.0306361850 1.0027141
a_listing[697]  -2.328327e-05 0.019145539 -0.028819417  0.0297771437 1.0028968
a_listing[698]  -3.534186e-04 0.019404027 -0.029837816  0.0287885353 1.0028684
a_listing[699]  -1.383796e-03 0.020770627 -0.033900971  0.0296351366 1.0037271
a_listing[700]  -3.963183e-05 0.019209215 -0.029536303  0.0284342567 1.0009084
a_listing[701]   1.187292e-03 0.019528776 -0.028464645  0.0324547464 1.0013897
a_listing[702]  -1.554064e-03 0.020005904 -0.034067763  0.0279032496 1.0015397
a_listing[703]   3.899928e-04 0.019626916 -0.031342701  0.0306527168 1.0067858
a_listing[704]   8.157158e-04 0.019613832 -0.028682693  0.0321255127 1.0042847
a_listing[705]   4.433256e-04 0.020674543 -0.029777292  0.0338647463 1.0029055
a_listing[706]  -8.785916e-04 0.019138279 -0.032345443  0.0285076406 1.0019967
a_listing[707]   1.027384e-04 0.019463456 -0.029466224  0.0314285083 1.0019165
a_listing[708]  -2.279387e-04 0.019481711 -0.030633223  0.0293490042 1.0015980
a_listing[709]  -1.271027e-03 0.019659517 -0.032976248  0.0270622116 1.0020440
a_listing[710]   9.276089e-04 0.020496655 -0.030258352  0.0346219326 1.0025574
a_listing[711]  -1.779500e-03 0.019718734 -0.032527075  0.0257519165 1.0027205
a_listing[712]   2.520554e-03 0.019111846 -0.024709264  0.0334687082 1.0054060
a_listing[713]  -7.026448e-04 0.020011798 -0.031338391  0.0290717075 1.0035438
a_listing[714]  -5.850281e-04 0.019894838 -0.032504575  0.0296859392 1.0046121
a_listing[715]   4.519410e-04 0.020213343 -0.031580286  0.0338139965 1.0024979
a_listing[716]   5.878836e-04 0.019642546 -0.029789938  0.0308304733 1.0024887
a_listing[717]   7.608323e-04 0.020103740 -0.029214592  0.0324550358 1.0029884
a_listing[718]   7.203750e-04 0.019703235 -0.028226425  0.0336709637 1.0047552
a_listing[719]  -1.968093e-05 0.019387327 -0.030409339  0.0305544080 1.0038569
a_listing[720]   5.490414e-04 0.019734987 -0.029545748  0.0312729557 1.0054429
a_listing[721]   2.680968e-04 0.019686542 -0.028977575  0.0310003840 1.0014806
a_listing[722]   4.270249e-04 0.020261701 -0.029896954  0.0316733556 1.0050393
a_listing[723]   4.497771e-04 0.019275498 -0.029824342  0.0323086107 1.0030072
a_listing[724]  -2.084939e-03 0.018932925 -0.033467861  0.0255588690 1.0021504
a_listing[725]  -5.463905e-04 0.020704180 -0.031295974  0.0310631041 1.0024708
a_listing[726]   5.149761e-04 0.019708885 -0.030082512  0.0305546069 1.0031718
a_listing[727]   8.743058e-05 0.020170607 -0.030902707  0.0308247023 1.0061160
a_listing[728]   2.246736e-03 0.019460598 -0.025803594  0.0344179323 1.0046888
a_listing[729]  -8.567626e-04 0.020601253 -0.033566828  0.0305302547 1.0045127
a_listing[730]   2.377730e-04 0.020109860 -0.030378184  0.0312180056 1.0042392
a_listing[731]   5.782819e-04 0.020598047 -0.030072624  0.0346717846 1.0032072
a_listing[732]   3.311823e-03 0.020207011 -0.024671212  0.0377816446 1.0020873
a_listing[733]  -6.147059e-04 0.019113467 -0.030069743  0.0270777044 1.0014365
a_listing[734]   1.313877e-03 0.019657975 -0.027193991  0.0326607120 1.0057470
a_listing[735]  -1.078297e-03 0.021515778 -0.035395418  0.0291357541 1.0021012
a_listing[736]  -6.105308e-04 0.019101927 -0.030835254  0.0288873005 1.0059135
a_listing[737]  -6.501008e-04 0.018947342 -0.030617501  0.0298034502 1.0028992
a_listing[738]  -3.586840e-05 0.019554427 -0.030091205  0.0289682517 1.0032475
a_listing[739]   8.370321e-05 0.019315842 -0.029683542  0.0299349111 1.0052520
a_listing[740]   7.504950e-04 0.020203528 -0.029775721  0.0317534914 1.0047492
a_listing[741]   2.680532e-04 0.019870161 -0.029545109  0.0301632411 1.0023244
a_listing[742]   3.733086e-04 0.020001616 -0.031094907  0.0323133262 1.0006201
a_listing[743]   3.727684e-04 0.020690030 -0.031547252  0.0316793871 1.0022830
a_listing[744]   1.324906e-03 0.019684033 -0.027458318  0.0331409371 1.0037453
a_listing[745]  -1.917621e-03 0.020177672 -0.034585593  0.0270501131 1.0033512
a_listing[746]  -3.237344e-03 0.019292113 -0.035157805  0.0235684795 1.0039481
a_listing[747]   1.195862e-03 0.019739402 -0.026822635  0.0327805790 1.0040105
a_listing[748]   3.898217e-04 0.019474892 -0.029459621  0.0305609167 1.0048136
a_listing[749]  -1.328894e-03 0.018599677 -0.032763214  0.0265388317 1.0024979
a_listing[750]  -1.510652e-04 0.019119051 -0.029391409  0.0294505091 1.0037960
a_listing[751]  -1.385393e-03 0.018685065 -0.032283966  0.0273696388 1.0039166
a_listing[752]   1.446930e-04 0.021071427 -0.032590529  0.0331696834 1.0035107
a_listing[753]  -4.686406e-04 0.018707318 -0.030977369  0.0289230496 1.0018504
a_listing[754]  -7.908547e-04 0.020114787 -0.031805751  0.0293625262 1.0038129
a_listing[755]  -2.938360e-04 0.019767192 -0.031499995  0.0301323278 1.0025870
a_listing[756]   3.130641e-04 0.019667466 -0.029772187  0.0312568430 1.0011582
a_listing[757]   5.379542e-04 0.020690227 -0.030412448  0.0329275296 1.0033208
a_listing[758]   9.489780e-04 0.019760535 -0.029848648  0.0314485280 1.0029610
a_listing[759]   4.148485e-04 0.019618790 -0.028752983  0.0307083807 1.0031785
a_listing[760]   6.728504e-04 0.020414052 -0.029702650  0.0322685590 1.0047692
a_listing[761]  -6.379617e-04 0.019606120 -0.030601643  0.0293974185 1.0010035
a_listing[762]   9.548562e-04 0.019961571 -0.030020121  0.0334100260 1.0036761
a_listing[763]   1.013461e-03 0.020051624 -0.028986657  0.0336078948 1.0022107
a_listing[764]   1.458852e-03 0.020259190 -0.028397866  0.0347222746 1.0042698
a_listing[765]  -2.829404e-04 0.019988438 -0.031309549  0.0302170961 1.0041593
a_listing[766]   7.237154e-04 0.020090224 -0.029072167  0.0331042050 1.0047020
a_listing[767]   5.935812e-05 0.019122039 -0.029738692  0.0309636436 1.0034548
a_listing[768]   1.222078e-03 0.020359040 -0.028222628  0.0337567278 1.0026445
a_listing[769]   1.664912e-03 0.019830022 -0.026691614  0.0336284302 1.0009893
a_listing[770]   1.926217e-04 0.020587583 -0.031020514  0.0326346720 1.0043183
a_listing[771]   6.556628e-05 0.019770231 -0.029773731  0.0309175727 1.0043974
a_listing[772]   2.884808e-04 0.019841414 -0.029883856  0.0308027760 1.0037159
a_listing[773]  -9.257963e-04 0.020315849 -0.032633152  0.0295373917 1.0042623
a_listing[774]  -3.345232e-04 0.020346925 -0.030457811  0.0301528823 1.0013207
a_listing[775]   1.582703e-03 0.019211744 -0.028455031  0.0342544870 1.0031348
a_listing[776]   3.874812e-04 0.020381704 -0.032076270  0.0315616573 1.0048035
a_listing[777]   1.307533e-03 0.019658173 -0.028259016  0.0322170498 1.0005343
a_listing[778]   5.886473e-04 0.019375611 -0.028618592  0.0319973277 1.0048353
a_listing[779]   4.366598e-03 0.020204133 -0.022218935  0.0394709694 1.0028979
a_listing[780]   5.881092e-04 0.019641787 -0.029448679  0.0307413443 1.0058424
a_listing[781]  -3.170777e-05 0.020753461 -0.031102908  0.0309064086 1.0039655
a_listing[782]   5.436462e-04 0.018909574 -0.028158738  0.0309350082 1.0019839
a_listing[783]  -1.056093e-03 0.019264597 -0.033189889  0.0278930941 1.0019838
a_listing[784]   3.760993e-03 0.021284452 -0.024557779  0.0403405929 1.0019721
a_listing[785]   2.670102e-04 0.019100321 -0.029617384  0.0305355614 1.0032197
a_listing[786]  -2.055032e-03 0.019878940 -0.034191876  0.0265085210 1.0026556
a_listing[787]   1.543072e-03 0.019868517 -0.027055273  0.0337084385 1.0077077
a_listing[788]  -5.530974e-06 0.020808337 -0.032652404  0.0329911723 1.0071158
a_listing[789]   1.033203e-03 0.019730336 -0.028995142  0.0318356062 1.0031890
a_listing[790]   6.032346e-04 0.019729240 -0.028329765  0.0318876718 1.0030961
a_listing[791]   1.402153e-04 0.019360475 -0.029345665  0.0303524193 1.0019341
a_listing[792]   1.900200e-03 0.020698462 -0.027200644  0.0361800565 1.0033647
a_listing[793]  -8.662949e-04 0.019677393 -0.032614332  0.0282335104 1.0043937
a_listing[794]  -7.277611e-04 0.019506991 -0.033113735  0.0292274939 1.0068711
a_listing[795]   1.612802e-04 0.020251397 -0.031160293  0.0308147259 1.0038818
a_listing[796]   1.594579e-06 0.019239187 -0.027620685  0.0290970995 1.0016592
a_listing[797]   5.515606e-04 0.019632616 -0.029959495  0.0319519636 1.0010209
a_listing[798]   1.238236e-04 0.022094373 -0.032056342  0.0343507202 1.0051615
a_listing[799]  -2.750499e-05 0.020070975 -0.030634060  0.0310913846 1.0029394
a_listing[800]   4.094642e-04 0.019325670 -0.030032049  0.0311676308 1.0026196
a_listing[801]   3.631093e-04 0.020189266 -0.029942518  0.0314042335 1.0036121
a_listing[802]  -1.136430e-03 0.019047010 -0.031135828  0.0278767575 1.0034332
a_listing[803]  -1.251861e-04 0.020079728 -0.030233159  0.0318537774 1.0027848
a_listing[804]  -8.413868e-05 0.019959196 -0.032320799  0.0318958923 1.0044784
a_listing[805]   1.256927e-03 0.019287441 -0.028257738  0.0312014600 1.0019708
a_listing[806]   1.431371e-03 0.020057443 -0.029168471  0.0358213273 1.0034437
a_listing[807]  -1.071690e-04 0.019348364 -0.030783599  0.0297332520 1.0039153
a_listing[808]   1.176676e-03 0.019031615 -0.027402414  0.0317314784 1.0039818
a_listing[809]   6.134469e-04 0.020050063 -0.029459903  0.0343214916 1.0032851
a_listing[810]   4.991941e-04 0.018719664 -0.027968567  0.0295706526 1.0031687
a_listing[811]   5.320418e-04 0.019891004 -0.030345705  0.0338301765 1.0020190
a_listing[812]   1.148018e-03 0.019252434 -0.026935066  0.0334203471 1.0059077
a_listing[813]   2.783430e-04 0.019888230 -0.029379388  0.0304160355 1.0032903
a_listing[814]  -4.601214e-03 0.021067631 -0.040967852  0.0239697928 1.0029026
a_listing[815]   2.330656e-04 0.019688929 -0.029273969  0.0303819459 1.0029733
a_listing[816]   1.006577e-03 0.019345708 -0.026039810  0.0308117593 1.0032041
a_listing[817]   5.026913e-05 0.019831089 -0.031188460  0.0328014216 1.0026268
a_listing[818]   1.376871e-04 0.020691963 -0.031244368  0.0320548826 1.0052937
a_listing[819]  -1.204277e-03 0.020187766 -0.032678667  0.0285051756 1.0037700
a_listing[820]   1.298037e-03 0.019812141 -0.027404905  0.0329644281 1.0056512
a_listing[821]  -3.396056e-06 0.018876598 -0.029223954  0.0293161563 1.0009519
a_listing[822]   8.208341e-04 0.020166047 -0.029485610  0.0318898576 1.0066924
a_listing[823]   3.010971e-04 0.020016468 -0.030279860  0.0320119108 1.0028587
a_listing[824]   1.400001e-04 0.019618264 -0.029346426  0.0296997470 1.0021870
a_listing[825]   8.344832e-04 0.020056455 -0.029515095  0.0330000346 1.0024799
a_listing[826]  -4.910217e-04 0.020010571 -0.030803485  0.0302760366 1.0039870
a_listing[827]   1.389149e-03 0.019876075 -0.028539790  0.0336285192 1.0021473
a_listing[828]  -3.326653e-03 0.020203354 -0.039074380  0.0256407080 1.0039701
a_listing[829]  -5.592722e-04 0.018966344 -0.030934059  0.0284791068 1.0043833
a_listing[830]   1.594479e-03 0.020113026 -0.028090970  0.0336036309 1.0032312
a_listing[831]   6.884540e-04 0.020480961 -0.029148259  0.0325352585 1.0035030
a_listing[832]   1.735058e-03 0.020034527 -0.027898558  0.0343505931 1.0042089
a_listing[833]  -8.143093e-05 0.020259176 -0.030442353  0.0315230552 1.0064633
a_listing[834]   3.430367e-04 0.019846384 -0.030333744  0.0307825373 1.0029651
a_listing[835]  -7.327678e-04 0.019671747 -0.032504352  0.0293787043 1.0038416
a_listing[836]   3.173207e-04 0.019630336 -0.029576897  0.0297797295 1.0044640
a_listing[837]  -3.280046e-04 0.019347633 -0.030761899  0.0287798396 1.0035384
a_listing[838]   1.378285e-03 0.020105335 -0.027918941  0.0341702161 1.0019696
a_listing[839]  -1.135998e-03 0.019362731 -0.032596571  0.0278890408 1.0027853
a_listing[840]  -6.337489e-04 0.019447115 -0.031680373  0.0301479019 1.0022525
a_listing[841]  -1.673627e-03 0.019252521 -0.033008040  0.0249854868 1.0038936
a_listing[842]   6.641471e-04 0.021186200 -0.030761437  0.0326575090 1.0031384
a_listing[843]   1.033348e-03 0.019148665 -0.028325182  0.0317708846 1.0032109
a_listing[844]   7.772192e-04 0.019818291 -0.028803609  0.0307934668 1.0017192
a_listing[845]   1.311941e-03 0.019614549 -0.027259199  0.0334447000 1.0014876
a_listing[846]  -2.723760e-03 0.020117429 -0.035854726  0.0254829179 1.0027420
a_listing[847]   1.700282e-03 0.019430305 -0.026445272  0.0340681631 1.0017760
a_listing[848]   5.428029e-04 0.020354796 -0.030660315  0.0318491708 1.0035278
a_listing[849]   6.562478e-05 0.019926170 -0.030588848  0.0305395832 1.0055458
a_listing[850]  -6.891981e-04 0.020192633 -0.031150798  0.0296118033 1.0044816
a_listing[851]   7.505946e-04 0.020501921 -0.031869766  0.0325466309 1.0016222
a_listing[852]  -4.330727e-03 0.020409853 -0.039562346  0.0226687195 1.0037565
a_listing[853]   1.812390e-03 0.020322484 -0.026956895  0.0339317127 1.0029757
a_listing[854]  -8.719592e-04 0.019658936 -0.031998085  0.0290531216 1.0028515
a_listing[855]   1.038387e-03 0.020254220 -0.028925660  0.0340334660 1.0030078
a_listing[856]  -1.092518e-04 0.020549326 -0.032962993  0.0309970669 1.0030879
a_listing[857]  -1.755737e-03 0.020513440 -0.033943154  0.0278204323 1.0030278
a_listing[858]   2.584883e-04 0.019737323 -0.029071933  0.0306739869 1.0020163
a_listing[859]   1.175345e-04 0.019752746 -0.030707666  0.0301432720 1.0035177
a_listing[860]   2.668825e-03 0.020161911 -0.024430326  0.0341835543 1.0041614
a_listing[861]   3.425080e-03 0.019701902 -0.024426762  0.0357762103 1.0039313
a_listing[862]  -1.169425e-04 0.019919150 -0.029717710  0.0299954984 1.0013950
a_listing[863]   3.094096e-03 0.019765373 -0.024023106  0.0360343322 1.0086115
a_listing[864]  -4.224009e-03 0.019393060 -0.037641429  0.0223992836 1.0055810
a_listing[865]   7.064725e-04 0.019560662 -0.028799512  0.0305158841 1.0041262
a_listing[866]  -2.117202e-04 0.018948240 -0.030268117  0.0299934679 1.0019052
a_listing[867]  -2.947567e-03 0.020731196 -0.039008564  0.0269917584 1.0053696
a_listing[868]  -2.052718e-03 0.018793378 -0.033022927  0.0259024938 1.0038542
a_listing[869]   8.085835e-04 0.019970429 -0.029264871  0.0327693080 1.0062747
a_listing[870]   1.596061e-04 0.019131277 -0.029356205  0.0293872372 1.0017596
a_listing[871]   1.051109e-03 0.019837970 -0.028842419  0.0334289112 1.0042336
a_listing[872]  -2.316045e-04 0.019578117 -0.031041316  0.0295421341 1.0047907
a_listing[873]   8.366359e-04 0.018983707 -0.028088788  0.0319824307 1.0048748
a_listing[874]  -3.139515e-03 0.020782753 -0.037876781  0.0258302127 1.0022747
a_listing[875]   1.166529e-03 0.019682133 -0.027819540  0.0337831093 1.0020221
a_listing[876]   6.993832e-04 0.020179283 -0.030114550  0.0330170328 1.0051848
a_listing[877]  -4.480168e-04 0.019566419 -0.031341587  0.0300746391 1.0012743
a_listing[878]   2.279756e-04 0.019653562 -0.030179526  0.0311574747 1.0044453
a_listing[879]   2.889247e-03 0.019870512 -0.023934724  0.0360015435 1.0035030
a_listing[880]   2.732915e-03 0.019490983 -0.025356212  0.0342869611 1.0052712
a_listing[881]   2.862357e-04 0.019873141 -0.029504733  0.0312532485 1.0034789
a_listing[882]  -3.434592e-03 0.020430172 -0.039697602  0.0250160728 1.0030886
a_listing[883]   1.510356e-03 0.019947015 -0.028170309  0.0353219812 1.0033146
a_listing[884]  -1.657923e-03 0.019494784 -0.036255631  0.0278763997 1.0021958
a_listing[885]  -7.102286e-04 0.019756270 -0.032651996  0.0298925167 1.0049950
a_listing[886]  -2.014633e-04 0.018880816 -0.028964715  0.0289041454 1.0021638
a_listing[887]  -9.473519e-04 0.019750069 -0.032037646  0.0282095502 1.0035992
a_listing[888]   6.995634e-04 0.020394496 -0.028665380  0.0305248690 1.0026725
a_listing[889]  -4.116383e-04 0.019471325 -0.030736743  0.0299071061 1.0048674
a_listing[890]  -1.368516e-04 0.019615978 -0.030508264  0.0306188786 1.0041221
a_listing[891]   1.209581e-04 0.019371504 -0.029775232  0.0304437244 1.0039339
a_listing[892]   6.380544e-04 0.019732803 -0.030180552  0.0307694663 1.0030800
a_listing[893]   7.681768e-04 0.020229690 -0.029157657  0.0319068020 1.0044740
a_listing[894]  -3.060075e-03 0.019826597 -0.037011144  0.0256106683 1.0031982
a_listing[895]   2.013028e-03 0.019633363 -0.026197752  0.0335730869 1.0026173
a_listing[896]   4.334489e-04 0.019572960 -0.030367851  0.0314399381 1.0024022
a_listing[897]   3.044658e-04 0.019493652 -0.030116968  0.0311079677 1.0022700
a_listing[898]   1.694991e-03 0.019857001 -0.026380693  0.0350733125 1.0007661
a_listing[899]  -2.751347e-04 0.019481362 -0.031175770  0.0302490269 1.0027810
a_listing[900]  -3.142950e-03 0.019524979 -0.035419651  0.0233293195 1.0027580
a_listing[901]   3.516900e-04 0.019803617 -0.029106653  0.0320321837 1.0031688
a_listing[902]  -7.035742e-04 0.021158036 -0.032015204  0.0303841190 1.0057191
a_listing[903]  -3.094382e-03 0.018997561 -0.035044286  0.0250213527 1.0041704
a_listing[904]  -1.429715e-03 0.019150157 -0.032228610  0.0273004039 1.0047179
a_listing[905]   2.064260e-04 0.019351175 -0.030800477  0.0307926166 1.0011523
a_listing[906]   3.326529e-04 0.019621567 -0.030364856  0.0324941029 1.0034375
a_listing[907]  -1.006233e-03 0.020086740 -0.033340642  0.0288849245 1.0030615
a_listing[908]  -2.239879e-03 0.020686000 -0.036286251  0.0270172918 1.0035490
a_listing[909]  -2.504114e-03 0.020345468 -0.035935557  0.0259663553 1.0033365
a_listing[910]  -2.741940e-03 0.020344126 -0.035081027  0.0257723404 1.0029328
a_listing[911]   1.792330e-03 0.019535172 -0.026471759  0.0340491795 1.0060369
a_listing[912]   5.969185e-04 0.019741423 -0.028517383  0.0304916941 1.0033871
a_listing[913]  -2.675243e-04 0.019030649 -0.030055848  0.0288011998 1.0030068
a_listing[914]  -1.283780e-03 0.019345968 -0.033129775  0.0278126587 1.0023511
a_listing[915]   9.382512e-06 0.020129492 -0.031020242  0.0309002025 1.0025690
a_listing[916]   7.653788e-04 0.020492832 -0.029982199  0.0359862022 1.0035622
a_listing[917]   8.783689e-03 0.020984424 -0.015746629  0.0485451236 1.0017044
a_listing[918]  -8.763545e-04 0.019446495 -0.032957144  0.0286846989 1.0041861
a_listing[919]   4.047577e-04 0.019672205 -0.029731810  0.0327335978 1.0025455
a_listing[920]   3.049501e-04 0.021251141 -0.031627099  0.0340675268 1.0011446
a_listing[921]   1.698327e-03 0.019524962 -0.027030626  0.0344920634 1.0061147
a_listing[922]   1.114740e-03 0.020162342 -0.028872814  0.0327807759 1.0036121
a_listing[923]   1.929401e-03 0.019766598 -0.027382264  0.0343653807 1.0036958
a_listing[924]  -1.079825e-03 0.020040181 -0.031926494  0.0295116065 1.0038930
a_listing[925]   4.720377e-04 0.019574573 -0.029231386  0.0320800702 1.0039404
a_listing[926]   3.983896e-04 0.020166497 -0.031164762  0.0320604645 1.0036834
a_listing[927]   3.720418e-05 0.019630000 -0.030688524  0.0307162837 1.0029650
a_listing[928]  -9.750700e-04 0.020097676 -0.034021477  0.0292294406 1.0022811
a_listing[929]  -3.443526e-04 0.020236073 -0.030802415  0.0298249657 1.0018154
a_listing[930]  -1.518500e-04 0.019676108 -0.031113303  0.0297340175 1.0061003
a_listing[931]  -3.017946e-04 0.019549434 -0.032035254  0.0293537017 1.0058752
a_listing[932]   1.309890e-03 0.019829419 -0.026171624  0.0316920019 1.0047734
a_listing[933]   7.504296e-04 0.019132079 -0.028408953  0.0322705763 1.0069300
a_listing[934]   5.120375e-04 0.019693190 -0.031340756  0.0320084904 1.0022736
a_listing[935]  -3.298718e-04 0.020389345 -0.032145659  0.0304073589 1.0026466
a_listing[936]   7.204577e-04 0.019558495 -0.030537246  0.0320055373 1.0050606
a_listing[937]   1.259317e-03 0.019221560 -0.027350829  0.0336103921 1.0035574
a_listing[938]  -6.319050e-05 0.020555752 -0.030836591  0.0316854953 1.0036203
a_listing[939]   7.684058e-04 0.019926027 -0.029525511  0.0313899248 1.0015727
a_listing[940]   2.739453e-04 0.019940856 -0.028997990  0.0310172165 1.0051311
a_listing[941]   1.302372e-03 0.020263581 -0.028494998  0.0331929883 1.0025063
a_listing[942]  -2.041675e-04 0.019137331 -0.029701330  0.0301001246 1.0047468
a_listing[943]   1.405158e-03 0.019639229 -0.028237494  0.0340298889 1.0022847
a_listing[944]  -1.965730e-03 0.020323214 -0.034991081  0.0275262615 1.0029762
a_listing[945]   8.058644e-06 0.019041629 -0.029561485  0.0301400361 1.0024688
a_listing[946]  -8.751373e-04 0.019912039 -0.033684439  0.0295273373 1.0039824
a_listing[947]  -6.472673e-04 0.018601722 -0.030456078  0.0280121371 1.0022104
a_listing[948]   3.662499e-04 0.019917175 -0.031244426  0.0323662325 1.0044674
a_listing[949]   6.094160e-04 0.020190751 -0.030627140  0.0323402656 1.0044500
a_listing[950]  -2.017590e-04 0.019722873 -0.030947510  0.0309679327 1.0001983
a_listing[951]   2.031276e-04 0.020032250 -0.029505852  0.0314950635 1.0042174
a_listing[952]   7.134951e-05 0.019596446 -0.030681417  0.0307426147 1.0035704
a_listing[953]  -4.853169e-03 0.019677087 -0.039636100  0.0210619525 1.0028263
a_listing[954]   1.596751e-03 0.020113868 -0.028563009  0.0332573805 1.0017984
a_listing[955]   7.378446e-04 0.018912009 -0.028328566  0.0300845451 1.0013014
a_listing[956]   2.189375e-04 0.020035891 -0.031396735  0.0316873817 1.0038283
a_listing[957]  -2.015724e-03 0.020597897 -0.034328122  0.0270811239 1.0007056
a_listing[958]  -1.138921e-04 0.019028494 -0.030234953  0.0290785564 1.0058583
a_listing[959]  -2.565831e-03 0.020115234 -0.035167142  0.0255711499 1.0061781
a_listing[960]   1.410149e-03 0.020365113 -0.028278399  0.0324887859 1.0035051
a_listing[961]   8.884605e-04 0.020176376 -0.028948488  0.0327625360 1.0019727
a_listing[962]  -1.736571e-03 0.019769765 -0.034858278  0.0277744077 1.0034581
a_listing[963]  -2.491372e-03 0.019405017 -0.035611018  0.0248170919 1.0029224
a_listing[964]   9.809981e-04 0.018977667 -0.027152390  0.0319949623 1.0055366
a_listing[965]  -1.473623e-02 0.025787321 -0.063184533  0.0102903170 1.0025046
a_listing[966]  -2.136093e-06 0.019707449 -0.031601855  0.0313823608 1.0024899
a_listing[967]   1.097292e-03 0.019963746 -0.029323121  0.0310707624 1.0044415
a_listing[968]   1.513902e-04 0.019833812 -0.029335933  0.0302232163 1.0039973
a_listing[969]   1.245902e-03 0.019017362 -0.028133327  0.0326812089 1.0027379
a_listing[970]   3.702181e-04 0.019211446 -0.028710769  0.0313246307 1.0044947
a_listing[971]   4.188807e-04 0.019612577 -0.030121378  0.0314260677 1.0028578
a_listing[972]  -6.942444e-05 0.019661866 -0.028891179  0.0307040087 1.0047084
a_listing[973]   2.303307e-04 0.019517909 -0.031071176  0.0309930322 1.0050392
a_listing[974]   1.359939e-03 0.019439585 -0.027643488  0.0333280766 1.0021710
a_listing[975]   8.846965e-04 0.020226183 -0.029557016  0.0336971913 1.0036277
a_listing[976]   8.470629e-04 0.018234351 -0.027105310  0.0315159366 1.0034170
a_listing[977]  -1.604985e-03 0.020314679 -0.034516645  0.0275953782 1.0035249
a_listing[978]   2.401051e-04 0.019841791 -0.030241467  0.0303388223 1.0020419
a_listing[979]   1.511126e-04 0.019694702 -0.030007692  0.0318550682 1.0047102
a_listing[980]   6.647083e-05 0.019765865 -0.031383433  0.0314809179 1.0064410
a_listing[981]   8.281199e-04 0.019983971 -0.029000359  0.0326731122 1.0022935
a_listing[982]  -2.739502e-04 0.020155178 -0.032060151  0.0306462932 1.0035233
a_listing[983]   6.108365e-04 0.020086349 -0.029399081  0.0319045766 1.0034541
a_listing[984]   6.496180e-04 0.019493669 -0.029712810  0.0317119607 1.0023755
a_listing[985]   5.551568e-06 0.019826320 -0.029639727  0.0310220075 1.0033446
a_listing[986]   4.536505e-04 0.019452496 -0.029630227  0.0322692700 1.0017361
a_listing[987]   1.358453e-04 0.018891001 -0.029491391  0.0296719409 1.0057663
a_listing[988]   1.093349e-03 0.020378492 -0.028330462  0.0318823464 1.0022789
a_listing[989]   5.822502e-04 0.019977872 -0.030591312  0.0333664403 1.0021485
a_listing[990]   1.443008e-03 0.019607321 -0.027202461  0.0323150387 1.0018053
a_listing[991]   2.064053e-04 0.019069673 -0.029314081  0.0295302185 1.0040889
a_listing[992]  -7.159843e-04 0.018834964 -0.031347480  0.0290917288 1.0006451
a_listing[993]  -4.164384e-04 0.021191170 -0.031479702  0.0311738821 1.0033233
a_listing[994]   1.261862e-03 0.019705565 -0.029007501  0.0331856176 1.0020848
a_listing[995]  -1.405884e-03 0.019642753 -0.032782022  0.0275820798 1.0013267
a_listing[996]  -6.304376e-03 0.021876322 -0.045121790  0.0210612789 1.0066847
a_listing[997]  -7.846348e-03 0.021966120 -0.047779547  0.0188954698 1.0024572
a_listing[998]   1.217732e-03 0.018993248 -0.027502189  0.0323611103 1.0017511
a_listing[999]   3.586440e-03 0.019451111 -0.023334222  0.0361509010 1.0055898
a_listing[1000] -1.512065e-03 0.020034084 -0.033234354  0.0280927497 1.0031564
a_listing[1001] -2.160395e-03 0.020663884 -0.035845349  0.0280251043 1.0047483
a_listing[1002] -5.178082e-03 0.019627664 -0.040617065  0.0208143583 1.0023111
a_listing[1003]  4.488470e-04 0.019536922 -0.029173722  0.0311434818 1.0032652
a_listing[1004]  1.596274e-04 0.019615792 -0.029365715  0.0299445613 1.0029840
a_listing[1005] -1.104403e-03 0.019787662 -0.032066892  0.0290321875 1.0027595
a_listing[1006] -3.012242e-04 0.021449713 -0.032092651  0.0315327100 1.0024368
a_listing[1007]  1.125277e-03 0.018742570 -0.026620346  0.0317667852 1.0025899
a_listing[1008] -3.519689e-04 0.018575935 -0.029538524  0.0282910836 1.0066063
a_listing[1009]  1.194103e-03 0.020495005 -0.030029716  0.0334385610 1.0050690
a_listing[1010] -1.350538e-03 0.020195757 -0.033474767  0.0291034669 1.0019317
a_listing[1011] -1.533354e-04 0.020401462 -0.031276683  0.0315422302 1.0018752
a_listing[1012]  1.218634e-04 0.020061313 -0.031132430  0.0314541410 1.0021248
a_listing[1013]  6.064503e-04 0.019790232 -0.029922899  0.0310313887 1.0025109
a_listing[1014]  1.482969e-04 0.020031776 -0.029412918  0.0311011740 1.0000324
a_listing[1015]  1.181118e-03 0.019884760 -0.028262433  0.0342403392 1.0056275
a_listing[1016]  1.423075e-03 0.020105095 -0.029561660  0.0350036628 1.0068134
a_listing[1017]  1.472523e-03 0.020009606 -0.027480105  0.0345366194 1.0032972
a_listing[1018] -4.752478e-04 0.020608047 -0.033286911  0.0322082252 1.0023236
a_listing[1019] -7.382924e-05 0.019857622 -0.030623297  0.0315718150 1.0049421
a_listing[1020]  7.199536e-04 0.019870601 -0.029038901  0.0334820702 1.0041046
a_listing[1021]  5.376459e-04 0.020868887 -0.030121037  0.0312562788 1.0040188
a_listing[1022]  8.801871e-04 0.020311210 -0.029265209  0.0321365808 1.0026956
a_listing[1023]  1.193694e-03 0.020033435 -0.028540030  0.0341898851 1.0020401
a_listing[1024]  2.615788e-04 0.018571098 -0.028913669  0.0298188595 1.0046838
a_listing[1025]  3.937227e-04 0.020112093 -0.029903924  0.0317478793 1.0032885
a_listing[1026]  7.310734e-04 0.020223075 -0.030109292  0.0315251782 1.0027407
a_listing[1027]  2.339810e-03 0.020286386 -0.027642620  0.0335078774 1.0048462
a_listing[1028]  8.396534e-04 0.019161998 -0.029129475  0.0315635692 1.0028173
a_listing[1029]  2.024488e-03 0.019999368 -0.026670603  0.0345326658 1.0041808
a_listing[1030]  3.502347e-04 0.020004382 -0.030472975  0.0306191578 1.0054448
a_listing[1031]  2.096687e-04 0.019677834 -0.030644714  0.0311687101 1.0048932
a_listing[1032] -9.141039e-05 0.019888512 -0.031649085  0.0299122694 1.0025700
a_listing[1033]  2.406722e-04 0.020541511 -0.031647569  0.0327154248 1.0029355
a_listing[1034]  8.892045e-04 0.019653807 -0.027993864  0.0328277324 1.0033368
a_listing[1035]  2.360046e-04 0.019724232 -0.028587679  0.0315079318 1.0015184
a_listing[1036]  4.163149e-04 0.019286391 -0.029754853  0.0309615564 1.0041160
a_listing[1037]  7.946110e-04 0.019207464 -0.028914965  0.0313872299 1.0022476
a_listing[1038]  4.105619e-04 0.019672594 -0.030150517  0.0307357285 1.0014729
a_listing[1039] -1.089887e-03 0.020278756 -0.033068877  0.0297710211 1.0051979
a_listing[1040]  1.080989e-04 0.019904037 -0.030734320  0.0306040251 1.0019092
a_listing[1041] -4.687725e-04 0.019209630 -0.031131969  0.0282527245 1.0032290
a_listing[1042]  4.536403e-04 0.021057982 -0.030828708  0.0342359118 1.0027738
a_listing[1043]  3.675845e-04 0.019268758 -0.028728890  0.0313700034 1.0042812
a_listing[1044] -9.580381e-04 0.019360391 -0.032507592  0.0294596123 1.0014665
a_listing[1045]  7.119666e-04 0.019444106 -0.029918546  0.0320414655 1.0029088
a_listing[1046]  6.069474e-04 0.020113216 -0.029193810  0.0324868248 1.0043607
a_listing[1047]  7.293191e-04 0.019782387 -0.029739319  0.0324862124 1.0068557
a_listing[1048]  8.653336e-04 0.019906287 -0.028012463  0.0325004514 1.0049681
a_listing[1049]  1.723178e-04 0.019542004 -0.030671060  0.0296611446 1.0025492
a_listing[1050]  1.755002e-05 0.019722199 -0.030918717  0.0310571409 1.0050971
a_listing[1051]  1.313985e-04 0.019940835 -0.029523972  0.0302449077 1.0026165
a_listing[1052]  1.054905e-04 0.019825526 -0.029307611  0.0304469889 1.0028609
a_listing[1053]  6.986491e-04 0.019141169 -0.029165623  0.0303365621 1.0040844
a_listing[1054] -8.910997e-04 0.019743918 -0.032529547  0.0278204357 1.0021797
a_listing[1055] -3.881325e-03 0.019717537 -0.036748425  0.0225785796 1.0040078
a_listing[1056]  1.969549e-03 0.019746487 -0.027801612  0.0345559287 1.0055514
a_listing[1057]  4.675183e-04 0.019381292 -0.029580186  0.0307046232 1.0023494
a_listing[1058]  1.157758e-03 0.018461223 -0.026516275  0.0307663239 1.0031038
a_listing[1059]  1.175684e-03 0.019199232 -0.027655633  0.0315145675 1.0032020
a_listing[1060] -3.517935e-03 0.020494960 -0.037697664  0.0238582203 1.0031936
a_listing[1061]  2.038863e-04 0.019437431 -0.031073379  0.0300901628 1.0034466
a_listing[1062]  5.204613e-04 0.019923710 -0.029541811  0.0326349073 1.0026599
a_listing[1063] -3.044492e-04 0.019782088 -0.031232205  0.0301092406 1.0020412
a_listing[1064]  2.478150e-04 0.019914550 -0.030366820  0.0312689791 1.0016957
a_listing[1065] -5.281012e-03 0.020149416 -0.040339561  0.0216020666 1.0069155
a_listing[1066]  9.648085e-05 0.019706193 -0.031075206  0.0319547773 1.0032232
a_listing[1067]  1.282382e-03 0.018718695 -0.026945766  0.0314875071 1.0025753
a_listing[1068]  3.641830e-04 0.019208991 -0.030266110  0.0304652429 1.0062004
a_listing[1069]  1.626538e-03 0.019845248 -0.028112010  0.0325428509 1.0030532
a_listing[1070]  5.609487e-04 0.019567799 -0.028162528  0.0315998437 1.0039941
a_listing[1071]  3.745666e-03 0.020312996 -0.024770642  0.0376869730 1.0047119
a_listing[1072] -9.013449e-04 0.019681014 -0.031952074  0.0295729785 1.0035196
a_listing[1073]  7.290264e-04 0.019780967 -0.029103690  0.0318042022 1.0047553
a_listing[1074]  1.958132e-03 0.020592302 -0.026911210  0.0341778242 1.0031772
a_listing[1075] -7.454859e-04 0.020113625 -0.032539274  0.0293236966 1.0047359
a_listing[1076]  6.780789e-04 0.019983703 -0.029218525  0.0298521089 1.0028866
a_listing[1077]  4.164984e-03 0.020388582 -0.022401542  0.0402885838 1.0006522
a_listing[1078]  1.091618e-03 0.019582314 -0.029120967  0.0327300008 1.0012927
a_listing[1079] -1.834674e-04 0.020004622 -0.032134884  0.0305433563 1.0027172
a_listing[1080] -1.399672e-03 0.019841069 -0.033946249  0.0279959448 1.0044435
a_listing[1081]  1.934295e-03 0.019550522 -0.027083847  0.0336083164 1.0047719
a_listing[1082] -4.189777e-04 0.020574577 -0.032882376  0.0324612540 1.0018246
a_listing[1083]  1.286394e-03 0.019625543 -0.026182482  0.0324392517 1.0047794
a_listing[1084] -2.882872e-03 0.020987624 -0.037423927  0.0275851292 1.0057770
a_listing[1085] -1.522562e-04 0.019570305 -0.030064001  0.0300365089 1.0026862
a_listing[1086]  1.559396e-04 0.019765980 -0.030316880  0.0310687263 1.0029803
a_listing[1087]  5.287858e-04 0.019798666 -0.030072965  0.0316196508 1.0021337
a_listing[1088]  3.510313e-04 0.019432292 -0.029937630  0.0312923235 1.0047059
a_listing[1089] -4.046313e-04 0.019001064 -0.030433613  0.0293417011 1.0034904
a_listing[1090] -3.063667e-05 0.019620971 -0.029959322  0.0293666536 1.0037548
a_listing[1091]  1.533599e-03 0.019728119 -0.027860223  0.0332309864 1.0037444
a_listing[1092]  8.239291e-04 0.020430647 -0.030690203  0.0337497663 1.0056992
a_listing[1093] -8.246152e-04 0.019395530 -0.030812156  0.0280400997 1.0017669
a_listing[1094]  2.996323e-04 0.019646999 -0.031045245  0.0320255676 1.0020112
a_listing[1095]  1.883035e-04 0.019398148 -0.029040114  0.0296598166 1.0024971
a_listing[1096] -1.172830e-04 0.019216527 -0.029965971  0.0295899511 1.0035845
a_listing[1097]  1.454918e-03 0.019544632 -0.027239225  0.0323524189 1.0031589
a_listing[1098] -4.514531e-04 0.019277118 -0.031020973  0.0291570819 1.0028846
a_listing[1099]  9.709194e-04 0.019948616 -0.029050364  0.0327709786 1.0030606
a_listing[1100]  7.766052e-04 0.020229076 -0.029852811  0.0319797632 1.0044823
a_listing[1101] -7.033053e-04 0.019371176 -0.031962354  0.0292606589 1.0021050
a_listing[1102]  5.330816e-04 0.020175028 -0.029005192  0.0331692697 1.0028676
a_listing[1103] -1.341321e-03 0.019168730 -0.031909435  0.0267254537 1.0040819
a_listing[1104]  4.843914e-04 0.019481697 -0.030420008  0.0315251335 1.0041665
a_listing[1105] -3.440619e-04 0.020329969 -0.030859413  0.0299936203 1.0020718
a_listing[1106] -6.209317e-04 0.019640006 -0.032490101  0.0286035102 1.0025142
a_listing[1107]  3.903891e-04 0.019106338 -0.028590817  0.0301962033 1.0023239
a_listing[1108] -1.415891e-03 0.019178022 -0.031889983  0.0271026529 1.0030490
a_listing[1109]  1.673107e-03 0.019464822 -0.028420551  0.0339638911 1.0024145
a_listing[1110] -9.353368e-04 0.018641899 -0.030756735  0.0268694796 1.0047100
a_listing[1111]  2.751091e-04 0.018955437 -0.029205338  0.0306092110 1.0059656
a_listing[1112] -2.755714e-04 0.020032157 -0.031841814  0.0308942855 1.0032040
a_listing[1113] -1.521118e-04 0.019475016 -0.030447044  0.0297668984 1.0048548
a_listing[1114]  3.893780e-03 0.020417316 -0.023245279  0.0392502370 1.0036341
a_listing[1115]  3.041717e-04 0.019852149 -0.030012656  0.0315797189 1.0023419
a_listing[1116]  1.392703e-03 0.020025750 -0.028201541  0.0326808077 1.0009788
a_listing[1117]  3.484437e-04 0.020252638 -0.030518914  0.0311517942 1.0041580
a_listing[1118]  6.496553e-04 0.019761183 -0.028822031  0.0326836788 1.0031442
a_listing[1119] -1.118802e-03 0.019429885 -0.033628929  0.0282624005 1.0054953
a_listing[1120] -2.108769e-03 0.020210897 -0.035890083  0.0277760697 1.0008709
a_listing[1121]  1.394948e-03 0.019543448 -0.028341633  0.0328572252 1.0045959
a_listing[1122] -1.555782e-04 0.018913730 -0.031245631  0.0298904229 1.0022858
a_listing[1123]  2.239867e-04 0.019123263 -0.028486014  0.0305315054 1.0030442
a_listing[1124] -7.772896e-04 0.020367293 -0.034167171  0.0308223629 1.0031758
a_listing[1125] -3.258879e-03 0.020169472 -0.037139600  0.0245834383 1.0014948
a_listing[1126] -2.367737e-03 0.019874917 -0.033980465  0.0254596474 1.0021720
a_listing[1127]  2.660443e-04 0.019708544 -0.030404917  0.0318604308 1.0070834
a_listing[1128]  2.816894e-04 0.019487166 -0.030215850  0.0310192375 1.0026302
a_listing[1129]  8.243944e-05 0.019794312 -0.030552679  0.0304138082 1.0055439
a_listing[1130] -3.299240e-04 0.020279152 -0.031774501  0.0309935630 1.0025416
a_listing[1131] -7.540680e-05 0.020751611 -0.031631046  0.0318004043 1.0047427
a_listing[1132]  7.440344e-04 0.019566885 -0.027795566  0.0305426442 1.0031712
a_listing[1133] -1.444140e-03 0.020351889 -0.033450049  0.0289446081 1.0046775
a_listing[1134]  4.123670e-05 0.018859697 -0.029321994  0.0303537382 1.0023962
a_listing[1135] -2.848899e-04 0.019304068 -0.030902903  0.0300619589 1.0014437
a_listing[1136]  1.423542e-03 0.020142558 -0.029208423  0.0347592269 1.0017726
a_listing[1137] -8.087401e-04 0.019362626 -0.032251358  0.0294848718 1.0034865
a_listing[1138] -1.337973e-03 0.019646744 -0.033412249  0.0288751282 1.0030431
a_listing[1139]  7.289524e-05 0.019430070 -0.030308535  0.0295214832 1.0037391
a_listing[1140]  1.147987e-02 0.024189141 -0.013958323  0.0565559420 1.0018944
a_listing[1141] -1.745717e-03 0.019192758 -0.033099890  0.0258185792 1.0052224
a_listing[1142]  2.751509e-04 0.019097039 -0.029910553  0.0304448836 1.0049247
a_listing[1143] -1.415848e-04 0.018639643 -0.029381234  0.0296795111 1.0042784
a_listing[1144] -1.552446e-03 0.020078538 -0.034360859  0.0284484321 1.0027962
a_listing[1145]  4.604558e-04 0.019785556 -0.030188524  0.0308786125 1.0022297
a_listing[1146]  2.981126e-04 0.019190714 -0.029143804  0.0307744644 1.0037097
a_listing[1147]  6.993955e-04 0.019959847 -0.029209962  0.0333587468 1.0025135
a_listing[1148]  1.098499e-03 0.019316582 -0.027500826  0.0318475918 1.0033489
a_listing[1149]  1.139626e-03 0.020801379 -0.029547360  0.0346039943 1.0006742
a_listing[1150]  7.932205e-04 0.019534079 -0.028820905  0.0314857152 1.0045821
a_listing[1151]  4.277224e-04 0.019223473 -0.029778214  0.0306518650 1.0039977
a_listing[1152]  6.591364e-04 0.021272836 -0.029792938  0.0332313247 1.0028366
a_listing[1153] -1.212680e-04 0.020274877 -0.031156147  0.0304884707 1.0022599
a_listing[1154]  6.588367e-04 0.020321369 -0.030329021  0.0329540508 1.0023042
a_listing[1155]  5.242825e-04 0.019782565 -0.028501181  0.0302848404 1.0017335
a_listing[1156]  1.018707e-03 0.018742285 -0.026867981  0.0311072224 1.0034954
a_listing[1157] -1.462998e-04 0.019470964 -0.030835187  0.0302308582 1.0052686
a_listing[1158]  2.194162e-03 0.019644175 -0.028277830  0.0349632188 1.0020847
a_listing[1159]  3.022360e-04 0.020243639 -0.030382240  0.0313255627 1.0015796
a_listing[1160]  8.997433e-04 0.020339177 -0.029619990  0.0319337072 1.0014616
a_listing[1161] -3.287652e-04 0.018884428 -0.031217692  0.0293061510 1.0037384
a_listing[1162]  1.941564e-04 0.020062069 -0.030413943  0.0330758333 1.0040048
a_listing[1163] -7.297988e-04 0.019305944 -0.032061031  0.0279883824 1.0011616
a_listing[1164] -1.906234e-03 0.020285476 -0.036641025  0.0281330201 1.0044584
a_listing[1165] -9.060834e-04 0.019815678 -0.032324891  0.0296193951 1.0030816
a_listing[1166]  9.008420e-04 0.019890930 -0.027958880  0.0333755825 1.0039136
a_listing[1167] -2.029375e-03 0.020244513 -0.036666094  0.0272358433 1.0028626
a_listing[1168] -1.018520e-04 0.018997031 -0.030567905  0.0297017197 1.0025578
a_listing[1169] -1.884446e-04 0.019385699 -0.030758163  0.0311975894 1.0032010
a_listing[1170] -3.846440e-04 0.019484674 -0.029415086  0.0302235846 1.0030541
a_listing[1171]  2.344971e-04 0.020165366 -0.029692128  0.0313460341 1.0032496
a_listing[1172] -2.314309e-04 0.019267486 -0.029581636  0.0289420565 1.0024863
a_listing[1173] -2.117992e-03 0.020439281 -0.034747571  0.0275583285 1.0036598
a_listing[1174] -1.791099e-03 0.019932533 -0.034117472  0.0270042903 1.0018854
a_listing[1175] -1.530904e-03 0.019874350 -0.032495689  0.0272841015 1.0026838
a_listing[1176]  4.431806e-04 0.020943447 -0.032760820  0.0331471180 1.0043018
a_listing[1177] -3.435146e-04 0.019395418 -0.030887322  0.0290466614 1.0048710
a_listing[1178]  2.192749e-04 0.020259839 -0.031109652  0.0315805637 1.0036849
a_listing[1179]  1.411676e-04 0.019690871 -0.029823774  0.0311657057 1.0042033
a_listing[1180]  1.115035e-04 0.019791056 -0.031923593  0.0314071587 1.0032383
a_listing[1181]  2.572797e-04 0.019198096 -0.029283970  0.0298699369 1.0028967
a_listing[1182]  2.446208e-04 0.019759305 -0.028880622  0.0320588940 1.0051167
a_listing[1183] -4.129045e-04 0.019911286 -0.030392413  0.0299368356 1.0021004
a_listing[1184]  1.343046e-03 0.019184751 -0.028489845  0.0328452547 1.0031652
a_listing[1185]  2.441974e-04 0.019233255 -0.029480050  0.0299329466 1.0025506
a_listing[1186]  1.417833e-04 0.019156823 -0.029878834  0.0312756656 1.0024196
a_listing[1187]  5.637385e-04 0.019764061 -0.029265001  0.0323422781 1.0011842
a_listing[1188]  8.132719e-04 0.019741856 -0.028962722  0.0315720304 1.0008824
a_listing[1189]  2.444633e-04 0.019635266 -0.031813043  0.0310300695 1.0048599
a_listing[1190] -9.080587e-05 0.019779474 -0.030882136  0.0313000778 1.0040884
a_listing[1191]  1.558771e-03 0.019736831 -0.026463919  0.0336585363 1.0044743
a_listing[1192]  1.000863e-03 0.019404951 -0.028537462  0.0308687882 1.0053253
a_listing[1193] -1.014219e-03 0.018742413 -0.032985277  0.0278029346 1.0019981
a_listing[1194]  1.822578e-03 0.019508902 -0.026434975  0.0352767046 1.0019169
a_listing[1195]  2.504935e-04 0.018988772 -0.028743967  0.0308536851 1.0047216
a_listing[1196] -6.056871e-04 0.019966494 -0.032106186  0.0294719333 1.0066700
a_listing[1197]  4.867047e-04 0.018570536 -0.028845398  0.0305706014 1.0049394
a_listing[1198] -2.577851e-03 0.019673578 -0.035577479  0.0265713200 1.0036896
a_listing[1199]  2.640853e-04 0.020096802 -0.030567713  0.0325212124 1.0026358
a_listing[1200] -5.943473e-05 0.019920088 -0.031847974  0.0318975105 1.0035941
a_host[1]       -8.400694e-02 0.118299286 -0.271424052  0.1011586857 1.0008959
a_host[2]        7.520095e-02 0.079787354 -0.050443077  0.2094995642 1.0010367
a_host[3]        1.347466e-02 0.163005126 -0.243774117  0.2678595390 1.0020843
a_host[4]        1.305168e-01 0.111205378 -0.047679943  0.3094372522 1.0006643
a_host[5]        4.667748e-02 0.154581452 -0.203317499  0.2935366373 1.0000201
a_host[6]        9.611478e-03 0.169252942 -0.257852368  0.2787847611 0.9996406
a_host[7]        3.066481e-02 0.161419457 -0.221062179  0.2907048433 0.9998599
a_host[8]        3.750597e-02 0.162795262 -0.221724798  0.2985626557 1.0010102
a_host[9]        7.930967e-02 0.084393497 -0.055545073  0.2129087373 1.0023494
a_host[10]       2.911667e-02 0.158225044 -0.225313047  0.2848645432 1.0011966
a_host[11]       1.092451e-01 0.093211431 -0.038191951  0.2579669905 1.0027863
a_host[12]       8.068669e-02 0.142056996 -0.146227804  0.3054821438 1.0006591
a_host[13]       4.522996e-02 0.129668768 -0.161453007  0.2573653091 1.0042937
a_host[14]       4.055860e-02 0.116512936 -0.144275377  0.2302466706 1.0039438
a_host[15]       9.533460e-02 0.125872585 -0.102914991  0.2988314425 1.0001520
a_host[16]      -2.056863e-02 0.161544445 -0.278662513  0.2436874032 1.0017114
a_host[17]      -9.350496e-03 0.114824282 -0.189849860  0.1758698444 1.0017494
a_host[18]       3.274444e-02 0.160839799 -0.220080893  0.2923019716 1.0001610
a_host[19]      -1.618145e-02 0.164185872 -0.280837248  0.2478951968 1.0022718
a_host[20]      -1.201096e-02 0.163540442 -0.272588686  0.2500927869 1.0026028
a_host[21]      -8.816678e-03 0.160753742 -0.269790713  0.2494691958 1.0011924
a_host[22]       7.193833e-02 0.146819597 -0.165372799  0.3077495975 1.0000964
a_host[23]      -2.207509e-02 0.154778668 -0.271173492  0.2164475965 1.0014543
a_host[24]      -2.194465e-02 0.165727505 -0.286437807  0.2471473716 0.9999363
a_host[25]       6.525241e-02 0.114454347 -0.115169559  0.2471936970 1.0012244
a_host[26]       2.352681e-02 0.161434279 -0.227668723  0.2818610062 0.9998636
a_host[27]       7.958840e-02 0.131706314 -0.132466111  0.2886746554 1.0010727
a_host[28]      -1.505469e-01 0.127700089 -0.356294318  0.0564437980 1.0008023
a_host[29]      -7.172238e-02 0.068307584 -0.181460665  0.0340631956 1.0007325
a_host[30]      -4.320659e-02 0.105392619 -0.209632264  0.1216760227 1.0002770
a_host[31]      -3.764757e-01 0.036088027 -0.433386178 -0.3195540805 1.0008862
a_host[32]       5.630914e-02 0.129197261 -0.158197146  0.2618440976 1.0022900
a_host[33]       7.042317e-02 0.151199113 -0.172529837  0.3110922470 1.0003065
a_host[34]       7.822487e-03 0.170176601 -0.265164770  0.2800332738 0.9995259
a_host[35]       1.694815e-03 0.157536406 -0.245426180  0.2522511000 1.0002966
a_host[36]       7.085153e-03 0.053980513 -0.079449147  0.0918543416 1.0018360
a_host[37]      -2.228786e-02 0.153735216 -0.267827578  0.2270405865 1.0025018
a_host[38]      -1.100587e-01 0.047526545 -0.186874408 -0.0346512135 1.0029326
a_host[39]       2.297603e-02 0.166926373 -0.242772966  0.2898155291 1.0004620
a_host[40]       1.412610e-01 0.056079343  0.053670727  0.2328832485 1.0004572
a_host[41]      -2.073324e-02 0.081946532 -0.154648974  0.1070089850 1.0004375
a_host[42]       2.080438e-02 0.139952893 -0.202182890  0.2463348001 1.0000728
a_host[43]       3.173179e-02 0.161676794 -0.225059067  0.2859708864 1.0008233
a_host[44]       4.295817e-02 0.119182159 -0.143728706  0.2379448244 1.0006871
a_host[45]      -2.759144e-02 0.163057970 -0.285244744  0.2304943552 1.0020399
a_host[46]       9.118894e-02 0.083276190 -0.040076405  0.2245951046 1.0011632
a_host[47]       1.061765e-02 0.164041956 -0.247529131  0.2690405958 1.0004416
a_host[48]       7.935142e-02 0.055004136 -0.011119281  0.1645801174 1.0008042
a_host[49]       3.713439e-02 0.158732994 -0.211122539  0.2963848874 1.0011915
a_host[50]      -1.457265e-01 0.128480197 -0.347958034  0.0610050993 1.0005381
a_host[51]       5.472883e-02 0.150441788 -0.185156139  0.2968276675 1.0010455
a_host[52]       6.692996e-02 0.118740122 -0.119924403  0.2567626565 1.0021539
a_host[53]      -2.296264e-02 0.156703613 -0.268673689  0.2228398680 1.0009314
a_host[54]       2.103160e-02 0.161569629 -0.238229785  0.2774440022 1.0010258
a_host[55]       7.749073e-02 0.134276234 -0.141198320  0.2934868741 1.0003016
a_host[56]      -2.461425e-02 0.153317298 -0.271537691  0.2197414616 1.0010017
a_host[57]      -6.985887e-02 0.125384235 -0.262986129  0.1296230971 1.0006000
a_host[58]       1.003930e-01 0.084445032 -0.033428999  0.2374185027 1.0003585
a_host[59]       1.754855e-02 0.164769028 -0.243427567  0.2881802155 0.9998181
a_host[60]       1.279642e-02 0.166068894 -0.256855017  0.2764713368 1.0006187
a_host[61]      -4.161059e-03 0.142095903 -0.231347800  0.2217304192 0.9997760
a_host[62]      -1.416639e-02 0.150922057 -0.251592573  0.2306882998 1.0017118
a_host[63]      -1.291641e-01 0.141144019 -0.354153585  0.0994216993 1.0026017
a_host[64]       2.452969e-02 0.108502459 -0.148565952  0.1984884340 0.9998317
a_host[65]       1.261081e-02 0.167021506 -0.252086115  0.2736650330 1.0004119
a_host[66]       4.989407e-02 0.155540690 -0.195966978  0.2927924422 1.0001135
a_host[67]      -2.780186e-02 0.163212605 -0.291696683  0.2319388101 0.9998590
a_host[68]       3.229568e-02 0.138690611 -0.182696731  0.2521925903 0.9996586
a_host[69]      -2.362750e-02 0.144194871 -0.256854013  0.2055409128 1.0006693
a_host[70]       3.513982e-02 0.158182557 -0.216541651  0.2897163537 0.9999144
a_host[71]      -8.860620e-02 0.071376655 -0.203148281  0.0253392780 1.0006323
a_host[72]       8.336686e-02 0.116323541 -0.104419740  0.2681638328 1.0005320
a_host[73]       8.298163e-02 0.142724005 -0.142097280  0.3096894122 1.0018068
a_host[74]       7.489478e-02 0.076128644 -0.049481144  0.1958090123 1.0004078
a_host[75]      -3.925693e-02 0.112816331 -0.220336811  0.1349761389 1.0013596
a_host[76]       2.827309e-02 0.063600280 -0.071653220  0.1300543794 1.0010291
a_host[77]       1.309952e-02 0.168560982 -0.260037729  0.2784432690 1.0053498
a_host[78]       1.586625e-02 0.166543789 -0.250283834  0.2868157478 1.0012093
a_host[79]      -2.832153e-02 0.107684609 -0.201019547  0.1409608912 1.0005557
a_host[80]       8.386262e-02 0.035946881  0.026683461  0.1405901167 1.0011490
a_host[81]       1.158187e-02 0.162622248 -0.247678173  0.2713179473 1.0036707
a_host[82]       2.167791e-02 0.161424433 -0.233130772  0.2805710673 1.0005825
a_host[83]       2.063936e-02 0.162420820 -0.242285089  0.2839296259 1.0012217
a_host[84]       1.653784e-03 0.160599994 -0.257634795  0.2537749231 1.0003577
a_host[85]       1.418265e-02 0.165677185 -0.251583684  0.2790143907 1.0018248
a_host[86]       1.005195e-01 0.095600102 -0.054059838  0.2524521233 1.0009129
a_host[87]       1.226265e-01 0.095751801 -0.030573865  0.2717023521 1.0017643
a_host[88]       6.182639e-02 0.122225909 -0.132290733  0.2579396260 1.0008951
a_host[89]       1.719540e-01 0.087563349  0.029594643  0.3092952955 1.0020293
a_host[90]       4.627376e-02 0.159231861 -0.208672833  0.2992563458 1.0003294
a_host[91]       2.103125e-02 0.166248827 -0.244344500  0.2845395287 1.0017706
a_host[92]       2.860089e-02 0.144682567 -0.207087285  0.2595303097 1.0032495
a_host[93]       2.906533e-02 0.157941888 -0.218508567  0.2802094408 1.0021027
a_host[94]       2.809864e-02 0.165352241 -0.230993620  0.2897173267 1.0018169
a_host[95]       1.298255e-01 0.109475720 -0.043430293  0.3054001487 1.0011382
a_host[96]       7.433985e-02 0.135596214 -0.142516419  0.2905812224 0.9994507
a_host[97]      -7.650779e-02 0.084328329 -0.210760263  0.0561766054 1.0013491
a_host[98]      -5.385412e-02 0.143071472 -0.277126077  0.1764651288 1.0017535
a_host[99]      -8.460160e-02 0.157977094 -0.342851632  0.1655710309 1.0005197
a_host[100]      5.052398e-02 0.154073697 -0.194988439  0.2948902174 1.0017170
a_host[101]      1.215317e-02 0.167161022 -0.251719616  0.2764375722 1.0008400
a_host[102]      4.789102e-02 0.123746480 -0.146885431  0.2480533613 0.9995639
a_host[103]     -3.149862e-02 0.152726557 -0.278624611  0.2145599048 1.0003549
a_host[104]      2.340671e-02 0.165469476 -0.232874301  0.2884044288 1.0021633
a_host[105]      1.477832e-01 0.104586552 -0.020312483  0.3148451341 0.9998051
a_host[106]      1.770100e-02 0.145287039 -0.213600802  0.2519563879 1.0065169
a_host[107]      4.086414e-02 0.155392424 -0.205728483  0.2898149950 1.0003135
a_host[108]      2.222545e-02 0.164214960 -0.238802166  0.2853055610 1.0016388
a_host[109]      4.537235e-02 0.149571278 -0.195049622  0.2836304702 1.0004540
a_host[110]     -3.357253e-02 0.148487143 -0.267560654  0.2030616044 1.0031452
a_host[111]      1.382763e-02 0.164965606 -0.247418926  0.2770572536 1.0020713
a_host[112]      1.211593e-01 0.076888063 -0.003710854  0.2450970750 1.0013935
a_host[113]      1.350712e-02 0.168273430 -0.257451007  0.2828246476 1.0007820
a_host[114]      5.669591e-02 0.149289431 -0.183265054  0.2947558338 1.0023033
a_host[115]      2.401031e-02 0.150892089 -0.211835044  0.2635174144 1.0025650
a_host[116]      2.262242e-03 0.155346326 -0.244816778  0.2437370191 1.0021192
a_host[117]      7.024931e-02 0.147090880 -0.163503962  0.3048278355 1.0019517
a_host[118]     -2.673608e-01 0.063491128 -0.369701641 -0.1655589509 1.0005052
a_host[119]      2.016212e-02 0.166266058 -0.245814216  0.2864632505 1.0023240
a_host[120]      8.937633e-02 0.102811462 -0.073958332  0.2531685633 0.9998521
a_host[121]     -1.089779e-02 0.166768296 -0.277155614  0.2555248953 1.0053552
a_host[122]      1.098704e-02 0.168665289 -0.261399561  0.2770294173 1.0016935
a_host[123]      3.069675e-02 0.044903631 -0.040373791  0.1008183838 1.0007260
a_host[124]      1.627410e-02 0.160535305 -0.247295911  0.2730254381 0.9998257
a_host[125]      1.178656e-01 0.100329011 -0.038397474  0.2755424764 1.0014229
a_host[126]      5.650321e-02 0.140109699 -0.168693211  0.2843109522 1.0026120
a_host[127]     -3.784131e-03 0.082267860 -0.135161246  0.1292539836 0.9995957
a_host[128]      5.887771e-02 0.134868108 -0.154057825  0.2726125113 1.0010070
a_host[129]      5.068340e-02 0.148032016 -0.185641865  0.2863288648 1.0009311
a_host[130]      8.816753e-03 0.138904907 -0.212997877  0.2273855310 1.0019054
a_host[131]      1.818533e-02 0.160450146 -0.231952186  0.2746694427 1.0008084
a_host[132]      4.244243e-02 0.117939137 -0.148212585  0.2328039342 1.0003878
a_host[133]      1.135355e-02 0.159311062 -0.240639521  0.2685246762 0.9997024
a_host[134]      4.457835e-02 0.159238826 -0.208229888  0.2993302848 0.9997452
a_host[135]      1.348166e-01 0.120757575 -0.060779399  0.3279847798 1.0031933
a_host[136]     -4.732849e-02 0.091665458 -0.192989496  0.0986668543 1.0023834
a_host[137]      2.290800e-02 0.161594301 -0.231080570  0.2852924915 1.0040877
a_host[138]     -1.021207e-02 0.125217368 -0.210981294  0.1877458128 1.0028285
a_host[139]      4.388181e-02 0.146315555 -0.188409010  0.2757632686 0.9999364
a_host[140]      3.484808e-02 0.157949103 -0.211739538  0.2836294672 1.0021815
a_host[141]     -1.822747e-02 0.172402343 -0.298583018  0.2565959800 1.0016756
a_host[142]      1.021569e-01 0.121784695 -0.089146054  0.2965366179 1.0007797
a_host[143]      9.639952e-02 0.126980694 -0.102942802  0.2986831697 1.0009186
a_host[144]      1.855079e-02 0.159379065 -0.229656146  0.2721671965 1.0020242
a_host[145]      1.117839e-02 0.162710480 -0.244748714  0.2725587945 0.9995680
a_host[146]      3.904137e-02 0.066160917 -0.062549310  0.1437450268 0.9998058
a_host[147]      1.151588e-01 0.098907870 -0.042190798  0.2740905376 1.0001134
a_host[148]      1.139168e-02 0.168238213 -0.255279826  0.2740659963 1.0012272
a_host[149]      2.301453e-02 0.163822752 -0.243239516  0.2869462128 1.0009466
a_host[150]      5.809679e-02 0.101414730 -0.104030317  0.2197661817 1.0013929
a_host[151]      9.769650e-02 0.076013312 -0.020778877  0.2210775892 1.0008126
a_host[152]      2.194155e-02 0.162512095 -0.237095938  0.2783655158 1.0005083
a_host[153]      4.688984e-02 0.082913986 -0.086898297  0.1811998354 0.9999059
a_host[154]      2.880722e-02 0.154581436 -0.213553458  0.2772025842 1.0027865
a_host[155]      7.711092e-02 0.085944180 -0.060574546  0.2141446369 0.9999189
a_host[156]      3.250626e-02 0.161284507 -0.231306375  0.2862058262 1.0004413
a_host[157]      7.644740e-02 0.144817266 -0.150829025  0.3171688611 1.0007826
a_host[158]      6.076259e-02 0.150509885 -0.173982481  0.3047221134 1.0006808
a_host[159]      3.321684e-02 0.059342528 -0.061839734  0.1286278332 1.0001979
a_host[160]     -7.236858e-02 0.054912972 -0.160162245  0.0152866845 1.0000357
a_host[161]      8.742380e-02 0.120320957 -0.106770029  0.2816658004 1.0001206
a_host[162]      8.072340e-02 0.142316055 -0.141858634  0.3086973657 1.0010321
a_host[163]      1.218394e-01 0.100454688 -0.039733371  0.2816992179 1.0004434
a_host[164]      5.382903e-02 0.137842423 -0.171710929  0.2716415074 1.0012209
a_host[165]      5.751992e-02 0.069944178 -0.053225848  0.1671205050 0.9998338
a_host[166]      2.547477e-02 0.162378466 -0.234353325  0.2822831289 0.9997165
a_host[167]     -9.944754e-02 0.137692203 -0.316616705  0.1191194811 1.0033105
a_host[168]      9.055101e-02 0.117718085 -0.089932846  0.2769096968 1.0016116
a_host[169]     -5.043347e-03 0.133346294 -0.214757472  0.2072787679 1.0010341
a_host[170]      2.171060e-02 0.146216444 -0.211598967  0.2581379805 1.0004784
a_host[171]     -1.150495e-02 0.157673543 -0.262530259  0.2356443491 1.0008569
a_host[172]      4.059177e-02 0.143029934 -0.186432054  0.2736187640 1.0043750
a_host[173]      8.335810e-03 0.137002425 -0.211083800  0.2230689092 1.0013092
a_host[174]      1.475726e-02 0.157500659 -0.238538370  0.2652283812 1.0000024
a_host[175]      6.826634e-02 0.129554850 -0.136599224  0.2763740794 1.0004417
a_host[176]      2.074687e-02 0.155499167 -0.227794615  0.2719596937 1.0024811
a_host[177]      6.462351e-02 0.087319716 -0.073928626  0.2061580216 1.0016785
a_host[178]     -6.256265e-02 0.152726136 -0.304198440  0.1761059389 1.0033969
a_host[179]     -1.466606e-01 0.116140807 -0.334503299  0.0382879144 1.0023890
a_host[180]      3.487301e-02 0.125267333 -0.159453465  0.2292734725 1.0015620
a_host[181]      1.157654e-01 0.093508364 -0.031067160  0.2637831479 0.9997651
a_host[182]     -4.520159e-02 0.160965189 -0.300013382  0.2142671359 1.0014248
a_host[183]      4.095945e-02 0.152451681 -0.200407153  0.2882871780 0.9998970
a_host[184]      9.099403e-03 0.165354941 -0.253705003  0.2731158764 1.0015612
a_host[185]      1.991024e-02 0.160543282 -0.234001152  0.2781951499 1.0006617
a_host[186]      1.250198e-02 0.162511402 -0.250212094  0.2753799653 0.9999452
a_host[187]      2.428176e-02 0.164170234 -0.229923993  0.2819459511 1.0000682
a_host[188]      5.319845e-02 0.122338899 -0.136964989  0.2497844371 1.0007998
a_host[189]     -2.565310e-01 0.076615169 -0.380098621 -0.1348882610 1.0004191
a_host[190]      9.674673e-02 0.097170377 -0.057458411  0.2514066084 1.0007875
a_host[191]      9.009070e-02 0.057595619 -0.001391383  0.1815391928 1.0000746
a_host[192]      3.192343e-02 0.151857109 -0.207862265  0.2736910356 1.0008042
a_host[193]      1.171291e-01 0.102712907 -0.046145930  0.2832613105 1.0010294
a_host[194]      6.855724e-02 0.095381465 -0.081765994  0.2210629479 1.0002791
a_host[195]     -3.621399e-02 0.087202254 -0.174484313  0.1020838875 1.0023909
a_host[196]     -3.954699e-02 0.164481004 -0.303907645  0.2229587864 1.0020105
a_host[197]      6.958432e-02 0.079560713 -0.053490091  0.1948996647 1.0003496
a_host[198]      1.348391e-02 0.169359432 -0.253690944  0.2842153113 1.0003709
a_host[199]     -3.542989e-02 0.145635232 -0.266115401  0.1960098169 1.0006465
a_host[200]      1.166404e-03 0.156929773 -0.251695027  0.2494354810 0.9996594
a_host[201]      1.222382e-01 0.089159677 -0.019054721  0.2662284419 1.0012806
a_host[202]      8.469834e-02 0.133956866 -0.127676361  0.3017828009 1.0027828
a_host[203]      1.259025e-02 0.168348881 -0.253705942  0.2824882881 1.0002001
a_host[204]      3.903306e-02 0.053223617 -0.046302432  0.1233427793 1.0022856
a_host[205]      9.213076e-02 0.113540650 -0.088488068  0.2752127758 1.0002481
a_host[206]     -1.140985e-01 0.163158515 -0.371369707  0.1519418276 1.0010394
a_host[207]      3.926469e-02 0.147169469 -0.203222316  0.2771112848 1.0004646
a_host[208]      9.178098e-02 0.134311302 -0.121409035  0.3064301217 1.0011876
a_host[209]      7.692585e-02 0.147870099 -0.153860943  0.3125475511 1.0019557
a_host[210]     -3.343130e-02 0.151904067 -0.272888433  0.2076784959 1.0017659
a_host[211]      4.466530e-02 0.152709287 -0.199249186  0.2905020096 1.0012263
a_host[212]      1.138957e-02 0.171004360 -0.257235797  0.2860299356 1.0007306
a_host[213]      2.265362e-02 0.160770740 -0.232426227  0.2763956384 1.0003871
a_host[214]      9.269101e-02 0.134470510 -0.117287785  0.3109179834 1.0001877
a_host[215]     -2.180100e-02 0.102130160 -0.186547635  0.1401686129 1.0003440
a_host[216]      8.283659e-02 0.079661329 -0.044729953  0.2098259620 1.0003397
a_host[217]      2.380431e-02 0.163528949 -0.238943644  0.2889906014 1.0018845
a_host[218]      7.567091e-02 0.146192131 -0.156899793  0.3122856004 1.0008159
a_host[219]      2.198519e-02 0.127457218 -0.180286434  0.2327070735 1.0005964
a_host[220]      1.195435e-01 0.105564956 -0.052465988  0.2919161361 1.0009257
a_host[221]     -6.372564e-02 0.129135864 -0.267226563  0.1363258008 1.0002345
a_host[222]      1.992561e-02 0.135712160 -0.197589423  0.2347495732 1.0006784
a_host[223]      5.479527e-02 0.154508626 -0.199830786  0.3083204455 1.0006778
a_host[224]      8.203770e-02 0.132610808 -0.128680748  0.2945453690 1.0007087
a_host[225]      1.450251e-02 0.168159418 -0.247652351  0.2901725728 0.9995477
a_host[226]     -3.463994e-02 0.158726093 -0.291383058  0.2197767614 1.0020109
a_host[227]      4.429696e-02 0.160828423 -0.207612971  0.3052765492 1.0004014
a_host[228]      4.766612e-02 0.097703476 -0.112581910  0.2051491689 1.0011173
a_host[229]     -3.028035e-02 0.161039285 -0.293705006  0.2298029499 1.0000801
a_host[230]     -1.820695e-01 0.114315565 -0.365007172 -0.0009038224 1.0003540
a_host[231]      1.385483e-02 0.169608707 -0.254934523  0.2870564846 1.0022635
a_host[232]      2.078041e-02 0.167397918 -0.245646882  0.2879134045 1.0025368
a_host[233]     -6.244318e-02 0.130596140 -0.275119209  0.1428733369 1.0027483
a_host[234]     -1.025025e-02 0.153418609 -0.256360830  0.2304473386 0.9999113
a_host[235]      8.542161e-02 0.082317372 -0.044999221  0.2152773017 1.0005023
a_host[236]      2.196534e-02 0.155239959 -0.228901963  0.2688533333 0.9998862
a_host[237]      7.211838e-03 0.158235119 -0.254927561  0.2584203766 0.9995260
a_host[238]     -1.109789e-03 0.076423467 -0.122844047  0.1171286583 1.0002329
a_host[239]      1.104137e-02 0.167688397 -0.252800989  0.2720867654 1.0003358
a_host[240]      7.550238e-02 0.144319741 -0.153977300  0.3048339677 1.0005746
a_host[241]      6.817733e-03 0.127856667 -0.196898636  0.2100004274 1.0011317
a_host[242]     -2.192879e-01 0.066476667 -0.326834894 -0.1130426014 1.0001394
a_host[243]      1.300213e-01 0.087828136 -0.008203319  0.2670955708 1.0025616
a_host[244]     -5.892540e-03 0.164545925 -0.270048981  0.2630642326 1.0008589
a_host[245]     -1.156654e-02 0.126473346 -0.216634651  0.1886983778 0.9996114
a_host[246]      9.469529e-03 0.154942966 -0.242568961  0.2549442503 1.0005527
a_host[247]      6.613682e-02 0.138677843 -0.152921229  0.2845636344 1.0014609
a_host[248]      1.213815e-02 0.166677207 -0.253656624  0.2783369107 1.0009538
a_host[249]      4.736029e-02 0.147045898 -0.189931407  0.2806950252 1.0003352
a_host[250]     -1.304829e-01 0.118418192 -0.318549337  0.0600913607 1.0002662
a_host[251]      8.850887e-02 0.132000699 -0.121716321  0.3017491022 1.0004171
a_host[252]      1.190523e-02 0.163919493 -0.252645886  0.2773723966 1.0023410
a_host[253]     -5.649592e-02 0.104796944 -0.222801486  0.1141155954 1.0022195
a_host[254]      8.747123e-03 0.145746559 -0.218115977  0.2361989509 1.0004211
a_host[255]     -6.036726e-02 0.162130822 -0.317969880  0.1957443104 1.0009092
a_host[256]      1.112698e-02 0.168812770 -0.257167776  0.2743631175 1.0004435
a_host[257]      1.361614e-02 0.164319881 -0.252216128  0.2693877606 1.0004447
a_host[258]     -1.051887e-02 0.163351589 -0.275437687  0.2479651865 1.0003191
a_host[259]      7.948040e-02 0.094868231 -0.072696569  0.2279186242 1.0044772
a_host[260]      6.148397e-02 0.149657294 -0.174124826  0.2993266873 1.0010993
a_host[261]      5.619931e-02 0.127338424 -0.146114382  0.2590841315 1.0008935
a_host[262]      3.210288e-02 0.071651249 -0.082309511  0.1457499093 1.0002101
a_host[263]      2.207561e-02 0.164423965 -0.243152561  0.2832389432 0.9998699
a_host[264]     -2.799572e-01 0.051001181 -0.362716228 -0.1999104080 1.0016835
a_host[265]     -7.663271e-03 0.161915997 -0.263655257  0.2528719962 1.0007156
a_host[266]     -6.465592e-03 0.157940636 -0.258208614  0.2450638382 1.0016069
a_host[267]      1.158609e-01 0.107391110 -0.052431802  0.2835759924 1.0008759
a_host[268]     -3.749574e-02 0.135291174 -0.253055561  0.1775493995 0.9996172
a_host[269]      1.252728e-02 0.127194150 -0.196255453  0.2165594035 1.0003909
a_host[270]      5.076677e-02 0.102708014 -0.112835289  0.2124042613 1.0007339
a_host[271]      1.230246e-02 0.165073323 -0.246377754  0.2777364592 1.0037593
a_host[272]      6.586805e-02 0.107647857 -0.106034581  0.2387095515 1.0015727
a_host[273]      4.666720e-02 0.155126001 -0.201151713  0.2969424011 1.0001717
a_host[274]      2.227182e-02 0.046079487 -0.050883279  0.0954259158 1.0012171
a_host[275]      8.193605e-02 0.135460604 -0.132710022  0.2976045700 1.0010203
a_host[276]     -1.017019e-02 0.105267193 -0.177917166  0.1580862443 1.0027323
a_host[277]      4.340698e-02 0.143237140 -0.183846344  0.2789529967 1.0030730
a_host[278]     -2.178294e-02 0.134201158 -0.238259778  0.1936869674 1.0012488
a_host[279]      1.915443e-02 0.165082405 -0.245340014  0.2843041739 1.0020813
a_host[280]      4.766873e-02 0.154198753 -0.196026978  0.2959883596 1.0021258
a_host[281]      8.572320e-03 0.164104330 -0.250227607  0.2723361625 0.9995580
a_host[282]     -1.099484e-01 0.165322645 -0.377630315  0.1567053267 1.0025294
a_host[283]     -2.217353e-02 0.141819761 -0.245822911  0.2065987129 1.0029979
a_host[284]     -9.909325e-02 0.132709486 -0.308947886  0.1126520234 1.0013832
a_host[285]      5.871227e-02 0.151772814 -0.183434335  0.2983861349 1.0016118
a_host[286]      3.983856e-02 0.161336166 -0.212466745  0.3014065798 1.0010413
a_host[287]     -7.092524e-02 0.081409781 -0.199361814  0.0563849554 1.0004806
a_host[288]      4.286056e-02 0.160138819 -0.216454457  0.3035688658 1.0018426
a_host[289]      9.194433e-03 0.169290976 -0.266024437  0.2807077770 1.0012896
a_host[290]     -1.003619e-02 0.162715765 -0.272389721  0.2512838842 1.0010636
a_host[291]      4.896049e-02 0.150228863 -0.191757183  0.2899914882 0.9997048
a_host[292]      2.503640e-02 0.161171121 -0.235853218  0.2789362095 1.0016402
a_host[293]      7.793873e-02 0.110455899 -0.098631338  0.2512978390 1.0010968
a_host[294]     -9.622300e-03 0.090550214 -0.156183461  0.1327675174 1.0006326
a_host[295]      1.056174e-01 0.103030469 -0.058354608  0.2694221587 1.0008837
a_host[296]      1.817740e-02 0.166761827 -0.246203131  0.2855792018 1.0009599
a_host[297]      2.916065e-02 0.151940127 -0.210010910  0.2722149112 1.0014859
a_host[298]     -2.920623e-02 0.140196820 -0.254861755  0.1966114483 1.0029407
a_host[299]     -2.880732e-02 0.160765884 -0.283489532  0.2222949093 1.0003189
a_host[300]      9.901528e-02 0.132558691 -0.115136087  0.3106239536 1.0027588
a_host[301]      1.450200e-01 0.087267621  0.006099762  0.2843689232 1.0000169
a_host[302]     -2.819087e-03 0.164921243 -0.273569610  0.2594685646 1.0003101
a_host[303]     -5.074214e-02 0.104988259 -0.218089908  0.1148676553 1.0020013
a_host[304]      2.154633e-02 0.162990109 -0.236147162  0.2836784324 1.0011358
a_host[305]     -7.101529e-02 0.152180002 -0.314443210  0.1795815066 1.0011015
a_host[306]      1.150771e-01 0.121828724 -0.077428745  0.3127160631 1.0011680
a_host[307]      1.320514e-01 0.112234713 -0.046529180  0.3116852880 1.0019589
a_host[308]      1.038789e-01 0.096138060 -0.051295954  0.2576130008 1.0015606
a_host[309]     -4.474065e-02 0.113575400 -0.227591652  0.1348866829 1.0005649
a_host[310]      7.426481e-02 0.135783038 -0.141162774  0.2921080226 1.0001042
a_host[311]      5.569496e-02 0.111124249 -0.121347740  0.2332362103 1.0009083
a_host[312]      5.855484e-02 0.142583082 -0.166757653  0.2834725552 1.0021505
a_host[313]      1.189027e-01 0.107274698 -0.049917423  0.2909153784 0.9998352
a_host[314]      1.063205e-01 0.117744369 -0.084445249  0.2958249285 1.0001259
a_host[315]     -3.747337e-02 0.163160707 -0.297995498  0.2245086913 1.0008781
a_host[316]      6.905316e-02 0.118512673 -0.115677483  0.2601995028 1.0012291
a_host[317]      1.367025e-02 0.168662508 -0.256515700  0.2805197434 1.0020593
a_host[318]      1.980465e-02 0.094717087 -0.132078957  0.1750913802 1.0012058
a_host[319]      9.358006e-02 0.135948441 -0.120844416  0.3123102909 1.0003351
a_host[320]      4.184048e-02 0.151104226 -0.200988326  0.2830499915 1.0001149
a_host[321]     -2.150713e-02 0.136201300 -0.237353633  0.1924324863 1.0020599
a_host[322]      3.661492e-02 0.099639337 -0.120577827  0.1936477390 1.0006016
a_host[323]      5.394614e-02 0.153606821 -0.192366376  0.3011843820 1.0015717
a_host[324]      3.768484e-02 0.146951366 -0.195446026  0.2722456759 0.9999708
a_host[325]      1.265837e-02 0.166512363 -0.249505822  0.2832712392 1.0006515
a_host[326]      1.407870e-01 0.081979270  0.008074869  0.2680081306 1.0012892
a_host[327]      7.371001e-02 0.108324074 -0.100937365  0.2475983968 1.0007464
a_host[328]      6.025771e-02 0.133990740 -0.150503022  0.2768939693 1.0000382
a_host[329]     -5.618139e-02 0.075151758 -0.174827775  0.0609096588 1.0017874
a_host[330]      7.923715e-03 0.141559620 -0.220199090  0.2269003515 1.0008665
a_host[331]      1.167968e-02 0.164068263 -0.254032336  0.2774546914 1.0001563
a_host[332]      9.139547e-02 0.084234954 -0.045389351  0.2261083095 0.9996714
a_host[333]      1.102491e-02 0.172405464 -0.270065931  0.2800724461 1.0031991
a_host[334]     -5.834813e-03 0.165111711 -0.266881320  0.2613848086 0.9997207
a_host[335]      2.507207e-02 0.164065796 -0.239037701  0.2838475276 1.0005475
a_host[336]      9.600537e-03 0.152027528 -0.232383539  0.2570171359 1.0005586
a_host[337]     -1.132550e-02 0.141658134 -0.242418001  0.2127786980 1.0008034
a_host[338]      5.686305e-02 0.150744657 -0.186632391  0.2993153712 1.0020149
a_host[339]     -1.258726e-01 0.045543391 -0.198377752 -0.0527520450 1.0006632
a_host[340]      7.435527e-02 0.138240290 -0.149552135  0.2952658666 1.0008494
a_host[341]      1.304698e-02 0.167399508 -0.252001774  0.2780923973 1.0007209
a_host[342]      1.279881e-02 0.166567978 -0.251923204  0.2829592656 1.0014763
a_host[343]      5.118692e-02 0.115162287 -0.133082420  0.2369608564 0.9998028
a_host[344]     -5.457541e-03 0.165739378 -0.270603352  0.2590511535 1.0008079
a_host[345]      2.744406e-02 0.136636723 -0.196249309  0.2524568286 1.0018570
a_host[346]      1.165956e-01 0.123333861 -0.081249901  0.3110249162 1.0001504
a_host[347]      8.275198e-02 0.140775336 -0.140508084  0.3105947950 1.0005750
a_host[348]      3.746671e-02 0.152004158 -0.198369786  0.2820138188 1.0004920
a_host[349]      5.629676e-02 0.146124934 -0.174168851  0.2903112400 1.0007306
a_host[350]     -1.755245e-01 0.159942270 -0.425955739  0.0765928101 1.0023544
a_host[351]      1.210039e-01 0.124796287 -0.078100044  0.3236911921 1.0008921
a_host[352]      3.334245e-02 0.080590347 -0.092561236  0.1616135510 1.0005717
a_host[353]      2.031173e-02 0.160369072 -0.236043082  0.2805843553 1.0005213
a_host[354]      3.985014e-02 0.158301853 -0.211369783  0.2936922796 1.0004793
a_host[355]      1.967364e-02 0.161005126 -0.231271324  0.2742453710 1.0002738
a_host[356]      8.905896e-02 0.141466234 -0.135249580  0.3136144479 1.0023707
a_host[357]      1.136008e-02 0.099356788 -0.147499054  0.1706274111 1.0009822
a_host[358]      3.524323e-02 0.144631461 -0.192474959  0.2625118249 1.0024003
a_host[359]      3.747190e-02 0.158539975 -0.208936743  0.2977618150 0.9999615
a_host[360]     -7.871475e-02 0.115212653 -0.262014226  0.1042217323 1.0010595
a_host[361]      3.958410e-02 0.152856382 -0.208596026  0.2841383746 1.0011514
a_host[362]      9.471395e-03 0.167539233 -0.254163997  0.2723952536 1.0000205
a_host[363]     -1.111342e-01 0.118883744 -0.300254415  0.0783945256 1.0019767
a_host[364]      2.111499e-02 0.151810459 -0.220903359  0.2642870067 1.0010165
a_host[365]     -1.176726e-02 0.133456405 -0.224632549  0.2034546702 1.0034044
a_host[366]     -3.329326e-01 0.053144476 -0.418033909 -0.2477936705 1.0006804
a_host[367]     -3.884984e-02 0.166957751 -0.303060081  0.2354299025 1.0007753
a_host[368]      5.218670e-02 0.101345551 -0.107236741  0.2082383324 0.9999253
a_host[369]     -2.848818e-02 0.153519031 -0.267784560  0.2186200731 1.0033338
a_host[370]     -2.024366e-02 0.165685073 -0.283833260  0.2431096283 1.0010715
a_host[371]     -1.475071e-01 0.143382529 -0.380938654  0.0791893337 1.0006691
a_host[372]      2.414921e-02 0.164945660 -0.237951639  0.2854850894 1.0013737
a_host[373]      4.443026e-02 0.156103295 -0.204473338  0.2988203958 1.0006962
a_host[374]      2.056421e-02 0.166412798 -0.245553735  0.2819230025 1.0008295
a_host[375]      4.267959e-02 0.068323392 -0.067382881  0.1550382721 1.0004579
a_host[376]      5.612956e-02 0.129180374 -0.149995616  0.2615715012 1.0024909
a_host[377]     -1.602263e-02 0.169922580 -0.292684805  0.2533501023 1.0024918
a_host[378]      1.187798e-01 0.105628365 -0.048800883  0.2863878283 1.0004316
a_host[379]      2.974842e-02 0.116384349 -0.153385644  0.2142208827 1.0004826
a_host[380]      4.807523e-02 0.144667043 -0.176683171  0.2763858621 1.0007954
a_host[381]      7.121278e-02 0.137279577 -0.147675107  0.2888664411 0.9998501
a_host[382]      1.964409e-02 0.153417641 -0.223581838  0.2634673505 1.0028096
a_host[383]     -3.494405e-02 0.110771023 -0.210880206  0.1439550530 1.0004076
a_host[384]     -3.703010e-02 0.044001329 -0.105934373  0.0336504063 1.0008786
a_host[385]      6.714584e-02 0.148931604 -0.171578545  0.3023844092 1.0011856
a_host[386]      6.026720e-02 0.078206833 -0.062465195  0.1866278410 1.0006839
a_host[387]      2.616298e-02 0.059635904 -0.067714050  0.1237895949 1.0007020
a_host[388]      2.290666e-02 0.154326887 -0.216196172  0.2666483356 1.0022104
a_host[389]     -2.218684e-03 0.139356805 -0.216816647  0.2297458008 1.0014419
a_host[390]     -5.602567e-02 0.094129445 -0.204629661  0.0929623816 1.0006778
a_host[391]      3.182040e-02 0.158198378 -0.212882314  0.2871780422 1.0019167
a_host[392]      5.041762e-03 0.147462999 -0.229604377  0.2440238228 1.0008219
a_host[393]      8.025787e-02 0.115307488 -0.098012087  0.2642937949 1.0011565
a_host[394]      2.751249e-02 0.056113067 -0.064814645  0.1183039516 1.0012551
a_host[395]      2.820784e-02 0.065319066 -0.078317898  0.1313711954 1.0003106
a_host[396]     -7.545197e-02 0.056676156 -0.166895339  0.0167481019 1.0010190
a_host[397]      4.777958e-02 0.088134709 -0.091251921  0.1871283581 1.0014474
a_host[398]      8.497912e-02 0.141277183 -0.135696651  0.3146539824 1.0016366
a_host[399]      6.791746e-02 0.148860831 -0.170936952  0.3037788624 0.9999572
a_host[400]     -7.341462e-02 0.145253562 -0.309331041  0.1594187950 1.0006409
a_host[401]      9.438827e-02 0.102832279 -0.071052733  0.2653415741 1.0012714
a_host[402]      3.387599e-02 0.157636542 -0.217368149  0.2897984952 1.0009829
a_host[403]     -4.960583e-02 0.079280411 -0.174254209  0.0765231107 1.0034028
a_host[404]      2.963620e-02 0.163675148 -0.223010035  0.2865994706 1.0015075
a_host[405]     -3.454199e-01 0.083630329 -0.478582380 -0.2113057216 1.0001987
a_host[406]     -1.352764e-01 0.066815213 -0.241386464 -0.0274002659 1.0011247
a_host[407]     -8.842095e-02 0.141567747 -0.317630742  0.1382931217 1.0027626
a_host[408]      8.042058e-02 0.087057874 -0.059484217  0.2173980657 1.0005328
a_host[409]     -8.277936e-02 0.079524765 -0.209518830  0.0437860817 1.0002161
a_host[410]     -3.927975e-02 0.164252554 -0.306437358  0.2220959265 1.0002564
a_host[411]      4.092603e-02 0.157353045 -0.207189261  0.2924203781 1.0034883
a_host[412]     -3.021557e-03 0.156221800 -0.249492611  0.2460629679 1.0012336
a_host[413]     -6.227180e-02 0.145198867 -0.295622944  0.1684273122 1.0012579
a_host[414]     -7.079338e-02 0.068896857 -0.178751993  0.0424494935 1.0006043
a_host[415]      2.300481e-02 0.090801403 -0.121492349  0.1686844510 1.0039317
a_host[416]     -1.537340e-01 0.138375270 -0.377010041  0.0651153405 1.0010966
a_host[417]      1.705039e-03 0.162181050 -0.254765162  0.2566795020 1.0011383
a_host[418]      3.871059e-02 0.067866764 -0.070653820  0.1465570269 0.9997578
a_host[419]     -9.906842e-02 0.165519851 -0.362097673  0.1692663681 1.0002561
a_host[420]     -1.375965e-01 0.061450683 -0.234059150 -0.0389412254 1.0005520
a_host[421]      1.231807e-02 0.092202490 -0.134298307  0.1570291749 1.0000757
a_host[422]      4.085127e-02 0.160337728 -0.215714769  0.2984184385 1.0014429
a_host[423]     -2.017385e-02 0.072014519 -0.134041965  0.0940653270 1.0009176
a_host[424]      1.080666e-01 0.125722196 -0.096748303  0.3099154281 1.0008360
a_host[425]      2.681589e-04 0.137889317 -0.220883793  0.2247509235 1.0004978
a_host[426]     -2.881429e-02 0.147485289 -0.265645866  0.2041470180 1.0010927
a_host[427]      2.789219e-02 0.153036176 -0.211949344  0.2745216174 1.0019844
a_host[428]      2.596210e-02 0.167585546 -0.240641457  0.2947922492 1.0011161
a_host[429]     -1.009902e-02 0.122077827 -0.207672653  0.1803422116 1.0006855
a_host[430]      8.953713e-02 0.136657760 -0.128256985  0.3084879802 1.0002888
a_host[431]      1.466686e-02 0.165857674 -0.253092870  0.2706764910 1.0007337
a_host[432]     -5.445243e-02 0.113961508 -0.236379882  0.1286519554 1.0023726
a_host[433]      9.771801e-03 0.159223955 -0.233495177  0.2634715816 1.0044951
a_host[434]      5.429460e-03 0.159238485 -0.248585921  0.2650314362 1.0008880
a_host[435]      4.238024e-02 0.160161067 -0.214281636  0.2947823905 1.0001361
a_host[436]      9.472965e-02 0.135352303 -0.127044773  0.3103825632 1.0002605
a_host[437]      1.295388e-02 0.166682450 -0.252943361  0.2796144020 1.0000184
a_host[438]     -1.894701e-02 0.165373388 -0.284828636  0.2418938132 0.9995821
a_host[439]      2.779840e-02 0.121417317 -0.167006430  0.2235624410 1.0014393
a_host[440]      6.079705e-02 0.152203507 -0.177394464  0.3040863106 1.0025800
a_host[441]     -1.153217e-01 0.149357137 -0.356170054  0.1247118520 1.0000068
a_host[442]      2.769193e-02 0.128454806 -0.176931797  0.2402395054 1.0001865
a_host[443]     -4.672333e-01 0.056920312 -0.558201726 -0.3753675748 0.9997581
a_host[444]      5.047271e-02 0.153392361 -0.195277603  0.3041229967 1.0004354
a_host[445]     -2.667336e-01 0.094508560 -0.416165866 -0.1165418913 1.0008909
a_host[446]      1.358099e-01 0.097743894 -0.019203169  0.2929343281 1.0057359
a_host[447]      2.904907e-02 0.129284532 -0.178673109  0.2366301288 1.0008537
a_host[448]      3.506896e-02 0.154536429 -0.206429184  0.2844981673 1.0017918
a_host[449]     -4.707679e-01 0.043333161 -0.537619237 -0.4010326238 1.0007728
a_host[450]     -8.080936e-03 0.153620907 -0.251620574  0.2423024583 1.0003032
a_host[451]      1.150462e-01 0.082622426 -0.017221305  0.2478437596 1.0014348
a_host[452]     -3.233964e-01 0.067640422 -0.431735700 -0.2156278869 0.9998629
a_host[453]      2.122104e-02 0.165440453 -0.243805524  0.2812697472 1.0041192
a_host[454]     -5.972373e-02 0.133115196 -0.275086348  0.1486446855 1.0024586
a_host[455]      6.959949e-02 0.130797673 -0.141318469  0.2789937449 1.0013741
a_host[456]     -1.212472e-01 0.062106698 -0.218277113 -0.0185782193 1.0047262
a_host[457]     -1.659189e-01 0.084006030 -0.299521774 -0.0304609108 1.0006840
a_host[458]     -4.736007e-02 0.125389273 -0.249435132  0.1492525161 1.0037066
a_host[459]      8.359500e-02 0.106834141 -0.085199059  0.2594577886 0.9997158
a_host[460]      1.193981e-02 0.165727728 -0.249243244  0.2773769369 1.0002839
a_host[461]      5.137532e-02 0.080360771 -0.074519433  0.1804234006 0.9997185
a_host[462]     -6.682697e-03 0.168343217 -0.272239083  0.2596070641 1.0015860
a_host[463]     -2.047145e-02 0.167690738 -0.287910450  0.2505518533 1.0001407
a_host[464]      4.276355e-02 0.157988770 -0.213157688  0.2978965484 1.0008719
a_host[465]      3.470915e-02 0.161601690 -0.216210731  0.2870356834 1.0015609
a_host[466]     -1.109892e-02 0.154514544 -0.251665534  0.2356203806 1.0002317
a_host[467]     -2.268421e-02 0.097307580 -0.176982131  0.1308445018 1.0005711
a_host[468]      1.318368e-01 0.103399637 -0.031674489  0.2991396052 1.0007129
a_host[469]      3.105513e-02 0.118603240 -0.154675839  0.2236984983 1.0008036
a_host[470]      3.841525e-03 0.145097958 -0.227907971  0.2345021022 1.0010636
a_host[471]      3.673477e-02 0.073255632 -0.081272406  0.1504638269 1.0010373
a_host[472]      8.707792e-03 0.166897494 -0.250609370  0.2772516423 1.0005907
a_host[473]      9.401889e-03 0.151384772 -0.231664626  0.2511824523 1.0015393
a_host[474]      1.085287e-01 0.115401962 -0.076880160  0.2944220004 1.0020157
a_host[475]      1.415159e-02 0.166942825 -0.251970684  0.2802694340 1.0004181
a_host[476]     -3.702744e-02 0.094281253 -0.188497321  0.1159139179 1.0005920
a_host[477]     -1.126629e-01 0.129755345 -0.318024767  0.0937343677 1.0016903
a_host[478]     -3.461863e-02 0.100555009 -0.194409558  0.1266585793 1.0006880
a_host[479]     -2.551064e-01 0.083371941 -0.392145092 -0.1210619835 1.0009008
a_host[480]      2.909565e-02 0.160855538 -0.235791766  0.2874245523 1.0007967
a_host[481]      8.065113e-02 0.106888704 -0.089351165  0.2508594930 1.0006872
a_host[482]      1.020221e-02 0.166280345 -0.256307216  0.2728666339 1.0004176
a_host[483]      3.043403e-02 0.166237835 -0.241761968  0.3003156084 1.0009143
a_host[484]      2.472442e-02 0.162594740 -0.229292760  0.2821943956 0.9999429
a_host[485]      4.186509e-02 0.147689281 -0.196227869  0.2726058512 0.9995146
a_host[486]     -8.398418e-02 0.161171941 -0.345503213  0.1692969997 1.0022915
a_host[487]      3.104774e-02 0.131880065 -0.180307740  0.2405528494 1.0021830
a_host[488]      2.885842e-02 0.160818080 -0.230773924  0.2870782949 1.0016260
a_host[489]      6.572734e-02 0.142783510 -0.156187778  0.2944494385 1.0017436
a_host[490]     -1.825605e-01 0.057937282 -0.275016747 -0.0888895421 1.0001090
a_host[491]     -2.548648e-01 0.029258189 -0.300331233 -0.2082806638 1.0040957
a_host[492]      5.771649e-02 0.102899425 -0.107595103  0.2199969154 1.0041705
a_host[493]      2.267190e-02 0.158126959 -0.227708761  0.2815698935 1.0025507
a_host[494]     -3.923251e-02 0.165009449 -0.301942129  0.2280973202 1.0007720
a_host[495]     -4.788868e-01 0.069319007 -0.589765150 -0.3680367601 0.9994481
a_host[496]     -7.484487e-02 0.145110875 -0.304050946  0.1526693300 1.0013638
a_host[497]     -3.679997e-02 0.111836806 -0.220086663  0.1403471833 1.0010101
a_host[498]     -3.510006e-01 0.097214506 -0.505262682 -0.1940669503 1.0007191
a_host[499]     -1.799805e-02 0.164165863 -0.285727250  0.2411373147 1.0005043
a_host[500]      2.941793e-02 0.160919784 -0.227355164  0.2864016854 1.0001280
a_host[501]      1.693125e-03 0.153072300 -0.243540472  0.2479219384 1.0003457
a_host[502]      5.883073e-02 0.111344646 -0.120300849  0.2447505264 1.0021629
a_host[503]      1.995721e-02 0.162952589 -0.241972277  0.2818627323 1.0003407
a_host[504]      6.442017e-02 0.115588557 -0.124301105  0.2479213113 1.0018203
a_host[505]     -9.463541e-02 0.132269502 -0.311056649  0.1189534084 0.9999554
a_host[506]     -8.717288e-02 0.121950973 -0.279885469  0.1083085955 1.0019513
a_host[507]      1.565836e-01 0.083333363  0.018832551  0.2886812367 1.0000281
a_host[508]      3.354079e-02 0.150550888 -0.203703821  0.2752058493 1.0030745
a_host[509]      3.340911e-02 0.160942425 -0.224043538  0.2875256337 1.0015238
a_host[510]     -5.925008e-02 0.124556767 -0.262247801  0.1375331544 1.0023579
a_host[511]      1.271893e-01 0.134663297 -0.093531434  0.3382926973 1.0013900
a_host[512]      2.175698e-02 0.167535189 -0.243210490  0.2952914616 1.0037742
a_host[513]     -2.849749e-01 0.085548858 -0.423033030 -0.1495473328 1.0008834
a_host[514]     -2.363130e-01 0.146117820 -0.471033607 -0.0041760397 1.0007638
a_host[515]      1.027155e-01 0.072911522 -0.015419583  0.2163060913 1.0011568
a_host[516]     -6.256568e-01 0.035110064 -0.682454851 -0.5694547842 1.0011888
a_host[517]      6.471265e-02 0.104584010 -0.106156807  0.2277099962 1.0003233
a_host[518]     -3.264666e-01 0.124660093 -0.521643565 -0.1258539029 1.0010485
a_host[519]     -1.704721e-02 0.123130003 -0.212421138  0.1804672296 1.0042543
a_host[520]     -1.133758e-01 0.165489776 -0.375141301  0.1475159386 1.0004335
a_host[521]      9.124876e-02 0.125199277 -0.107573683  0.2863246643 1.0001422
a_host[522]      8.616419e-02 0.129294959 -0.120513366  0.2856002006 1.0009201
a_host[523]     -5.602238e-02 0.142115622 -0.287162793  0.1704030133 1.0006160
a_host[524]      6.917451e-02 0.063027139 -0.030387149  0.1712586448 1.0001284
a_host[525]      4.788427e-02 0.152881801 -0.199454448  0.2967376782 1.0007015
a_host[526]     -1.149805e-01 0.162359101 -0.369723289  0.1464326588 1.0008147
a_host[527]     -2.645623e-01 0.147503014 -0.500830370 -0.0317809682 1.0009639
a_host[528]      6.858951e-02 0.140497773 -0.159331781  0.2956184225 1.0011197
a_host[529]     -3.421862e-01 0.052920004 -0.429174819 -0.2593469069 0.9998639
a_host[530]     -6.585065e-02 0.159012348 -0.322184670  0.1951127288 0.9997599
a_host[531]     -7.934401e-02 0.167834866 -0.345331531  0.1856830362 1.0013969
a_host[532]      3.936305e-02 0.147704193 -0.191520433  0.2777531549 1.0009165
a_host[533]      2.943981e-03 0.164239837 -0.259367621  0.2601296286 1.0003266
a_host[534]      4.802650e-02 0.153870388 -0.200995267  0.2890936400 1.0018472
a_host[535]      1.433511e-01 0.039328584  0.080802484  0.2056039965 0.9996315
a_host[536]      7.596446e-02 0.109932261 -0.098891878  0.2521198484 1.0002222
a_host[537]     -1.290860e-01 0.162730652 -0.381706600  0.1263305265 0.9995140
a_host[538]      5.646022e-02 0.114027280 -0.127293503  0.2392172595 0.9997618
a_host[539]      2.953774e-02 0.100805856 -0.130839318  0.1924576876 1.0013268
a_host[540]      2.359515e-02 0.128280494 -0.184198730  0.2325462222 1.0002827
a_host[541]      1.651805e-01 0.047389501  0.089608056  0.2415871796 1.0004669
a_host[542]      7.435123e-02 0.136606540 -0.139067746  0.2955958673 1.0010852
a_host[543]      9.776777e-03 0.115979763 -0.173837689  0.1974845407 1.0015384
a_host[544]      8.717401e-03 0.058800664 -0.085126317  0.1047571260 1.0000760
a_host[545]     -4.631048e-02 0.117606722 -0.236742667  0.1443985405 1.0020261
a_host[546]      3.444388e-02 0.156834127 -0.214259124  0.2806337650 1.0011916
a_host[547]     -3.916842e-02 0.154689214 -0.282662563  0.2081296561 1.0010683
a_host[548]      9.733424e-03 0.070791901 -0.102529227  0.1257274218 0.9999862
a_host[549]     -6.001463e-03 0.160610412 -0.260554891  0.2514225351 0.9996944
a_host[550]     -1.701377e-02 0.110094203 -0.191317667  0.1596287779 1.0003647
a_host[551]     -1.692650e-01 0.140473772 -0.393855365  0.0528620676 1.0018904
a_host[552]      4.089530e-02 0.080328675 -0.087373783  0.1729195374 0.9998233
a_host[553]      8.050516e-02 0.141784408 -0.148554295  0.3097264874 1.0040744
a_host[554]     -1.852910e-01 0.081632828 -0.316201492 -0.0585447439 1.0019577
a_host[555]     -1.209055e-02 0.150278958 -0.248726598  0.2297428691 1.0009046
a_host[556]     -2.988537e-01 0.139592851 -0.522842625 -0.0795250728 1.0003791
a_host[557]     -7.340952e-02 0.127734763 -0.280122185  0.1281828203 1.0023060
a_host[558]      1.134405e-02 0.169664955 -0.257643480  0.2796065150 1.0017155
a_host[559]     -9.385788e-02 0.133607711 -0.305303861  0.1284141237 1.0011271
a_host[560]     -2.000262e-02 0.162899914 -0.276918911  0.2455871084 1.0042003
a_host[561]      3.289413e-02 0.161855708 -0.221665987  0.2906954107 1.0000701
a_host[562]      6.420050e-03 0.129807352 -0.195813354  0.2180548969 1.0002327
a_host[563]      4.409166e-03 0.079096273 -0.121275880  0.1309077345 1.0025118
a_host[564]      3.156121e-02 0.163702391 -0.230348686  0.2906597280 0.9999464
a_host[565]     -2.424811e-01 0.133946592 -0.459286767 -0.0339810039 1.0000780
a_host[566]     -7.234036e-02 0.069340915 -0.181906261  0.0378839662 1.0010311
a_host[567]     -2.548354e-02 0.130349699 -0.228555681  0.1821657893 1.0000860
a_host[568]     -1.576048e-01 0.108372881 -0.332809850  0.0163654687 1.0009193
a_host[569]     -3.063113e-01 0.082767959 -0.438642159 -0.1714111545 0.9994876
a_host[570]     -2.268423e-01 0.108912618 -0.400755755 -0.0539575004 1.0006691
a_host[571]     -2.368095e-02 0.162803022 -0.281535173  0.2450148310 1.0011820
a_host[572]      5.217809e-02 0.113008258 -0.129317978  0.2337662380 1.0003118
a_host[573]      5.820435e-02 0.142426331 -0.173221618  0.2826599234 1.0022160
a_host[574]     -1.352038e-02 0.153473072 -0.263572732  0.2340374850 1.0020183
a_host[575]      4.502072e-04 0.150863645 -0.236488185  0.2478434843 1.0021934
a_host[576]      1.182420e-01 0.119359779 -0.071046314  0.3057486523 1.0013402
a_host[577]      5.250166e-02 0.126456561 -0.148982866  0.2527063970 1.0024414
a_host[578]      1.384078e-02 0.163239744 -0.249122339  0.2775062174 1.0009062
a_host[579]      6.176332e-02 0.150085656 -0.176579642  0.2940915727 1.0001775
a_host[580]     -9.781231e-02 0.139522397 -0.317918418  0.1207336458 1.0000803
a_host[581]     -3.886773e-01 0.166436487 -0.657132505 -0.1246776707 0.9996187
a_host[582]      5.412822e-02 0.073838967 -0.063185271  0.1734207411 1.0011232
a_host[583]     -1.367720e-01 0.154223910 -0.384601239  0.1081394149 1.0004855
a_host[584]      1.181825e-02 0.162090065 -0.251552790  0.2713711037 1.0011028
a_host[585]      1.507611e-02 0.154851354 -0.228257452  0.2608010448 1.0000701
a_host[586]     -1.159343e-01 0.169351587 -0.383014969  0.1489914620 0.9999614
a_host[587]      2.301950e-02 0.167561576 -0.243294235  0.2921953342 1.0013944
a_host[588]     -6.296390e-02 0.135079433 -0.275212671  0.1518483112 0.9996553
a_host[589]     -6.874649e-03 0.164377746 -0.271668467  0.2590594152 1.0004540
a_host[590]      4.065837e-02 0.155047989 -0.208444559  0.2925759843 1.0021183
a_host[591]     -1.387325e-01 0.145142084 -0.374667627  0.0912795245 1.0003855
a_host[592]     -1.008789e-01 0.092200899 -0.248312037  0.0454231754 1.0000404
a_host[593]      3.770416e-02 0.161529690 -0.218743119  0.2970922461 1.0014629
a_host[594]     -5.097059e-02 0.084027626 -0.184244236  0.0836484930 1.0010546
a_host[595]     -4.590018e-01 0.156182320 -0.715389160 -0.2171966931 1.0006600
a_host[596]      1.337720e-01 0.113023012 -0.046054831  0.3135455266 1.0018462
a_host[597]      3.205848e-02 0.152029671 -0.207629777  0.2779858787 1.0015361
a_host[598]     -1.656337e-01 0.135783027 -0.378093422  0.0532161382 1.0013359
a_host[599]      9.552072e-02 0.134436520 -0.121509927  0.3091423590 1.0001049
a_host[600]     -2.932104e-01 0.040184284 -0.360340546 -0.2298241728 1.0006908
a_host[601]      9.305379e-03 0.163857882 -0.254374893  0.2681296274 1.0006999
a_host[602]      6.869273e-03 0.130010228 -0.202024218  0.2147330892 1.0021598
a_host[603]      1.102038e-01 0.123893475 -0.090080798  0.3091190841 1.0008974
a_host[604]     -1.379638e-01 0.096050051 -0.291360192  0.0151594977 1.0011506
a_host[605]      1.213937e-02 0.166253947 -0.251808994  0.2769695378 1.0023369
a_host[606]     -1.312024e-02 0.104216592 -0.180876738  0.1546526884 1.0010552
a_host[607]      1.038276e-01 0.122556607 -0.090753902  0.2988821559 1.0011918
a_host[608]     -2.115971e-02 0.166583879 -0.291162672  0.2428870755 0.9996379
a_host[609]     -1.235062e-02 0.150285147 -0.247168050  0.2205823091 1.0005985
a_host[610]     -3.855570e-02 0.157180148 -0.292561134  0.2089240050 1.0015160
a_host[611]     -7.450448e-02 0.143670210 -0.299935784  0.1678940554 0.9997634
a_host[612]     -1.127298e-01 0.169201122 -0.388501437  0.1540137788 1.0004108
a_host[613]     -1.274895e-01 0.134620444 -0.342147979  0.0908469254 1.0010261
a_host[614]      5.632907e-02 0.125618750 -0.145011306  0.2594398044 1.0004792
a_host[615]     -2.325216e-02 0.170803786 -0.299616806  0.2499360301 0.9999274
a_host[616]     -7.730108e-01 0.164189773 -1.047248003 -0.5170851235 1.0012466
a_host[617]      2.254376e-02 0.122679889 -0.172815662  0.2207633041 1.0037001
a_host[618]     -6.339915e-02 0.119853161 -0.254508549  0.1283546199 1.0002078
a_host[619]      5.523216e-03 0.161654009 -0.253338223  0.2643732952 1.0006390
a_host[620]      9.143681e-03 0.168079229 -0.255824579  0.2805054912 0.9995777
a_host[621]     -1.990553e-02 0.163947591 -0.284395495  0.2391916478 1.0007168
a_host[622]     -1.926354e-02 0.164819636 -0.281385943  0.2468249112 1.0004870
a_host[623]      5.139999e-02 0.152908566 -0.194309084  0.2978595513 1.0008835
a_host[624]     -7.742496e-03 0.168886509 -0.272103117  0.2687440703 1.0024114
a_host[625]      8.907056e-02 0.142081162 -0.135052590  0.3173317284 1.0000955
a_host[626]     -6.154203e-03 0.160670890 -0.262216919  0.2562056443 1.0028637
a_host[627]      5.497962e-02 0.152633893 -0.189749346  0.2970304522 1.0043865
a_host[628]     -8.715891e-02 0.152248783 -0.335610837  0.1548971756 1.0011020
a_host[629]      2.523560e-02 0.141420555 -0.195144101  0.2520827920 1.0010547
a_host[630]      6.096278e-02 0.133077058 -0.150118775  0.2771958220 1.0023338
a_host[631]      5.147283e-02 0.142130228 -0.173738982  0.2754136435 1.0025767
a_host[632]      1.982947e-03 0.157737197 -0.253330661  0.2452916622 1.0019252
a_host[633]      2.897087e-03 0.160185739 -0.251740768  0.2539213195 1.0022217
a_host[634]      2.174603e-02 0.168005161 -0.250860878  0.2876974567 1.0023227
a_host[635]      1.603748e-02 0.149921786 -0.222618617  0.2573087600 1.0017464
a_host[636]     -1.301716e-02 0.145467178 -0.246051098  0.2242684228 1.0020344
a_host[637]     -8.803508e-03 0.156656790 -0.259693648  0.2424013699 1.0006060
a_host[638]      2.155573e-02 0.170626399 -0.250248082  0.2914008842 1.0003314
a_host[639]     -6.069492e-02 0.139941430 -0.284305164  0.1639927454 0.9995234
a_host[640]      5.146045e-02 0.156200070 -0.198498068  0.2975158278 1.0017121
a_host[641]     -1.108580e-01 0.166186687 -0.377171960  0.1525431007 1.0002970
a_host[642]     -2.785276e-02 0.141147181 -0.252179132  0.1948811611 0.9995487
a_host[643]      2.020206e-03 0.152905497 -0.241749058  0.2437142837 1.0019458
a_host[644]      1.230251e-02 0.166766690 -0.245360065  0.2825661781 1.0004516
                 ess_bulk
z_host[1]       5698.6705
z_host[2]       5092.7342
z_host[3]       6349.7526
z_host[4]       5278.4124
z_host[5]       5555.2914
z_host[6]       5779.7978
z_host[7]       6454.9037
z_host[8]       6030.3722
z_host[9]       5371.4320
z_host[10]      5119.2538
z_host[11]      5462.2805
z_host[12]      5108.5915
z_host[13]      5730.0955
z_host[14]      6232.8324
z_host[15]      5885.5808
z_host[16]      6464.9206
z_host[17]      5873.4658
z_host[18]      5888.1862
z_host[19]      7025.3863
z_host[20]      5800.7575
z_host[21]      5618.1762
z_host[22]      5427.9748
z_host[23]      5157.9423
z_host[24]      5587.0706
z_host[25]      5710.9782
z_host[26]      5758.3195
z_host[27]      5393.0909
z_host[28]      6061.6751
z_host[29]      4724.5102
z_host[30]      5638.3785
z_host[31]      1375.1409
z_host[32]      6690.5153
z_host[33]      6338.9239
z_host[34]      5317.6644
z_host[35]      6183.4180
z_host[36]      3516.4876
z_host[37]      6392.1094
z_host[38]      4590.1801
z_host[39]      5595.0629
z_host[40]      3267.5003
z_host[41]      5846.9394
z_host[42]      5366.6149
z_host[43]      5326.0598
z_host[44]      5943.6026
z_host[45]      6049.4529
z_host[46]      5139.2814
z_host[47]      6164.8451
z_host[48]      4204.2762
z_host[49]      5896.0489
z_host[50]      5137.9407
z_host[51]      5886.7081
z_host[52]      4913.8996
z_host[53]      5111.1287
z_host[54]      5061.0978
z_host[55]      5706.9062
z_host[56]      5186.3993
z_host[57]      5623.6930
z_host[58]      6128.1309
z_host[59]      5446.8311
z_host[60]      4733.1842
z_host[61]      4986.4762
z_host[62]      6232.5167
z_host[63]      4796.3477
z_host[64]      5065.9878
z_host[65]      5655.5483
z_host[66]      5250.9826
z_host[67]      5327.1110
z_host[68]      5551.9570
z_host[69]      6268.8704
z_host[70]      6480.7771
z_host[71]      4195.8638
z_host[72]      4497.0257
z_host[73]      6126.3577
z_host[74]      4207.5960
z_host[75]      5291.9999
z_host[76]      4063.4176
z_host[77]      5038.5351
z_host[78]      5915.2921
z_host[79]      6085.3339
z_host[80]      1820.3289
z_host[81]      6789.3983
z_host[82]      6179.7314
z_host[83]      6012.3303
z_host[84]      5377.6096
z_host[85]      5026.1269
z_host[86]      4872.4910
z_host[87]      5583.1275
z_host[88]      4949.7783
z_host[89]      5104.6986
z_host[90]      6233.2286
z_host[91]      5610.4796
z_host[92]      5080.1169
z_host[93]      5745.5867
z_host[94]      5606.9938
z_host[95]      5106.5897
z_host[96]      5828.2402
z_host[97]      5849.4955
z_host[98]      5979.1590
z_host[99]      6015.4227
z_host[100]     5813.8504
z_host[101]     5369.1918
z_host[102]     6148.6525
z_host[103]     5760.7803
z_host[104]     5582.6193
z_host[105]     5344.9540
z_host[106]     5827.0719
z_host[107]     6179.5107
z_host[108]     5973.6373
z_host[109]     6263.2935
z_host[110]     5135.4017
z_host[111]     5123.4164
z_host[112]     5196.0823
z_host[113]     5924.7070
z_host[114]     4577.3048
z_host[115]     5284.6563
z_host[116]     5276.5145
z_host[117]     4609.2082
z_host[118]     3440.4662
z_host[119]     5839.0253
z_host[120]     5408.1089
z_host[121]     5612.5499
z_host[122]     5612.6156
z_host[123]     2637.6499
z_host[124]     5292.8506
z_host[125]     5699.6401
z_host[126]     5731.4053
z_host[127]     4738.2172
z_host[128]     4983.2720
z_host[129]     5224.7562
z_host[130]     6128.3763
z_host[131]     5703.1143
z_host[132]     5814.1574
z_host[133]     4765.2937
z_host[134]     5298.6260
z_host[135]     5642.7736
z_host[136]     5033.1791
z_host[137]     5808.8351
z_host[138]     5018.0898
z_host[139]     4803.6322
z_host[140]     5414.4349
z_host[141]     5688.6949
z_host[142]     5809.3837
z_host[143]     6285.6854
z_host[144]     5023.9449
z_host[145]     5765.1483
z_host[146]     4342.9734
z_host[147]     5239.9508
z_host[148]     5426.3899
z_host[149]     5230.8854
z_host[150]     4900.7217
z_host[151]     5356.1311
z_host[152]     5547.4950
z_host[153]     4932.8743
z_host[154]     5342.0845
z_host[155]     4299.5653
z_host[156]     5043.4953
z_host[157]     5248.7037
z_host[158]     5598.5101
z_host[159]     4155.3443
z_host[160]     3754.9845
z_host[161]     6039.7441
z_host[162]     4571.6754
z_host[163]     5471.5598
z_host[164]     5229.6854
z_host[165]     3859.9224
z_host[166]     5503.7478
z_host[167]     5744.9097
z_host[168]     5154.7772
z_host[169]     5962.9798
z_host[170]     6013.4774
z_host[171]     5785.1743
z_host[172]     5044.1116
z_host[173]     5507.5508
z_host[174]     6432.7514
z_host[175]     5520.3732
z_host[176]     5884.4934
z_host[177]     4284.7983
z_host[178]     5471.0912
z_host[179]     5979.9694
z_host[180]     5647.4827
z_host[181]     4576.3703
z_host[182]     7071.0573
z_host[183]     6540.0455
z_host[184]     5440.4255
z_host[185]     6369.4788
z_host[186]     5301.9203
z_host[187]     4932.0204
z_host[188]     5572.7865
z_host[189]     3891.7981
z_host[190]     5415.9091
z_host[191]     3619.7173
z_host[192]     6759.1065
z_host[193]     5076.0738
z_host[194]     5554.5043
z_host[195]     4969.0440
z_host[196]     6238.4284
z_host[197]     4966.4829
z_host[198]     5131.1299
z_host[199]     5175.6896
z_host[200]     5695.1435
z_host[201]     5301.6550
z_host[202]     5411.3765
z_host[203]     5032.7005
z_host[204]     2451.1261
z_host[205]     5843.0253
z_host[206]     6867.7873
z_host[207]     5261.8503
z_host[208]     4682.6478
z_host[209]     5753.0362
z_host[210]     5781.9336
z_host[211]     6314.3492
z_host[212]     5898.0140
z_host[213]     5388.6395
z_host[214]     5604.7080
z_host[215]     5663.5859
z_host[216]     5748.1160
z_host[217]     5942.3690
z_host[218]     5176.1088
z_host[219]     4134.5548
z_host[220]     5623.6084
z_host[221]     6410.2161
z_host[222]     5969.5127
z_host[223]     5952.7383
z_host[224]     5408.9625
z_host[225]     6700.4384
z_host[226]     5546.2491
z_host[227]     5192.8638
z_host[228]     5165.4508
z_host[229]     5865.8664
z_host[230]     5748.4319
z_host[231]     7091.9446
z_host[232]     5382.8669
z_host[233]     5776.2125
z_host[234]     5036.0314
z_host[235]     4573.1216
z_host[236]     5062.9004
z_host[237]     5390.6822
z_host[238]     4932.2601
z_host[239]     5038.8816
z_host[240]     6063.6979
z_host[241]     6174.1672
z_host[242]     4086.3101
z_host[243]     4577.9869
z_host[244]     6106.8653
z_host[245]     6435.9545
z_host[246]     5435.2970
z_host[247]     5822.3606
z_host[248]     6091.7763
z_host[249]     5192.6954
z_host[250]     5816.1699
z_host[251]     5122.6578
z_host[252]     5134.7493
z_host[253]     4719.6877
z_host[254]     5367.9885
z_host[255]     5533.4732
z_host[256]     5161.6184
z_host[257]     5187.7043
z_host[258]     5388.7212
z_host[259]     5348.2900
z_host[260]     5336.2809
z_host[261]     5229.5813
z_host[262]     4784.2354
z_host[263]     5035.1227
z_host[264]     2423.4186
z_host[265]     4903.3058
z_host[266]     5592.5937
z_host[267]     5387.6580
z_host[268]     5933.8675
z_host[269]     5853.9410
z_host[270]     4924.4361
z_host[271]     5903.3810
z_host[272]     5418.3045
z_host[273]     7198.6078
z_host[274]     4135.7580
z_host[275]     5862.2247
z_host[276]     4704.5798
z_host[277]     5003.6797
z_host[278]     5452.5427
z_host[279]     5803.8040
z_host[280]     6605.0969
z_host[281]     6065.9793
z_host[282]     6022.6182
z_host[283]     5005.8769
z_host[284]     6554.0330
z_host[285]     4693.9066
z_host[286]     4581.3436
z_host[287]     4593.3762
z_host[288]     6231.6864
z_host[289]     6397.4829
z_host[290]     4799.3122
z_host[291]     5099.7209
z_host[292]     5613.4437
z_host[293]     5298.9030
z_host[294]     5228.4112
z_host[295]     5533.1448
z_host[296]     5152.6721
z_host[297]     5729.9445
z_host[298]     5125.8992
z_host[299]     5653.5841
z_host[300]     6246.4132
z_host[301]     5155.6271
z_host[302]     4947.0140
z_host[303]     5207.7385
z_host[304]     6689.6628
z_host[305]     5442.6405
z_host[306]     4970.0171
z_host[307]     5080.6977
z_host[308]     6033.2282
z_host[309]     5543.6708
z_host[310]     6300.7714
z_host[311]     6020.4535
z_host[312]     4935.5383
z_host[313]     5314.5124
z_host[314]     5785.8583
z_host[315]     5978.1359
z_host[316]     4833.2473
z_host[317]     6095.0995
z_host[318]     5991.0829
z_host[319]     5773.0511
z_host[320]     4909.6174
z_host[321]     5448.2882
z_host[322]     5088.6096
z_host[323]     6590.7492
z_host[324]     5956.9588
z_host[325]     6116.4732
z_host[326]     5061.4473
z_host[327]     5053.8510
z_host[328]     5091.5980
z_host[329]     5520.3579
z_host[330]     5906.5822
z_host[331]     5215.0405
z_host[332]     5859.3987
z_host[333]     5314.9332
z_host[334]     5228.9005
z_host[335]     5377.0336
z_host[336]     5252.6851
z_host[337]     6124.1149
z_host[338]     5593.1109
z_host[339]     2583.3472
z_host[340]     4757.2073
z_host[341]     5608.6981
z_host[342]     5935.4428
z_host[343]     5598.5528
z_host[344]     5484.5045
z_host[345]     6094.8723
z_host[346]     6516.7466
z_host[347]     6228.2965
z_host[348]     6401.9790
z_host[349]     6155.9228
z_host[350]     5352.8617
z_host[351]     5657.7443
z_host[352]     4911.4688
z_host[353]     5842.7112
z_host[354]     5509.9217
z_host[355]     6051.9403
z_host[356]     5300.0490
z_host[357]     5519.3700
z_host[358]     5184.5861
z_host[359]     5100.6553
z_host[360]     4668.8064
z_host[361]     5530.1986
z_host[362]     6739.0368
z_host[363]     5027.2796
z_host[364]     6883.0033
z_host[365]     5074.1690
z_host[366]     2174.3512
z_host[367]     5787.7507
z_host[368]     5667.8876
z_host[369]     5085.6236
z_host[370]     5604.9607
z_host[371]     5328.2697
z_host[372]     6711.4544
z_host[373]     5465.8637
z_host[374]     5733.7074
z_host[375]     4614.5378
z_host[376]     4732.8865
z_host[377]     4513.5720
z_host[378]     5654.2836
z_host[379]     5473.6972
z_host[380]     5025.2413
z_host[381]     5290.4940
z_host[382]     5545.9846
z_host[383]     5119.1787
z_host[384]     2891.2082
z_host[385]     5624.0688
z_host[386]     5180.2396
z_host[387]     3586.1376
z_host[388]     5271.8932
z_host[389]     5303.6865
z_host[390]     5237.5293
z_host[391]     6547.6432
z_host[392]     5422.8864
z_host[393]     5227.2287
z_host[394]     3157.9293
z_host[395]     3997.0847
z_host[396]     3404.1432
z_host[397]     6297.4022
z_host[398]     5396.9451
z_host[399]     4900.4790
z_host[400]     5198.8976
z_host[401]     4689.6255
z_host[402]     4926.5868
z_host[403]     4906.6778
z_host[404]     5337.9696
z_host[405]     4972.7841
z_host[406]     4892.1693
z_host[407]     4859.7496
z_host[408]     4670.9787
z_host[409]     5272.3230
z_host[410]     5282.3551
z_host[411]     5231.6978
z_host[412]     5441.5675
z_host[413]     5623.0403
z_host[414]     4534.3734
z_host[415]     4838.1960
z_host[416]     5652.0308
z_host[417]     4885.6884
z_host[418]     4400.3448
z_host[419]     4922.2966
z_host[420]     3549.4078
z_host[421]     5213.6980
z_host[422]     4741.0808
z_host[423]     4158.6525
z_host[424]     5921.5882
z_host[425]     5895.4418
z_host[426]     5418.7923
z_host[427]     5432.9790
z_host[428]     6144.7563
z_host[429]     6126.4981
z_host[430]     4545.4769
z_host[431]     5284.4045
z_host[432]     5720.6116
z_host[433]     6128.5706
z_host[434]     5774.8691
z_host[435]     5722.0465
z_host[436]     5346.2164
z_host[437]     6156.1059
z_host[438]     4766.5624
z_host[439]     5594.0254
z_host[440]     5722.3996
z_host[441]     5582.9191
z_host[442]     5619.7974
z_host[443]     2554.6561
z_host[444]     6253.1556
z_host[445]     5158.7668
z_host[446]     6107.5962
z_host[447]     5562.2231
z_host[448]     5654.3214
z_host[449]     1985.5756
z_host[450]     5746.4707
z_host[451]     5117.9752
z_host[452]     3690.1436
z_host[453]     6681.4304
z_host[454]     4570.7029
z_host[455]     5105.2336
z_host[456]     3590.8008
z_host[457]     6166.0483
z_host[458]     5252.9381
z_host[459]     5580.3018
z_host[460]     5625.3278
z_host[461]     5536.6262
z_host[462]     5333.2969
z_host[463]     5238.1920
z_host[464]     6272.3275
z_host[465]     5420.9321
z_host[466]     4896.4500
z_host[467]     5225.1959
z_host[468]     4842.5679
z_host[469]     5737.4860
z_host[470]     5397.4312
z_host[471]     5206.6537
z_host[472]     5640.8495
z_host[473]     5989.6064
z_host[474]     6258.0343
z_host[475]     4873.9380
z_host[476]     5374.8146
z_host[477]     4255.9306
z_host[478]     5176.0013
z_host[479]     4496.2489
z_host[480]     5003.9482
z_host[481]     6378.3333
z_host[482]     5275.1776
z_host[483]     5729.2673
z_host[484]     6021.7035
z_host[485]     4549.3760
z_host[486]     5623.6518
z_host[487]     6186.2849
z_host[488]     5770.0910
z_host[489]     5375.7947
z_host[490]     2997.5758
z_host[491]     2063.7628
z_host[492]     4928.6014
z_host[493]     5619.7989
z_host[494]     5457.1604
z_host[495]     3922.9178
z_host[496]     5614.8759
z_host[497]     5017.9362
z_host[498]     4272.3427
z_host[499]     6043.4608
z_host[500]     6065.4853
z_host[501]     6357.2598
z_host[502]     5093.2209
z_host[503]     5513.6723
z_host[504]     5207.7461
z_host[505]     5898.4742
z_host[506]     5081.6932
z_host[507]     4932.9323
z_host[508]     5520.6562
z_host[509]     4493.9987
z_host[510]     5144.9886
z_host[511]     5860.2933
z_host[512]     5517.3148
z_host[513]     5225.7729
z_host[514]     5504.0046
z_host[515]     4334.7036
z_host[516]     1386.5702
z_host[517]     5616.0750
z_host[518]     4501.4529
z_host[519]     6495.8540
z_host[520]     5579.0056
z_host[521]     5355.1022
z_host[522]     6514.4538
z_host[523]     6460.8411
z_host[524]     4984.7002
z_host[525]     5561.4923
z_host[526]     6330.9220
z_host[527]     4741.8851
z_host[528]     5499.5362
z_host[529]     2676.2579
z_host[530]     6377.1937
z_host[531]     5604.0972
z_host[532]     5017.9336
z_host[533]     5227.5452
z_host[534]     6201.2267
z_host[535]     2898.8569
z_host[536]     6245.0191
z_host[537]     5163.8049
z_host[538]     6084.6402
z_host[539]     5403.1304
z_host[540]     5249.8704
z_host[541]     4312.4395
z_host[542]     5459.5819
z_host[543]     5273.1408
z_host[544]     4447.5749
z_host[545]     4913.1967
z_host[546]     4874.1904
z_host[547]     5567.7227
z_host[548]     5726.9638
z_host[549]     4906.8975
z_host[550]     5825.9732
z_host[551]     6069.1228
z_host[552]     4485.1993
z_host[553]     4873.0433
z_host[554]     5669.4632
z_host[555]     5557.8795
z_host[556]     5066.7024
z_host[557]     5671.8000
z_host[558]     6724.9843
z_host[559]     5470.0872
z_host[560]     6097.6800
z_host[561]     5297.5743
z_host[562]     6524.7794
z_host[563]     5946.8365
z_host[564]     6372.1356
z_host[565]     5781.4125
z_host[566]     4513.5267
z_host[567]     5769.3551
z_host[568]     5988.4525
z_host[569]     5097.1461
z_host[570]     5896.0529
z_host[571]     6331.4478
z_host[572]     4824.4384
z_host[573]     6363.5903
z_host[574]     5467.3564
z_host[575]     5858.6261
z_host[576]     5081.4493
z_host[577]     6014.6738
z_host[578]     5811.4667
z_host[579]     5582.1058
z_host[580]     5432.7064
z_host[581]     4758.6032
z_host[582]     4377.8320
z_host[583]     5877.7058
z_host[584]     5739.3066
z_host[585]     6267.2664
z_host[586]     5597.7595
z_host[587]     5243.8208
z_host[588]     6175.0204
z_host[589]     5337.1546
z_host[590]     6125.4332
z_host[591]     4860.7153
z_host[592]     5781.0349
z_host[593]     5908.6638
z_host[594]     5109.6370
z_host[595]     5306.9030
z_host[596]     5687.0445
z_host[597]     6228.9392
z_host[598]     5550.7915
z_host[599]     5600.3423
z_host[600]     2769.4783
z_host[601]     5396.9715
z_host[602]     5238.9016
z_host[603]     5735.0324
z_host[604]     5303.3602
z_host[605]     6457.0256
z_host[606]     5501.9815
z_host[607]     6075.5348
z_host[608]     5646.0342
z_host[609]     6245.0223
z_host[610]     5142.0698
z_host[611]     6318.2777
z_host[612]     5453.3643
z_host[613]     5088.6825
z_host[614]     5704.9311
z_host[615]     5581.0528
z_host[616]     4700.7931
z_host[617]     5311.8180
z_host[618]     5291.3855
z_host[619]     5611.2053
z_host[620]     5446.3893
z_host[621]     5608.9291
z_host[622]     5895.6305
z_host[623]     5465.5038
z_host[624]     6439.5210
z_host[625]     5661.0053
z_host[626]     4613.9897
z_host[627]     5244.9487
z_host[628]     5204.1992
z_host[629]     5111.0656
z_host[630]     5731.2138
z_host[631]     4760.4723
z_host[632]     5517.5274
z_host[633]     5087.6865
z_host[634]     6671.9827
z_host[635]     5582.5488
z_host[636]     5348.3019
z_host[637]     5740.3867
z_host[638]     6082.0357
z_host[639]     4938.2008
z_host[640]     6617.6583
z_host[641]     5756.0527
z_host[642]     5547.1170
z_host[643]     6621.8408
z_host[644]     5966.8102
z_listing[1]    5642.9214
z_listing[2]    5495.3303
z_listing[3]    6644.5780
z_listing[4]    4400.7866
z_listing[5]    6706.6271
z_listing[6]    4635.6757
z_listing[7]    5330.4168
z_listing[8]    5635.3419
z_listing[9]    6438.3411
z_listing[10]   5687.0329
z_listing[11]   5184.8717
z_listing[12]   5310.7918
z_listing[13]   5381.7257
z_listing[14]   5307.2337
z_listing[15]   5566.5707
z_listing[16]   6142.1695
z_listing[17]   5695.3161
z_listing[18]   5183.8717
z_listing[19]   6152.2141
z_listing[20]   4826.8447
z_listing[21]   5382.3274
z_listing[22]   6674.1288
z_listing[23]   5439.3119
z_listing[24]   5572.6977
z_listing[25]   5067.7941
z_listing[26]   6455.5657
z_listing[27]   5496.3968
z_listing[28]   5185.1052
z_listing[29]   5827.2798
z_listing[30]   4715.6478
z_listing[31]   6256.6466
z_listing[32]   7533.5095
z_listing[33]   4796.2717
z_listing[34]   5985.4531
z_listing[35]   5218.0698
z_listing[36]   5266.3710
z_listing[37]   4554.1355
z_listing[38]   5295.6093
z_listing[39]   5818.6618
z_listing[40]   4598.4504
z_listing[41]   4844.0948
z_listing[42]   5374.5138
z_listing[43]   5255.2909
z_listing[44]   5297.8647
z_listing[45]   5604.1273
z_listing[46]   6017.7188
z_listing[47]   6074.8030
z_listing[48]   5152.9805
z_listing[49]   5236.4359
z_listing[50]   5068.3339
z_listing[51]   5213.4009
z_listing[52]   5788.2259
z_listing[53]   5708.7325
z_listing[54]   5394.3888
z_listing[55]   5088.6005
z_listing[56]   5261.2468
z_listing[57]   5170.1172
z_listing[58]   6431.5781
z_listing[59]   5086.4341
z_listing[60]   5856.2333
z_listing[61]   5760.5794
z_listing[62]   4785.2002
z_listing[63]   6045.5339
z_listing[64]   3045.8556
z_listing[65]   5707.9258
z_listing[66]   4967.4346
z_listing[67]   3633.3948
z_listing[68]   5554.6339
z_listing[69]   5155.2852
z_listing[70]   5628.1936
z_listing[71]   5125.5772
z_listing[72]   5389.3145
z_listing[73]   5472.3129
z_listing[74]   5485.1706
z_listing[75]   4420.4772
z_listing[76]   5844.1017
z_listing[77]   6244.3425
z_listing[78]   6202.1221
z_listing[79]   5467.7383
z_listing[80]   5548.3017
z_listing[81]   5237.8643
z_listing[82]   6080.5902
z_listing[83]   6228.3202
z_listing[84]   5602.4087
z_listing[85]   5609.5306
z_listing[86]   6238.6402
z_listing[87]   5151.2325
z_listing[88]   5440.2785
z_listing[89]   5228.4427
z_listing[90]   5359.1323
z_listing[91]   5024.8291
z_listing[92]   5931.1437
z_listing[93]   5054.3828
z_listing[94]   5629.7953
z_listing[95]   5350.2921
z_listing[96]   5955.2987
z_listing[97]   5345.2244
z_listing[98]   5055.9880
z_listing[99]   5819.8986
z_listing[100]  5154.3399
z_listing[101]  5623.5898
z_listing[102]  5829.8571
z_listing[103]  5118.6564
z_listing[104]  4132.4136
z_listing[105]  5225.7814
z_listing[106]  5782.9957
z_listing[107]  5747.3413
z_listing[108]  5566.0664
z_listing[109]  6296.7215
z_listing[110]  5386.6054
z_listing[111]  5149.8160
z_listing[112]  5141.8790
z_listing[113]  5151.6101
z_listing[114]  5731.6024
z_listing[115]  5413.8473
z_listing[116]  5604.7632
z_listing[117]  6376.1490
z_listing[118]  5759.3852
z_listing[119]  5640.5559
z_listing[120]  4946.5014
z_listing[121]  5297.4856
z_listing[122]  5207.4310
z_listing[123]  6118.8278
z_listing[124]  5106.3534
z_listing[125]  5258.0577
z_listing[126]  5777.0313
z_listing[127]  4895.4025
z_listing[128]  5978.8791
z_listing[129]  4598.5730
z_listing[130]  6381.1263
z_listing[131]  4717.3354
z_listing[132]  5005.8766
z_listing[133]  5671.6056
z_listing[134]  6004.3671
z_listing[135]  5045.6295
z_listing[136]  5173.9533
z_listing[137]  4836.6063
z_listing[138]  5613.3795
z_listing[139]  6627.5772
z_listing[140]  5912.8789
z_listing[141]  5495.7865
z_listing[142]  5370.8185
z_listing[143]  5727.8706
z_listing[144]  5829.0310
z_listing[145]  5993.3242
z_listing[146]  6687.1930
z_listing[147]  5125.3153
z_listing[148]  5573.3424
z_listing[149]  6046.7230
z_listing[150]  4982.1825
z_listing[151]  5336.2426
z_listing[152]  5783.2355
z_listing[153]  6995.5811
z_listing[154]  5616.9451
z_listing[155]  5718.7164
z_listing[156]  6120.1945
z_listing[157]  4626.4991
z_listing[158]  5849.6252
z_listing[159]  5772.1335
z_listing[160]  5624.9018
z_listing[161]  4911.5589
z_listing[162]  5496.1961
z_listing[163]  5215.7636
z_listing[164]  5873.3925
z_listing[165]  5584.3917
z_listing[166]  5226.8650
z_listing[167]  5139.2175
z_listing[168]  5368.5056
z_listing[169]  5228.0290
z_listing[170]  6062.1478
z_listing[171]  5842.2382
z_listing[172]  5754.7799
z_listing[173]  5250.1944
z_listing[174]  5075.9694
z_listing[175]  4848.6779
z_listing[176]  5144.4840
z_listing[177]  6255.6162
z_listing[178]  5982.3720
z_listing[179]  5037.9720
z_listing[180]  5661.5887
z_listing[181]  5112.8312
z_listing[182]  7195.0704
z_listing[183]  5552.0328
z_listing[184]  5389.8692
z_listing[185]  5085.0121
z_listing[186]  4759.6304
z_listing[187]  5406.5522
z_listing[188]  6351.1534
z_listing[189]  4601.6142
z_listing[190]  6086.5971
z_listing[191]  6334.5450
z_listing[192]  5888.9309
z_listing[193]  5046.9303
z_listing[194]  5087.5754
z_listing[195]  5706.7931
z_listing[196]  4273.8911
z_listing[197]  6027.3189
z_listing[198]  4982.5446
z_listing[199]  5708.2043
z_listing[200]  5106.7152
z_listing[201]  5859.3376
z_listing[202]  6493.9091
z_listing[203]  5123.4099
z_listing[204]  5642.4297
z_listing[205]  5290.8370
z_listing[206]  5493.9676
z_listing[207]  5247.3478
z_listing[208]  6489.0638
z_listing[209]  5504.1141
z_listing[210]  5383.5299
z_listing[211]  5982.3944
z_listing[212]  6123.5431
z_listing[213]  5458.1254
z_listing[214]  5149.6920
z_listing[215]  5657.1079
z_listing[216]  5867.2534
z_listing[217]  4996.6943
z_listing[218]  5972.7212
z_listing[219]  4803.5737
z_listing[220]  5171.3449
z_listing[221]  6362.2973
z_listing[222]  5228.5820
z_listing[223]  5615.4265
z_listing[224]  5356.8541
z_listing[225]  5474.2017
z_listing[226]  4678.6323
z_listing[227]  5381.9402
z_listing[228]  5554.7741
z_listing[229]  5783.6475
z_listing[230]  5304.4820
z_listing[231]  4423.6073
z_listing[232]  5874.5935
z_listing[233]  5769.6763
z_listing[234]  5450.8420
z_listing[235]  5466.7175
z_listing[236]  5317.2412
z_listing[237]  5691.2372
z_listing[238]  5962.9895
z_listing[239]  4640.6834
z_listing[240]  6351.3315
z_listing[241]  5852.2804
z_listing[242]  5134.3102
z_listing[243]  6261.0586
z_listing[244]  5498.5209
z_listing[245]  5518.4045
z_listing[246]  5242.5081
z_listing[247]  5226.6367
z_listing[248]  5575.9605
z_listing[249]  5495.9651
z_listing[250]  5087.1656
z_listing[251]  6380.2717
z_listing[252]  4722.8049
z_listing[253]  6312.8527
z_listing[254]  5481.6673
z_listing[255]  5368.3510
z_listing[256]  5532.2762
z_listing[257]  5069.8291
z_listing[258]  5560.8432
z_listing[259]  5685.8303
z_listing[260]  5937.5773
z_listing[261]  5179.5441
z_listing[262]  6589.4777
z_listing[263]  5443.1188
z_listing[264]  5334.5635
z_listing[265]  4748.4747
z_listing[266]  5225.8995
z_listing[267]  5248.4993
z_listing[268]  6770.3577
z_listing[269]  5346.4627
z_listing[270]  6240.1507
z_listing[271]  6039.7546
z_listing[272]  5628.1633
z_listing[273]  4890.8017
z_listing[274]  5238.1981
z_listing[275]  6002.5544
z_listing[276]  6241.7321
z_listing[277]  4861.9155
z_listing[278]  5304.9336
z_listing[279]  6215.6719
z_listing[280]  5395.8525
z_listing[281]  5402.9338
z_listing[282]  5751.0731
z_listing[283]  5192.6243
z_listing[284]  5349.1399
z_listing[285]  4329.9938
z_listing[286]  5447.2740
z_listing[287]  6039.5056
z_listing[288]  4993.1475
z_listing[289]  4862.7279
z_listing[290]  5349.3407
z_listing[291]  5439.3990
z_listing[292]  5892.9452
z_listing[293]  4745.7719
z_listing[294]  5532.5447
z_listing[295]  5912.2174
z_listing[296]  5260.8872
z_listing[297]  5340.1335
z_listing[298]  5058.4727
z_listing[299]  6973.1952
z_listing[300]  4754.6949
z_listing[301]  5767.6891
z_listing[302]  5823.9719
z_listing[303]  4486.6358
z_listing[304]  6106.2917
z_listing[305]  5943.5081
z_listing[306]  4903.0475
z_listing[307]  5910.8471
z_listing[308]  5878.2087
z_listing[309]  6078.6447
z_listing[310]  5191.0230
z_listing[311]  4465.5430
z_listing[312]  6053.9849
z_listing[313]  5506.1560
z_listing[314]  5337.2747
z_listing[315]  5760.2302
z_listing[316]  6244.6771
z_listing[317]  5894.4835
z_listing[318]  5609.9115
z_listing[319]  5323.9864
z_listing[320]  5685.1849
z_listing[321]  5031.4478
z_listing[322]  5461.6251
z_listing[323]  4985.1889
z_listing[324]  4910.4982
z_listing[325]  6761.2995
z_listing[326]  5649.9747
z_listing[327]  5406.6392
z_listing[328]  6216.7431
z_listing[329]  6752.1934
z_listing[330]  4852.2490
z_listing[331]  6055.5146
z_listing[332]  4887.2430
z_listing[333]  5797.9985
z_listing[334]  6019.2694
z_listing[335]  5542.4596
z_listing[336]  5676.8605
z_listing[337]  4439.6170
z_listing[338]  4530.2852
z_listing[339]  5364.2791
z_listing[340]  4868.5693
z_listing[341]  5457.1583
z_listing[342]  6001.7653
z_listing[343]  5537.6156
z_listing[344]  5122.3733
z_listing[345]  5679.3913
z_listing[346]  4450.0128
z_listing[347]  5961.7526
z_listing[348]  5801.2990
z_listing[349]  6369.3723
z_listing[350]  5784.9497
z_listing[351]  5190.8349
z_listing[352]  4761.2571
z_listing[353]  5568.9790
z_listing[354]  4547.8654
z_listing[355]  5629.5644
z_listing[356]  5713.4159
z_listing[357]  5688.8191
z_listing[358]  5365.0078
z_listing[359]  5816.9134
z_listing[360]  5771.1636
z_listing[361]  5437.2480
z_listing[362]  5004.1137
z_listing[363]  6246.2729
z_listing[364]  6696.1033
z_listing[365]  6119.1874
z_listing[366]  5358.6732
z_listing[367]  4854.0062
z_listing[368]  5352.2849
z_listing[369]  5135.6269
z_listing[370]  5240.4207
z_listing[371]  6231.7640
z_listing[372]  4662.6122
z_listing[373]  6735.6593
z_listing[374]  5563.0878
z_listing[375]  5434.0804
z_listing[376]  4904.6701
z_listing[377]  5047.6006
z_listing[378]  5411.2399
z_listing[379]  5995.2353
z_listing[380]  4730.4099
z_listing[381]  4597.0771
z_listing[382]  5762.5888
z_listing[383]  5364.0055
z_listing[384]  5628.0034
z_listing[385]  6098.1030
z_listing[386]  5373.9464
z_listing[387]  4722.3454
z_listing[388]  6013.5377
z_listing[389]  5732.2939
z_listing[390]  6048.0409
z_listing[391]  5156.3236
z_listing[392]  5970.9862
z_listing[393]  5533.1121
z_listing[394]  5521.3377
z_listing[395]  5655.3261
z_listing[396]  6444.5787
z_listing[397]  5440.8762
z_listing[398]  6057.8566
z_listing[399]  5122.1234
z_listing[400]  5354.8136
z_listing[401]  6083.5492
z_listing[402]  5772.2200
z_listing[403]  6458.5051
z_listing[404]  5777.9762
z_listing[405]  5564.9130
z_listing[406]  6089.1553
z_listing[407]  6396.0303
z_listing[408]  5720.7889
z_listing[409]  6497.0730
z_listing[410]  5260.5308
z_listing[411]  5835.0259
z_listing[412]  5070.8202
z_listing[413]  4598.1167
z_listing[414]  6392.5849
z_listing[415]  4702.9336
z_listing[416]  5948.0849
z_listing[417]  5808.8050
z_listing[418]  5217.7090
z_listing[419]  5775.1802
z_listing[420]  5460.8356
z_listing[421]  5601.1079
z_listing[422]  5973.8163
z_listing[423]  5970.9639
z_listing[424]  5139.0189
z_listing[425]  4792.6188
z_listing[426]  5415.2409
z_listing[427]  5966.2165
z_listing[428]  5364.6779
z_listing[429]  5812.7459
z_listing[430]  5535.7546
z_listing[431]  5503.6767
z_listing[432]  4976.4322
z_listing[433]  5548.2214
z_listing[434]  6112.5019
z_listing[435]  5238.1697
z_listing[436]  5173.3153
z_listing[437]  4911.6670
z_listing[438]  5664.7482
z_listing[439]  4957.7079
z_listing[440]  5220.6911
z_listing[441]  5673.7138
z_listing[442]  5344.2493
z_listing[443]  5604.1559
z_listing[444]  5561.9521
z_listing[445]  6674.5263
z_listing[446]  5516.8046
z_listing[447]  5269.1631
z_listing[448]  6147.2811
z_listing[449]  5364.2874
z_listing[450]  6091.8414
z_listing[451]  5293.2450
z_listing[452]  5574.7669
z_listing[453]  6182.9684
z_listing[454]  5808.2604
z_listing[455]  6672.8364
z_listing[456]  5195.7355
z_listing[457]  5285.2350
z_listing[458]  6091.8790
z_listing[459]  5262.0024
z_listing[460]  5337.6289
z_listing[461]  6223.6603
z_listing[462]  5351.5562
z_listing[463]  5019.3505
z_listing[464]  5138.8201
z_listing[465]  6515.9937
z_listing[466]  5803.9194
z_listing[467]  5522.8350
z_listing[468]  5347.8507
z_listing[469]  5342.1111
z_listing[470]  6484.7608
z_listing[471]  6575.4764
z_listing[472]  5749.3603
z_listing[473]  4922.8736
z_listing[474]  4816.6411
z_listing[475]  5810.1055
z_listing[476]  5535.4603
z_listing[477]  5606.7268
z_listing[478]  5712.3416
z_listing[479]  5961.8517
z_listing[480]  6370.8719
z_listing[481]  6838.8451
z_listing[482]  5698.0789
z_listing[483]  5654.2581
z_listing[484]  5622.8340
z_listing[485]  5390.3417
z_listing[486]  5671.5769
z_listing[487]  5383.4387
z_listing[488]  5605.9138
z_listing[489]  5598.2819
z_listing[490]  5654.0468
z_listing[491]  5570.4092
z_listing[492]  4904.9314
z_listing[493]  5517.8886
z_listing[494]  5444.4748
z_listing[495]  6239.4666
z_listing[496]  5633.3547
z_listing[497]  5705.6412
z_listing[498]  5753.3696
z_listing[499]  5327.3566
z_listing[500]  6155.1167
z_listing[501]  6090.6802
z_listing[502]  6289.0565
z_listing[503]  5395.6283
z_listing[504]  4920.9850
z_listing[505]  6112.2342
z_listing[506]  6973.8022
z_listing[507]  6465.2269
z_listing[508]  5925.3400
z_listing[509]  6289.6713
z_listing[510]  5365.2011
z_listing[511]  5424.3068
z_listing[512]  5282.5530
z_listing[513]  7145.7859
z_listing[514]  6441.6166
z_listing[515]  5341.5156
z_listing[516]  6171.7861
z_listing[517]  6325.9243
z_listing[518]  5571.8390
z_listing[519]  6263.2165
z_listing[520]  4956.6349
z_listing[521]  5267.2908
z_listing[522]  5434.8929
z_listing[523]  5940.3579
z_listing[524]  5993.9366
z_listing[525]  5852.7501
z_listing[526]  5464.6229
z_listing[527]  5453.8206
z_listing[528]  5010.4796
z_listing[529]  4925.3087
z_listing[530]  6035.1351
z_listing[531]  5137.4969
z_listing[532]  5426.2322
z_listing[533]  5751.1290
z_listing[534]  5632.4785
z_listing[535]  4806.5765
z_listing[536]  5552.9159
z_listing[537]  5459.3660
z_listing[538]  6125.4319
z_listing[539]  5877.9335
z_listing[540]  5072.2900
z_listing[541]  4981.7442
z_listing[542]  5142.4925
z_listing[543]  6443.7704
z_listing[544]  7159.9755
z_listing[545]  4948.8519
z_listing[546]  5517.5232
z_listing[547]  5487.3663
z_listing[548]  5256.0868
z_listing[549]  4636.1739
z_listing[550]  5057.9169
z_listing[551]  5433.3006
z_listing[552]  5921.9442
z_listing[553]  6060.0328
z_listing[554]  5884.7141
z_listing[555]  5671.4911
z_listing[556]  6165.4067
z_listing[557]  5732.7899
z_listing[558]  5906.3178
z_listing[559]  5892.4002
z_listing[560]  4601.7554
z_listing[561]  6207.3558
z_listing[562]  5694.7911
z_listing[563]  4872.4672
z_listing[564]  5506.2942
z_listing[565]  5326.3312
z_listing[566]  6158.8502
z_listing[567]  5242.1216
z_listing[568]  5439.1925
z_listing[569]  5737.3001
z_listing[570]  6251.3463
z_listing[571]  5045.5695
z_listing[572]  5661.6748
z_listing[573]  6281.9857
z_listing[574]  5673.5467
z_listing[575]  6324.0346
z_listing[576]  6655.4086
z_listing[577]  6785.8171
z_listing[578]  4808.7483
z_listing[579]  6304.9571
z_listing[580]  5326.6856
z_listing[581]  6283.4901
z_listing[582]  4939.8832
z_listing[583]  6156.8000
z_listing[584]  5186.9916
z_listing[585]  4984.7097
z_listing[586]  4244.1189
z_listing[587]  6719.9373
z_listing[588]  5501.6780
z_listing[589]  4632.2322
z_listing[590]  4893.1834
z_listing[591]  5011.7864
z_listing[592]  5715.2677
z_listing[593]  6089.1567
z_listing[594]  5542.0552
z_listing[595]  6102.7715
z_listing[596]  4979.8184
z_listing[597]  5723.8755
z_listing[598]  5696.7278
z_listing[599]  5257.9190
z_listing[600]  5396.4455
z_listing[601]  5461.6273
z_listing[602]  6014.0949
z_listing[603]  4967.2439
z_listing[604]  6091.4080
z_listing[605]  4383.5651
z_listing[606]  7043.3031
z_listing[607]  5753.1584
z_listing[608]  6691.6423
z_listing[609]  5675.0483
z_listing[610]  5597.4201
z_listing[611]  5027.8942
z_listing[612]  5727.6231
z_listing[613]  6056.3387
z_listing[614]  6386.7409
z_listing[615]  6488.0353
z_listing[616]  6172.4532
z_listing[617]  5452.5301
z_listing[618]  5364.5197
z_listing[619]  4959.6448
z_listing[620]  5626.2057
z_listing[621]  6683.0269
z_listing[622]  3834.2979
z_listing[623]  5055.8084
z_listing[624]  5894.1283
z_listing[625]  5519.8460
z_listing[626]  5480.7051
z_listing[627]  5492.1718
z_listing[628]  5432.2812
z_listing[629]  6284.5169
z_listing[630]  5690.1009
z_listing[631]  5407.9500
z_listing[632]  4682.7459
z_listing[633]  5223.2069
z_listing[634]  5285.5941
z_listing[635]  5119.2199
z_listing[636]  5900.4711
z_listing[637]  5882.9359
z_listing[638]  5517.0335
z_listing[639]  5233.8348
z_listing[640]  5595.8531
z_listing[641]  6201.3441
z_listing[642]  5234.9077
z_listing[643]  5484.8067
z_listing[644]  5763.4816
z_listing[645]  5202.2928
z_listing[646]  4804.8853
z_listing[647]  6795.8181
z_listing[648]  6062.9962
z_listing[649]  5519.7318
z_listing[650]  5294.3702
z_listing[651]  5328.8801
z_listing[652]  6165.2141
z_listing[653]  5869.0882
z_listing[654]  5725.4093
z_listing[655]  5395.4055
z_listing[656]  5628.6250
z_listing[657]  6173.4162
z_listing[658]  5329.8536
z_listing[659]  5578.5452
z_listing[660]  5576.7443
z_listing[661]  5287.3907
z_listing[662]  6214.0810
z_listing[663]  6135.2145
z_listing[664]  5642.4800
z_listing[665]  5482.4203
z_listing[666]  5197.4318
z_listing[667]  5094.3742
z_listing[668]  5739.4960
z_listing[669]  5177.2942
z_listing[670]  5636.3026
z_listing[671]  5671.3727
z_listing[672]  2218.4620
z_listing[673]  5849.4303
z_listing[674]  6442.6995
z_listing[675]  6533.9258
z_listing[676]  5521.2541
z_listing[677]  8027.8521
z_listing[678]  6165.7017
z_listing[679]  4332.9054
z_listing[680]  6065.0830
z_listing[681]  5468.2306
z_listing[682]  5244.9780
z_listing[683]  5196.1003
z_listing[684]  6573.3024
z_listing[685]  6098.2974
z_listing[686]  6155.2107
z_listing[687]  5691.9452
z_listing[688]  5174.4621
z_listing[689]  5058.1169
z_listing[690]  6313.4301
z_listing[691]  5542.7763
z_listing[692]  4783.3117
z_listing[693]  5489.0492
z_listing[694]  6117.9665
z_listing[695]  6748.1899
z_listing[696]  4737.2014
z_listing[697]  5568.4877
z_listing[698]  7251.7485
z_listing[699]  5726.6528
z_listing[700]  5555.9032
z_listing[701]  6006.0106
z_listing[702]  5985.1559
z_listing[703]  6008.5647
z_listing[704]  6589.3968
z_listing[705]  5155.8743
z_listing[706]  5130.1754
z_listing[707]  5628.7303
z_listing[708]  5440.0297
z_listing[709]  4894.4302
z_listing[710]  5437.9695
z_listing[711]  5836.6850
z_listing[712]  5971.1159
z_listing[713]  5736.5760
z_listing[714]  5749.1385
z_listing[715]  5417.1632
z_listing[716]  5248.1544
z_listing[717]  5393.2778
z_listing[718]  5123.3774
z_listing[719]  5603.3653
z_listing[720]  6382.9490
z_listing[721]  5922.2085
z_listing[722]  6391.3118
z_listing[723]  4855.6153
z_listing[724]  5867.7812
z_listing[725]  5815.7344
z_listing[726]  5728.6731
z_listing[727]  5826.6196
z_listing[728]  5169.3953
z_listing[729]  6148.3091
z_listing[730]  5588.7936
z_listing[731]  5487.2682
z_listing[732]  4933.6472
z_listing[733]  6070.1185
z_listing[734]  5373.2669
z_listing[735]  5272.7171
z_listing[736]  4721.3611
z_listing[737]  5827.0350
z_listing[738]  5430.0844
z_listing[739]  5916.3276
z_listing[740]  6085.0559
z_listing[741]  4770.7745
z_listing[742]  5964.4261
z_listing[743]  5380.8113
z_listing[744]  5054.8679
z_listing[745]  5999.9442
z_listing[746]  5352.2910
z_listing[747]  5869.5430
z_listing[748]  5400.7457
z_listing[749]  5370.2737
z_listing[750]  6080.2513
z_listing[751]  5816.4659
z_listing[752]  5209.0840
z_listing[753]  5996.4020
z_listing[754]  5741.7485
z_listing[755]  5020.5242
z_listing[756]  5661.3930
z_listing[757]  5359.5552
z_listing[758]  5365.2157
z_listing[759]  5870.8068
z_listing[760]  5660.8024
z_listing[761]  4788.8737
z_listing[762]  4438.6729
z_listing[763]  5135.7661
z_listing[764]  5733.3806
z_listing[765]  5957.8258
z_listing[766]  5348.1480
z_listing[767]  5515.9226
z_listing[768]  5838.3349
z_listing[769]  5078.3177
z_listing[770]  4907.5610
z_listing[771]  5409.9916
z_listing[772]  5744.1667
z_listing[773]  5260.0404
z_listing[774]  5958.0491
z_listing[775]  6164.4020
z_listing[776]  7325.5458
z_listing[777]  4984.9930
z_listing[778]  5199.1414
z_listing[779]  4500.1082
z_listing[780]  5551.8024
z_listing[781]  5330.4355
z_listing[782]  5329.2618
z_listing[783]  5301.3790
z_listing[784]  4941.9449
z_listing[785]  5701.7302
z_listing[786]  4875.4713
z_listing[787]  5175.1781
z_listing[788]  5352.5361
z_listing[789]  5547.1557
z_listing[790]  5813.8447
z_listing[791]  5922.1419
z_listing[792]  5641.8711
z_listing[793]  5440.5922
z_listing[794]  6365.3635
z_listing[795]  6279.0092
z_listing[796]  5253.0321
z_listing[797]  5108.6042
z_listing[798]  5215.3455
z_listing[799]  5049.2155
z_listing[800]  4834.0572
z_listing[801]  5388.0561
z_listing[802]  4672.2630
z_listing[803]  6100.0669
z_listing[804]  5410.9140
z_listing[805]  5437.4548
z_listing[806]  6169.5206
z_listing[807]  5854.4546
z_listing[808]  5452.1216
z_listing[809]  5788.6607
z_listing[810]  6331.4711
z_listing[811]  6007.5573
z_listing[812]  5543.4306
z_listing[813]  5347.4313
z_listing[814]  4678.4305
z_listing[815]  6365.3998
z_listing[816]  5403.4897
z_listing[817]  4807.6926
z_listing[818]  6058.1757
z_listing[819]  4381.1618
z_listing[820]  5516.1395
z_listing[821]  5266.3000
z_listing[822]  5513.9291
z_listing[823]  5764.3583
z_listing[824]  5071.6483
z_listing[825]  5369.6957
z_listing[826]  5402.6637
z_listing[827]  4938.3137
z_listing[828]  5066.5739
z_listing[829]  5106.7861
z_listing[830]  6435.9575
z_listing[831]  5523.0006
z_listing[832]  6598.7960
z_listing[833]  5631.1442
z_listing[834]  5927.3794
z_listing[835]  5369.0827
z_listing[836]  5556.3028
z_listing[837]  5253.3090
z_listing[838]  5317.6515
z_listing[839]  5828.0224
z_listing[840]  6639.9379
z_listing[841]  5514.4927
z_listing[842]  6459.2257
z_listing[843]  5327.1168
z_listing[844]  6090.7160
z_listing[845]  4459.2997
z_listing[846]  6188.5076
z_listing[847]  5308.1051
z_listing[848]  5442.9762
z_listing[849]  6000.1031
z_listing[850]  6498.5068
z_listing[851]  5260.4124
z_listing[852]  5828.1578
z_listing[853]  5473.1053
z_listing[854]  6046.9900
z_listing[855]  5140.7014
z_listing[856]  5474.1510
z_listing[857]  4935.8031
z_listing[858]  4844.0696
z_listing[859]  4810.7828
z_listing[860]  5500.6362
z_listing[861]  4936.1435
z_listing[862]  5418.7356
z_listing[863]  5577.2554
z_listing[864]  4818.4553
z_listing[865]  5300.4530
z_listing[866]  5453.1437
z_listing[867]  5137.2873
z_listing[868]  5058.0351
z_listing[869]  5799.6015
z_listing[870]  6328.9531
z_listing[871]  5413.2875
z_listing[872]  5771.4020
z_listing[873]  5410.1662
z_listing[874]  4958.1684
z_listing[875]  5242.2909
z_listing[876]  5636.6900
z_listing[877]  5841.5447
z_listing[878]  5229.7673
z_listing[879]  4797.6725
z_listing[880]  5574.9063
z_listing[881]  4885.4546
z_listing[882]  5238.2310
z_listing[883]  5948.6736
z_listing[884]  5547.5861
z_listing[885]  6382.0911
z_listing[886]  5339.0021
z_listing[887]  5918.2139
z_listing[888]  5111.2169
z_listing[889]  5777.7496
z_listing[890]  5222.3401
z_listing[891]  6616.1007
z_listing[892]  4966.7294
z_listing[893]  5365.0025
z_listing[894]  4726.8020
z_listing[895]  5812.8116
z_listing[896]  6346.8881
z_listing[897]  5101.4445
z_listing[898]  5145.2357
z_listing[899]  5493.4643
z_listing[900]  5551.2473
z_listing[901]  5629.0563
z_listing[902]  5717.9994
z_listing[903]  5695.4598
z_listing[904]  5064.5271
z_listing[905]  5246.1630
z_listing[906]  5014.5427
z_listing[907]  5677.8636
z_listing[908]  5467.1244
z_listing[909]  5105.3036
z_listing[910]  4703.8775
z_listing[911]  5041.3268
z_listing[912]  4916.1746
z_listing[913]  5600.2856
z_listing[914]  6103.4178
z_listing[915]  6561.2547
z_listing[916]  5578.6126
z_listing[917]  3845.5732
z_listing[918]  5459.5958
z_listing[919]  5797.0545
z_listing[920]  5667.2458
z_listing[921]  4296.5800
z_listing[922]  5581.7858
z_listing[923]  5143.6961
z_listing[924]  5716.3099
z_listing[925]  5446.1429
z_listing[926]  4685.0735
z_listing[927]  6150.8872
z_listing[928]  4828.0127
z_listing[929]  6258.1640
z_listing[930]  5764.3918
z_listing[931]  5903.2508
z_listing[932]  4696.9143
z_listing[933]  5411.5562
z_listing[934]  5496.0475
z_listing[935]  5784.4768
z_listing[936]  6781.1769
z_listing[937]  4664.9558
z_listing[938]  4528.7251
z_listing[939]  5208.5008
z_listing[940]  5968.8353
z_listing[941]  6497.2025
z_listing[942]  5763.0499
z_listing[943]  5999.7564
z_listing[944]  5519.3620
z_listing[945]  4751.2102
z_listing[946]  5180.4666
z_listing[947]  5612.3473
z_listing[948]  5065.4211
z_listing[949]  6439.0347
z_listing[950]  4848.5254
z_listing[951]  4972.9226
z_listing[952]  5722.7841
z_listing[953]  4073.0723
z_listing[954]  4853.8978
z_listing[955]  5409.0014
z_listing[956]  5691.8144
z_listing[957]  4898.5605
z_listing[958]  6382.3551
z_listing[959]  5952.3984
z_listing[960]  4979.9032
z_listing[961]  5514.7048
z_listing[962]  4895.3375
z_listing[963]  6210.6636
z_listing[964]  5077.5843
z_listing[965]  2358.4296
z_listing[966]  5145.4861
z_listing[967]  5563.6658
z_listing[968]  6101.4735
z_listing[969]  5016.1725
z_listing[970]  6450.8282
z_listing[971]  6332.5347
z_listing[972]  5509.2715
z_listing[973]  5418.4332
z_listing[974]  5411.3979
z_listing[975]  5682.9476
z_listing[976]  5106.2614
z_listing[977]  5465.6163
z_listing[978]  5071.9605
z_listing[979]  5167.0165
z_listing[980]  6420.2500
z_listing[981]  5881.5287
z_listing[982]  5336.3504
z_listing[983]  5858.6302
z_listing[984]  4497.5645
z_listing[985]  6006.1475
z_listing[986]  5961.4451
z_listing[987]  5048.2439
z_listing[988]  5905.5028
z_listing[989]  5197.2073
z_listing[990]  4988.7215
z_listing[991]  6161.9307
z_listing[992]  4519.7642
z_listing[993]  5940.6498
z_listing[994]  5646.5655
z_listing[995]  4808.7579
z_listing[996]  3831.5435
z_listing[997]  3901.4585
z_listing[998]  4948.8148
z_listing[999]  5983.6937
z_listing[1000] 5551.9722
z_listing[1001] 4943.2811
z_listing[1002] 4674.3393
z_listing[1003] 5538.6144
z_listing[1004] 3978.6107
z_listing[1005] 6372.1376
z_listing[1006] 5104.8979
z_listing[1007] 4748.7380
z_listing[1008] 4667.0768
z_listing[1009] 5748.9686
z_listing[1010] 5609.5671
z_listing[1011] 6591.9886
z_listing[1012] 5775.7039
z_listing[1013] 4509.7328
z_listing[1014] 7714.9073
z_listing[1015] 6040.6258
z_listing[1016] 5341.2046
z_listing[1017] 5749.0784
z_listing[1018] 6468.8501
z_listing[1019] 5407.9614
z_listing[1020] 6049.9826
z_listing[1021] 6090.1056
z_listing[1022] 6243.1566
z_listing[1023] 6210.6189
z_listing[1024] 4948.0766
z_listing[1025] 5479.3200
z_listing[1026] 5163.1227
z_listing[1027] 5490.1665
z_listing[1028] 5991.9435
z_listing[1029] 5129.2065
z_listing[1030] 5396.3976
z_listing[1031] 5896.2159
z_listing[1032] 5824.5876
z_listing[1033] 6091.2890
z_listing[1034] 5919.2631
z_listing[1035] 5044.6317
z_listing[1036] 4845.3881
z_listing[1037] 5839.5157
z_listing[1038] 5056.2766
z_listing[1039] 5593.0599
z_listing[1040] 4666.1228
z_listing[1041] 5333.6012
z_listing[1042] 5742.9047
z_listing[1043] 5368.1794
z_listing[1044] 5204.1513
z_listing[1045] 5981.0909
z_listing[1046] 5820.7959
z_listing[1047] 5552.1626
z_listing[1048] 5770.1068
z_listing[1049] 4775.1795
z_listing[1050] 6033.0367
z_listing[1051] 6340.5643
z_listing[1052] 5329.7209
z_listing[1053] 5936.0134
z_listing[1054] 5453.9463
z_listing[1055] 5150.6791
z_listing[1056] 4674.0248
z_listing[1057] 6053.9221
z_listing[1058] 5595.2649
z_listing[1059] 5555.9337
z_listing[1060] 5602.7269
z_listing[1061] 5024.6879
z_listing[1062] 5115.8373
z_listing[1063] 5803.1601
z_listing[1064] 6123.6868
z_listing[1065] 4176.2897
z_listing[1066] 5922.8567
z_listing[1067] 5938.4608
z_listing[1068] 4980.5195
z_listing[1069] 5851.6112
z_listing[1070] 5035.7440
z_listing[1071] 4973.3097
z_listing[1072] 6686.0396
z_listing[1073] 5471.4485
z_listing[1074] 4949.1816
z_listing[1075] 5667.7631
z_listing[1076] 5209.0979
z_listing[1077] 4854.4631
z_listing[1078] 5693.9818
z_listing[1079] 6346.7712
z_listing[1080] 6219.2491
z_listing[1081] 5973.6438
z_listing[1082] 6000.7918
z_listing[1083] 5304.5041
z_listing[1084] 6210.2845
z_listing[1085] 5421.4011
z_listing[1086] 5458.8501
z_listing[1087] 5487.5496
z_listing[1088] 5662.2105
z_listing[1089] 5227.3609
z_listing[1090] 5212.6327
z_listing[1091] 5360.7558
z_listing[1092] 5554.6120
z_listing[1093] 5829.5932
z_listing[1094] 5971.1116
z_listing[1095] 5174.1168
z_listing[1096] 4685.4275
z_listing[1097] 6294.0658
z_listing[1098] 5555.2120
z_listing[1099] 5036.2756
z_listing[1100] 5237.9660
z_listing[1101] 5542.3470
z_listing[1102] 5911.5263
z_listing[1103] 4940.2201
z_listing[1104] 5978.9344
z_listing[1105] 5753.0373
z_listing[1106] 5228.2943
z_listing[1107] 5359.4040
z_listing[1108] 4883.6822
z_listing[1109] 5345.4701
z_listing[1110] 5761.0273
z_listing[1111] 6164.8493
z_listing[1112] 5682.7001
z_listing[1113] 4846.5854
z_listing[1114] 5060.6203
z_listing[1115] 6482.9245
z_listing[1116] 8224.9768
z_listing[1117] 5879.5611
z_listing[1118] 6013.7342
z_listing[1119] 5849.5324
z_listing[1120] 5231.4602
z_listing[1121] 7368.9828
z_listing[1122] 5925.9404
z_listing[1123] 5773.3900
z_listing[1124] 5547.0813
z_listing[1125] 5369.3430
z_listing[1126] 4808.7522
z_listing[1127] 5521.4277
z_listing[1128] 5534.8415
z_listing[1129] 4815.5289
z_listing[1130] 5951.1888
z_listing[1131] 6300.2229
z_listing[1132] 5757.9870
z_listing[1133] 5614.7146
z_listing[1134] 4898.6566
z_listing[1135] 5858.3843
z_listing[1136] 5548.8746
z_listing[1137] 4815.2258
z_listing[1138] 4766.2413
z_listing[1139] 5430.6159
z_listing[1140] 3176.1522
z_listing[1141] 4846.0542
z_listing[1142] 4916.6873
z_listing[1143] 4642.5792
z_listing[1144] 5998.5936
z_listing[1145] 5557.3454
z_listing[1146] 4984.8403
z_listing[1147] 5441.4079
z_listing[1148] 5693.8037
z_listing[1149] 4901.4676
z_listing[1150] 4644.6228
z_listing[1151] 5754.6198
z_listing[1152] 5954.2379
z_listing[1153] 5944.5242
z_listing[1154] 5976.5739
z_listing[1155] 5908.2203
z_listing[1156] 5772.3098
z_listing[1157] 6317.1993
z_listing[1158] 5693.6653
z_listing[1159] 5881.4989
z_listing[1160] 5395.7428
z_listing[1161] 5329.0763
z_listing[1162] 5314.2767
z_listing[1163] 5338.8181
z_listing[1164] 5019.7020
z_listing[1165] 5670.0982
z_listing[1166] 5177.0194
z_listing[1167] 5782.5839
z_listing[1168] 5571.0754
z_listing[1169] 5835.2350
z_listing[1170] 6599.1762
z_listing[1171] 5480.2022
z_listing[1172] 5158.3781
z_listing[1173] 5532.6278
z_listing[1174] 4804.3671
z_listing[1175] 5434.4390
z_listing[1176] 5768.3286
z_listing[1177] 6304.2339
z_listing[1178] 5651.6941
z_listing[1179] 6202.1773
z_listing[1180] 5863.9948
z_listing[1181] 6111.4227
z_listing[1182] 4846.6613
z_listing[1183] 6122.1455
z_listing[1184] 5317.0584
z_listing[1185] 5269.8293
z_listing[1186] 4778.4143
z_listing[1187] 5938.3170
z_listing[1188] 4258.6094
z_listing[1189] 6791.6070
z_listing[1190] 5444.7332
z_listing[1191] 6618.9330
z_listing[1192] 6061.4124
z_listing[1193] 4986.1526
z_listing[1194] 5297.5258
z_listing[1195] 6512.7768
z_listing[1196] 5259.8874
z_listing[1197] 5649.9244
z_listing[1198] 5258.7962
z_listing[1199] 4920.0576
z_listing[1200] 4754.8589
a_bar           1994.2488
b_rev           1226.9962
sigma_host       927.4881
sigma_listing    492.1218
sigma           2494.5953
a_listing[1]    5914.0149
a_listing[2]    4968.1339
a_listing[3]    6046.5989
a_listing[4]    4087.5100
a_listing[5]    5426.3905
a_listing[6]    4208.6321
a_listing[7]    4852.8067
a_listing[8]    4858.9571
a_listing[9]    5339.8762
a_listing[10]   5268.4570
a_listing[11]   5383.3956
a_listing[12]   5332.5365
a_listing[13]   5088.6658
a_listing[14]   4817.6916
a_listing[15]   4984.7783
a_listing[16]   4781.1900
a_listing[17]   4669.7491
a_listing[18]   5069.1988
a_listing[19]   5656.3023
a_listing[20]   4146.5151
a_listing[21]   4477.5440
a_listing[22]   5599.8291
a_listing[23]   4571.2705
a_listing[24]   5314.2490
a_listing[25]   4656.5654
a_listing[26]   5802.5864
a_listing[27]   6088.6606
a_listing[28]   4378.4788
a_listing[29]   5025.4802
a_listing[30]   3944.5551
a_listing[31]   5104.4246
a_listing[32]   6521.5291
a_listing[33]   4401.4069
a_listing[34]   5532.1877
a_listing[35]   4804.9838
a_listing[36]   4533.9155
a_listing[37]   4612.1554
a_listing[38]   4749.5034
a_listing[39]   5266.1982
a_listing[40]   4466.6810
a_listing[41]   4315.3202
a_listing[42]   4712.8797
a_listing[43]   4330.4212
a_listing[44]   4620.7694
a_listing[45]   5194.8756
a_listing[46]   5482.9024
a_listing[47]   5085.6224
a_listing[48]   4741.8356
a_listing[49]   5121.1624
a_listing[50]   3945.2808
a_listing[51]   4900.1528
a_listing[52]   4919.4462
a_listing[53]   4641.6798
a_listing[54]   4823.2524
a_listing[55]   4269.3458
a_listing[56]   5057.9632
a_listing[57]   5223.3910
a_listing[58]   6018.0583
a_listing[59]   5011.4108
a_listing[60]   4945.8414
a_listing[61]   4898.8207
a_listing[62]   4617.7181
a_listing[63]   5093.9127
a_listing[64]   1924.9757
a_listing[65]   4444.6811
a_listing[66]   4183.0784
a_listing[67]   2028.8763
a_listing[68]   5016.0211
a_listing[69]   4782.5932
a_listing[70]   4394.0062
a_listing[71]   4601.5304
a_listing[72]   4983.2119
a_listing[73]   4410.2376
a_listing[74]   5417.5030
a_listing[75]   4570.5933
a_listing[76]   5480.0244
a_listing[77]   5377.7028
a_listing[78]   5342.2657
a_listing[79]   5220.8341
a_listing[80]   4791.8088
a_listing[81]   4079.2329
a_listing[82]   5215.8634
a_listing[83]   5526.4259
a_listing[84]   4820.0558
a_listing[85]   5072.9010
a_listing[86]   5588.6709
a_listing[87]   4502.1524
a_listing[88]   4739.1441
a_listing[89]   5168.6958
a_listing[90]   4388.2496
a_listing[91]   4704.8097
a_listing[92]   5155.0443
a_listing[93]   4799.5047
a_listing[94]   5003.7460
a_listing[95]   4964.6284
a_listing[96]   5201.1281
a_listing[97]   5066.4518
a_listing[98]   4232.4935
a_listing[99]   5214.5440
a_listing[100]  4915.8303
a_listing[101]  4818.7090
a_listing[102]  4499.0561
a_listing[103]  4409.6059
a_listing[104]  3181.3931
a_listing[105]  5038.2192
a_listing[106]  4622.9194
a_listing[107]  5049.4384
a_listing[108]  5332.3061
a_listing[109]  5129.3563
a_listing[110]  4829.9447
a_listing[111]  4579.4818
a_listing[112]  4804.8223
a_listing[113]  4594.2289
a_listing[114]  5240.7374
a_listing[115]  5070.7212
a_listing[116]  5319.0254
a_listing[117]  5895.2556
a_listing[118]  5427.7968
a_listing[119]  5741.2418
a_listing[120]  4444.9031
a_listing[121]  4875.4147
a_listing[122]  4574.6923
a_listing[123]  5699.9590
a_listing[124]  4675.6884
a_listing[125]  4447.6275
a_listing[126]  4832.6115
a_listing[127]  4074.3755
a_listing[128]  4958.4543
a_listing[129]  4459.4022
a_listing[130]  5818.7364
a_listing[131]  3939.6825
a_listing[132]  5071.9988
a_listing[133]  4204.8693
a_listing[134]  5006.1865
a_listing[135]  4419.8407
a_listing[136]  5059.7451
a_listing[137]  4593.2884
a_listing[138]  4588.1413
a_listing[139]  6141.3948
a_listing[140]  5505.7353
a_listing[141]  4976.9136
a_listing[142]  5217.6746
a_listing[143]  5344.2338
a_listing[144]  4854.9809
a_listing[145]  5129.2177
a_listing[146]  5124.7215
a_listing[147]  4965.3325
a_listing[148]  4641.5802
a_listing[149]  5458.9600
a_listing[150]  4624.7517
a_listing[151]  4381.9626
a_listing[152]  5287.3350
a_listing[153]  5970.5887
a_listing[154]  5079.9194
a_listing[155]  5486.5530
a_listing[156]  5431.7989
a_listing[157]  3896.6135
a_listing[158]  5248.0352
a_listing[159]  5214.6714
a_listing[160]  5453.2338
a_listing[161]  4336.7761
a_listing[162]  5137.8304
a_listing[163]  4783.3454
a_listing[164]  5303.2786
a_listing[165]  5244.0773
a_listing[166]  4685.9566
a_listing[167]  4585.9565
a_listing[168]  4808.6075
a_listing[169]  4222.2349
a_listing[170]  5486.7415
a_listing[171]  4658.9445
a_listing[172]  4571.7252
a_listing[173]  4428.9474
a_listing[174]  4260.2794
a_listing[175]  4261.4548
a_listing[176]  4707.2800
a_listing[177]  5432.5429
a_listing[178]  5575.2193
a_listing[179]  4591.6682
a_listing[180]  4454.3813
a_listing[181]  4441.4431
a_listing[182]  6516.5765
a_listing[183]  5560.1274
a_listing[184]  4211.1586
a_listing[185]  4478.9058
a_listing[186]  4021.1377
a_listing[187]  4954.2193
a_listing[188]  5949.1972
a_listing[189]  4319.2477
a_listing[190]  5870.3868
a_listing[191]  5641.2378
a_listing[192]  5251.2572
a_listing[193]  4526.0620
a_listing[194]  4457.2321
a_listing[195]  5307.7945
a_listing[196]  3771.6282
a_listing[197]  5413.9956
a_listing[198]  4529.5878
a_listing[199]  5107.4430
a_listing[200]  4357.3723
a_listing[201]  5297.0988
a_listing[202]  5101.9849
a_listing[203]  4642.3236
a_listing[204]  5359.3285
a_listing[205]  4449.4806
a_listing[206]  5193.4504
a_listing[207]  4268.5355
a_listing[208]  5566.4976
a_listing[209]  5115.6579
a_listing[210]  4720.7478
a_listing[211]  5205.4359
a_listing[212]  5499.2776
a_listing[213]  4918.4683
a_listing[214]  4503.7945
a_listing[215]  5065.1601
a_listing[216]  4503.7898
a_listing[217]  4248.0436
a_listing[218]  5170.0670
a_listing[219]  4425.2306
a_listing[220]  4099.0523
a_listing[221]  5828.6521
a_listing[222]  4729.0363
a_listing[223]  4994.2058
a_listing[224]  4582.5382
a_listing[225]  4494.7120
a_listing[226]  4382.9284
a_listing[227]  4665.1790
a_listing[228]  4829.0089
a_listing[229]  5128.1625
a_listing[230]  4609.4362
a_listing[231]  2711.5855
a_listing[232]  4326.3534
a_listing[233]  5085.1150
a_listing[234]  4773.0282
a_listing[235]  5021.6762
a_listing[236]  4920.6853
a_listing[237]  5186.5882
a_listing[238]  5267.4226
a_listing[239]  4614.5077
a_listing[240]  6008.9698
a_listing[241]  5671.9270
a_listing[242]  5166.5033
a_listing[243]  5871.2666
a_listing[244]  4411.7643
a_listing[245]  4675.8026
a_listing[246]  4449.6264
a_listing[247]  4628.0197
a_listing[248]  4806.7805
a_listing[249]  5895.6568
a_listing[250]  4674.9080
a_listing[251]  5040.1392
a_listing[252]  4525.9408
a_listing[253]  5568.9597
a_listing[254]  5120.5978
a_listing[255]  4576.3191
a_listing[256]  4946.3959
a_listing[257]  4586.6412
a_listing[258]  5090.7196
a_listing[259]  5393.4762
a_listing[260]  5279.3117
a_listing[261]  4827.1714
a_listing[262]  5227.0028
a_listing[263]  4808.0511
a_listing[264]  5020.1826
a_listing[265]  4306.2969
a_listing[266]  4500.6106
a_listing[267]  4696.2349
a_listing[268]  6072.0392
a_listing[269]  5224.8020
a_listing[270]  5763.6758
a_listing[271]  5747.6575
a_listing[272]  4948.3987
a_listing[273]  4803.0924
a_listing[274]  4844.5008
a_listing[275]  5010.6739
a_listing[276]  5554.2303
a_listing[277]  4822.6087
a_listing[278]  5074.0049
a_listing[279]  5534.2399
a_listing[280]  5387.6899
a_listing[281]  4617.0295
a_listing[282]  4898.7363
a_listing[283]  4979.4010
a_listing[284]  4818.3151
a_listing[285]  3714.0206
a_listing[286]  5027.4357
a_listing[287]  5726.5767
a_listing[288]  4016.9403
a_listing[289]  4135.3430
a_listing[290]  4821.6599
a_listing[291]  4875.9205
a_listing[292]  5147.2764
a_listing[293]  4534.8048
a_listing[294]  4953.4869
a_listing[295]  5356.4607
a_listing[296]  4645.0322
a_listing[297]  4960.8754
a_listing[298]  4534.9804
a_listing[299]  6179.6422
a_listing[300]  4670.8409
a_listing[301]  4759.0126
a_listing[302]  4941.7229
a_listing[303]  4183.8456
a_listing[304]  6035.0917
a_listing[305]  5791.4946
a_listing[306]  3963.9888
a_listing[307]  6310.5825
a_listing[308]  5576.4549
a_listing[309]  5559.1691
a_listing[310]  4570.2595
a_listing[311]  3754.1452
a_listing[312]  4815.1902
a_listing[313]  5032.7233
a_listing[314]  4845.8869
a_listing[315]  5309.5216
a_listing[316]  5927.2834
a_listing[317]  5368.5199
a_listing[318]  4971.0716
a_listing[319]  4744.8691
a_listing[320]  4919.4073
a_listing[321]  4813.0193
a_listing[322]  4785.8287
a_listing[323]  4966.1862
a_listing[324]  4605.9480
a_listing[325]  5724.3559
a_listing[326]  5101.4127
a_listing[327]  4795.4879
a_listing[328]  5245.2745
a_listing[329]  5437.8938
a_listing[330]  4332.7774
a_listing[331]  5315.2410
a_listing[332]  4508.3792
a_listing[333]  5365.1792
a_listing[334]  5405.5851
a_listing[335]  4861.1591
a_listing[336]  5007.2719
a_listing[337]  3513.3589
a_listing[338]  4098.0471
a_listing[339]  5200.8349
a_listing[340]  4098.5811
a_listing[341]  4954.1948
a_listing[342]  4556.4200
a_listing[343]  4575.9908
a_listing[344]  4836.2763
a_listing[345]  4634.0828
a_listing[346]  4366.9461
a_listing[347]  5417.1277
a_listing[348]  5284.6164
a_listing[349]  5496.3586
a_listing[350]  5254.9184
a_listing[351]  4763.8495
a_listing[352]  4631.4812
a_listing[353]  5430.2558
a_listing[354]  4013.1105
a_listing[355]  5002.6341
a_listing[356]  5121.5221
a_listing[357]  4916.1399
a_listing[358]  4918.9770
a_listing[359]  5157.6340
a_listing[360]  5193.3359
a_listing[361]  4898.1002
a_listing[362]  4532.8295
a_listing[363]  5575.3240
a_listing[364]  5183.4322
a_listing[365]  5220.7293
a_listing[366]  4522.9818
a_listing[367]  4288.2720
a_listing[368]  5043.4078
a_listing[369]  4635.6785
a_listing[370]  5133.1243
a_listing[371]  5415.9174
a_listing[372]  4734.9461
a_listing[373]  5517.5683
a_listing[374]  4923.8643
a_listing[375]  4917.9027
a_listing[376]  4602.4214
a_listing[377]  4631.5624
a_listing[378]  4884.5102
a_listing[379]  5268.8132
a_listing[380]  4200.4948
a_listing[381]  3890.6260
a_listing[382]  5048.9984
a_listing[383]  4760.2711
a_listing[384]  4954.6770
a_listing[385]  5120.1769
a_listing[386]  4853.7387
a_listing[387]  3531.6027
a_listing[388]  5232.4837
a_listing[389]  4917.1321
a_listing[390]  4912.1373
a_listing[391]  4727.1476
a_listing[392]  5031.3226
a_listing[393]  4929.4264
a_listing[394]  4964.2446
a_listing[395]  5005.5392
a_listing[396]  5755.9524
a_listing[397]  4841.6610
a_listing[398]  5112.2387
a_listing[399]  4458.2374
a_listing[400]  4445.8227
a_listing[401]  5722.2065
a_listing[402]  5415.1366
a_listing[403]  5622.0783
a_listing[404]  5003.2464
a_listing[405]  4721.7450
a_listing[406]  5348.3270
a_listing[407]  5087.5973
a_listing[408]  4809.1961
a_listing[409]  5716.5897
a_listing[410]  5421.2940
a_listing[411]  5064.9534
a_listing[412]  4497.0108
a_listing[413]  4136.2917
a_listing[414]  5783.6561
a_listing[415]  3692.0487
a_listing[416]  4941.9681
a_listing[417]  5737.4357
a_listing[418]  4720.0867
a_listing[419]  5346.2839
a_listing[420]  4708.5384
a_listing[421]  4339.4247
a_listing[422]  5351.7770
a_listing[423]  5593.7524
a_listing[424]  4539.6517
a_listing[425]  4553.6942
a_listing[426]  4651.3457
a_listing[427]  5334.8329
a_listing[428]  4735.5022
a_listing[429]  5269.9934
a_listing[430]  5723.2851
a_listing[431]  4624.7788
a_listing[432]  3932.2501
a_listing[433]  5194.5132
a_listing[434]  5787.5052
a_listing[435]  4573.1165
a_listing[436]  4638.4410
a_listing[437]  4173.6708
a_listing[438]  5530.3737
a_listing[439]  4504.6530
a_listing[440]  5021.8536
a_listing[441]  4981.1284
a_listing[442]  4651.6488
a_listing[443]  5157.0206
a_listing[444]  4406.1835
a_listing[445]  5674.9588
a_listing[446]  4167.2601
a_listing[447]  4375.7521
a_listing[448]  6101.4352
a_listing[449]  4829.2925
a_listing[450]  5802.2212
a_listing[451]  4797.9836
a_listing[452]  4804.2843
a_listing[453]  4909.9187
a_listing[454]  5223.9040
a_listing[455]  5679.4719
a_listing[456]  4711.6782
a_listing[457]  4392.1692
a_listing[458]  5335.8779
a_listing[459]  5413.6722
a_listing[460]  4846.6711
a_listing[461]  5845.4937
a_listing[462]  5085.3627
a_listing[463]  4657.2412
a_listing[464]  4458.8091
a_listing[465]  5726.1746
a_listing[466]  5023.7298
a_listing[467]  5472.2014
a_listing[468]  4387.5084
a_listing[469]  4952.6852
a_listing[470]  5339.5755
a_listing[471]  5649.9305
a_listing[472]  4866.9233
a_listing[473]  4365.6437
a_listing[474]  3870.4477
a_listing[475]  5253.9020
a_listing[476]  5214.6093
a_listing[477]  5110.2459
a_listing[478]  4511.2206
a_listing[479]  5430.5159
a_listing[480]  5607.6954
a_listing[481]  5555.4327
a_listing[482]  4531.0768
a_listing[483]  5469.2728
a_listing[484]  5058.9888
a_listing[485]  4553.6697
a_listing[486]  5786.6863
a_listing[487]  5206.7971
a_listing[488]  4916.0266
a_listing[489]  5264.0263
a_listing[490]  4873.2140
a_listing[491]  4916.0865
a_listing[492]  4324.0825
a_listing[493]  5121.3414
a_listing[494]  4324.0016
a_listing[495]  5235.4010
a_listing[496]  5167.1807
a_listing[497]  5081.5649
a_listing[498]  5068.1297
a_listing[499]  4587.7746
a_listing[500]  5603.3393
a_listing[501]  5336.7088
a_listing[502]  5454.1977
a_listing[503]  4960.9431
a_listing[504]  4100.1009
a_listing[505]  5729.9761
a_listing[506]  6614.5850
a_listing[507]  5670.7869
a_listing[508]  5568.5148
a_listing[509]  5397.7510
a_listing[510]  4592.8348
a_listing[511]  4857.9300
a_listing[512]  4797.3907
a_listing[513]  6099.6670
a_listing[514]  5569.9582
a_listing[515]  4776.4210
a_listing[516]  5215.6209
a_listing[517]  5618.6105
a_listing[518]  4779.8916
a_listing[519]  5492.4703
a_listing[520]  5104.7865
a_listing[521]  4965.5715
a_listing[522]  5244.6848
a_listing[523]  5099.1877
a_listing[524]  4905.4631
a_listing[525]  5560.3658
a_listing[526]  4939.8918
a_listing[527]  4659.5451
a_listing[528]  5144.2585
a_listing[529]  4854.9993
a_listing[530]  4906.3622
a_listing[531]  4754.2706
a_listing[532]  4478.9433
a_listing[533]  5205.6925
a_listing[534]  4723.5049
a_listing[535]  4308.4248
a_listing[536]  5059.9963
a_listing[537]  4361.7201
a_listing[538]  5450.8128
a_listing[539]  4521.0878
a_listing[540]  3839.1398
a_listing[541]  4624.3365
a_listing[542]  4545.2026
a_listing[543]  5919.6176
a_listing[544]  6527.4276
a_listing[545]  4215.4727
a_listing[546]  5126.4385
a_listing[547]  4955.6404
a_listing[548]  4952.6303
a_listing[549]  4393.5877
a_listing[550]  4306.4001
a_listing[551]  4567.7020
a_listing[552]  5365.7545
a_listing[553]  5474.6814
a_listing[554]  5160.1938
a_listing[555]  4560.5191
a_listing[556]  5433.9792
a_listing[557]  5016.0561
a_listing[558]  4893.3131
a_listing[559]  5249.8253
a_listing[560]  4470.9005
a_listing[561]  5617.5792
a_listing[562]  4787.4241
a_listing[563]  4142.2658
a_listing[564]  4622.8086
a_listing[565]  5000.9021
a_listing[566]  5422.8094
a_listing[567]  4555.4715
a_listing[568]  4565.4245
a_listing[569]  5458.2190
a_listing[570]  5864.5857
a_listing[571]  4510.4777
a_listing[572]  4363.1233
a_listing[573]  5540.1497
a_listing[574]  5168.9798
a_listing[575]  5754.8693
a_listing[576]  5384.8431
a_listing[577]  6214.1140
a_listing[578]  4918.7302
a_listing[579]  5498.9171
a_listing[580]  4972.6154
a_listing[581]  5350.1096
a_listing[582]  4401.1380
a_listing[583]  5261.5786
a_listing[584]  4515.5135
a_listing[585]  4009.9521
a_listing[586]  3901.8339
a_listing[587]  6410.8904
a_listing[588]  4930.6475
a_listing[589]  3814.2554
a_listing[590]  4644.2696
a_listing[591]  4681.5082
a_listing[592]  4922.9116
a_listing[593]  5069.7244
a_listing[594]  5113.7157
a_listing[595]  5121.1187
a_listing[596]  4281.2900
a_listing[597]  5397.9627
a_listing[598]  4587.1072
a_listing[599]  4750.4117
a_listing[600]  5044.0509
a_listing[601]  5060.0785
a_listing[602]  5536.1916
a_listing[603]  4198.1988
a_listing[604]  5463.9717
a_listing[605]  3924.0173
a_listing[606]  5197.7463
a_listing[607]  5436.8094
a_listing[608]  5849.4024
a_listing[609]  4985.5530
a_listing[610]  4944.8314
a_listing[611]  4675.3655
a_listing[612]  5463.9486
a_listing[613]  4776.5671
a_listing[614]  5393.4675
a_listing[615]  4466.8141
a_listing[616]  6081.1244
a_listing[617]  4731.1075
a_listing[618]  4973.4088
a_listing[619]  4474.4380
a_listing[620]  5356.4622
a_listing[621]  5550.6160
a_listing[622]  3264.3888
a_listing[623]  4127.9350
a_listing[624]  5811.9750
a_listing[625]  4908.6537
a_listing[626]  4782.5765
a_listing[627]  4747.2329
a_listing[628]  4976.8287
a_listing[629]  5441.8187
a_listing[630]  4442.3877
a_listing[631]  4931.9740
a_listing[632]  4318.9120
a_listing[633]  5030.1583
a_listing[634]  4752.0861
a_listing[635]  4709.1297
a_listing[636]  5157.6639
a_listing[637]  4976.2739
a_listing[638]  5238.3629
a_listing[639]  4869.1713
a_listing[640]  5434.4235
a_listing[641]  5222.9576
a_listing[642]  5018.5097
a_listing[643]  5179.5681
a_listing[644]  5626.2488
a_listing[645]  5056.2250
a_listing[646]  4395.9993
a_listing[647]  6225.8103
a_listing[648]  5429.3522
a_listing[649]  4925.7130
a_listing[650]  5095.2829
a_listing[651]  4704.7644
a_listing[652]  5445.5430
a_listing[653]  4416.6537
a_listing[654]  5060.6454
a_listing[655]  4535.9035
a_listing[656]  5026.0289
a_listing[657]  5034.9089
a_listing[658]  5034.9300
a_listing[659]  4871.4094
a_listing[660]  4498.2974
a_listing[661]  4309.7622
a_listing[662]  5640.5346
a_listing[663]  5305.9734
a_listing[664]  4618.1295
a_listing[665]  4865.2013
a_listing[666]  4502.4926
a_listing[667]  4580.5140
a_listing[668]  4737.7981
a_listing[669]  4672.8808
a_listing[670]  4560.3953
a_listing[671]  4732.0430
a_listing[672]  1463.1262
a_listing[673]  5366.6202
a_listing[674]  5533.2845
a_listing[675]  5780.5356
a_listing[676]  5538.2468
a_listing[677]  5930.3886
a_listing[678]  5194.7370
a_listing[679]  2820.6062
a_listing[680]  5307.6881
a_listing[681]  5398.3159
a_listing[682]  5083.7276
a_listing[683]  4831.7598
a_listing[684]  5794.4657
a_listing[685]  5357.4663
a_listing[686]  5243.7524
a_listing[687]  5516.9418
a_listing[688]  4614.8188
a_listing[689]  4559.6540
a_listing[690]  5254.1070
a_listing[691]  5175.5066
a_listing[692]  4860.2553
a_listing[693]  4846.8394
a_listing[694]  5163.9962
a_listing[695]  5474.0713
a_listing[696]  4074.8704
a_listing[697]  5204.1332
a_listing[698]  6177.1559
a_listing[699]  5303.4467
a_listing[700]  5005.2670
a_listing[701]  5595.5438
a_listing[702]  5095.3679
a_listing[703]  5772.4516
a_listing[704]  5950.4721
a_listing[705]  4713.7226
a_listing[706]  4437.6179
a_listing[707]  4744.1760
a_listing[708]  4997.7766
a_listing[709]  4696.2708
a_listing[710]  5109.4518
a_listing[711]  5496.0023
a_listing[712]  5406.7835
a_listing[713]  4990.6463
a_listing[714]  4841.1392
a_listing[715]  5163.6649
a_listing[716]  4518.4710
a_listing[717]  5646.0080
a_listing[718]  4210.6061
a_listing[719]  5139.8922
a_listing[720]  5484.7391
a_listing[721]  5056.6178
a_listing[722]  5743.3493
a_listing[723]  4770.0355
a_listing[724]  4997.0115
a_listing[725]  5366.9629
a_listing[726]  5151.5193
a_listing[727]  5385.7430
a_listing[728]  4098.6138
a_listing[729]  5506.6556
a_listing[730]  5377.9025
a_listing[731]  4607.6049
a_listing[732]  4191.4298
a_listing[733]  5772.7478
a_listing[734]  5053.9386
a_listing[735]  4844.6745
a_listing[736]  4281.4345
a_listing[737]  5165.1448
a_listing[738]  4427.5780
a_listing[739]  5486.1309
a_listing[740]  5800.5281
a_listing[741]  4272.0262
a_listing[742]  5304.5308
a_listing[743]  4500.3758
a_listing[744]  4741.1389
a_listing[745]  5085.6289
a_listing[746]  4697.5786
a_listing[747]  5059.3053
a_listing[748]  5533.2701
a_listing[749]  5041.5769
a_listing[750]  5555.2027
a_listing[751]  5213.8670
a_listing[752]  4642.8150
a_listing[753]  5388.1713
a_listing[754]  5405.8461
a_listing[755]  4650.7082
a_listing[756]  5506.1935
a_listing[757]  5129.9479
a_listing[758]  4894.5171
a_listing[759]  5251.6079
a_listing[760]  5226.9386
a_listing[761]  4143.8425
a_listing[762]  3739.5925
a_listing[763]  4500.0433
a_listing[764]  5686.7765
a_listing[765]  5476.8210
a_listing[766]  4566.7862
a_listing[767]  4850.6202
a_listing[768]  5202.3906
a_listing[769]  4675.3496
a_listing[770]  4509.8414
a_listing[771]  4525.6830
a_listing[772]  4965.1838
a_listing[773]  4749.3528
a_listing[774]  5446.6925
a_listing[775]  5087.4577
a_listing[776]  6322.2412
a_listing[777]  4384.1896
a_listing[778]  4706.0866
a_listing[779]  3697.5995
a_listing[780]  4246.6525
a_listing[781]  4410.8149
a_listing[782]  4048.0834
a_listing[783]  4951.5246
a_listing[784]  3780.4737
a_listing[785]  4816.8700
a_listing[786]  3922.1958
a_listing[787]  4804.4832
a_listing[788]  4702.0267
a_listing[789]  4633.3780
a_listing[790]  5097.1318
a_listing[791]  5149.2944
a_listing[792]  5083.8488
a_listing[793]  4849.1400
a_listing[794]  5848.9254
a_listing[795]  5350.2843
a_listing[796]  5024.4757
a_listing[797]  5019.3290
a_listing[798]  5620.1834
a_listing[799]  4848.9536
a_listing[800]  3847.0270
a_listing[801]  4802.7788
a_listing[802]  4156.3468
a_listing[803]  5084.9927
a_listing[804]  4941.9081
a_listing[805]  4776.7935
a_listing[806]  5733.5588
a_listing[807]  4726.5705
a_listing[808]  4788.2810
a_listing[809]  5172.3360
a_listing[810]  5746.0700
a_listing[811]  5247.2334
a_listing[812]  4836.6972
a_listing[813]  4837.0791
a_listing[814]  3410.1490
a_listing[815]  5316.0745
a_listing[816]  4804.1034
a_listing[817]  4546.4292
a_listing[818]  5188.7289
a_listing[819]  3624.9748
a_listing[820]  4656.0459
a_listing[821]  4518.5014
a_listing[822]  4672.7649
a_listing[823]  5210.5908
a_listing[824]  4818.1124
a_listing[825]  4743.9729
a_listing[826]  4810.1967
a_listing[827]  4254.0358
a_listing[828]  4224.2710
a_listing[829]  4411.1594
a_listing[830]  5592.6769
a_listing[831]  4474.9334
a_listing[832]  5657.7208
a_listing[833]  5110.4075
a_listing[834]  5658.6027
a_listing[835]  4952.7653
a_listing[836]  5467.9997
a_listing[837]  4843.8465
a_listing[838]  4648.6308
a_listing[839]  5004.1915
a_listing[840]  5899.2198
a_listing[841]  4463.5111
a_listing[842]  5326.8246
a_listing[843]  4781.8176
a_listing[844]  5760.1465
a_listing[845]  4423.0437
a_listing[846]  5269.1028
a_listing[847]  4508.7732
a_listing[848]  4728.3454
a_listing[849]  4949.6764
a_listing[850]  5942.2607
a_listing[851]  5498.1612
a_listing[852]  3945.7911
a_listing[853]  5053.9883
a_listing[854]  5274.6894
a_listing[855]  4722.3375
a_listing[856]  4972.9079
a_listing[857]  4707.4979
a_listing[858]  5094.9932
a_listing[859]  4359.4100
a_listing[860]  4787.5629
a_listing[861]  4401.8897
a_listing[862]  4789.6949
a_listing[863]  4437.8430
a_listing[864]  3625.6852
a_listing[865]  4971.7575
a_listing[866]  5259.8755
a_listing[867]  4117.8485
a_listing[868]  3935.1833
a_listing[869]  4990.1786
a_listing[870]  5813.2989
a_listing[871]  4709.8981
a_listing[872]  4859.1361
a_listing[873]  5179.1656
a_listing[874]  4176.4726
a_listing[875]  4818.9593
a_listing[876]  4821.5888
a_listing[877]  5572.2172
a_listing[878]  4444.3627
a_listing[879]  4125.1453
a_listing[880]  4759.6202
a_listing[881]  3843.0552
a_listing[882]  4179.1557
a_listing[883]  5485.5084
a_listing[884]  4589.5033
a_listing[885]  5323.2379
a_listing[886]  4750.3909
a_listing[887]  5009.5933
a_listing[888]  4857.7487
a_listing[889]  5297.5272
a_listing[890]  5405.1028
a_listing[891]  5585.4189
a_listing[892]  4237.4071
a_listing[893]  5023.9591
a_listing[894]  3653.1975
a_listing[895]  4782.7024
a_listing[896]  5257.4428
a_listing[897]  4440.6135
a_listing[898]  4556.3089
a_listing[899]  4332.7202
a_listing[900]  4484.6072
a_listing[901]  5047.4068
a_listing[902]  5122.0829
a_listing[903]  4508.2373
a_listing[904]  4411.2695
a_listing[905]  5031.5578
a_listing[906]  4872.5669
a_listing[907]  4916.4830
a_listing[908]  4682.4350
a_listing[909]  4642.2184
a_listing[910]  4205.9232
a_listing[911]  4245.6970
a_listing[912]  4148.4309
a_listing[913]  5268.3956
a_listing[914]  5361.9530
a_listing[915]  5731.0793
a_listing[916]  4948.8331
a_listing[917]  2422.3126
a_listing[918]  4994.0531
a_listing[919]  5255.5061
a_listing[920]  4908.6903
a_listing[921]  3994.7666
a_listing[922]  5085.9344
a_listing[923]  4953.7186
a_listing[924]  5098.3957
a_listing[925]  4395.4801
a_listing[926]  4301.0282
a_listing[927]  5397.9567
a_listing[928]  4379.8429
a_listing[929]  5174.6554
a_listing[930]  5705.6517
a_listing[931]  5417.6206
a_listing[932]  4354.4343
a_listing[933]  4908.1138
a_listing[934]  4843.4826
a_listing[935]  5012.3343
a_listing[936]  5665.9831
a_listing[937]  4055.6568
a_listing[938]  3806.4580
a_listing[939]  4563.4681
a_listing[940]  5729.8283
a_listing[941]  5284.4011
a_listing[942]  4699.1428
a_listing[943]  4864.0170
a_listing[944]  4561.7616
a_listing[945]  4237.6251
a_listing[946]  4276.4737
a_listing[947]  5287.2974
a_listing[948]  3816.3584
a_listing[949]  5991.0750
a_listing[950]  4602.2053
a_listing[951]  4413.9062
a_listing[952]  5266.3517
a_listing[953]  3465.8803
a_listing[954]  4116.5922
a_listing[955]  4537.2502
a_listing[956]  4728.7872
a_listing[957]  5073.0358
a_listing[958]  5444.2711
a_listing[959]  5097.2916
a_listing[960]  4183.8766
a_listing[961]  5204.5328
a_listing[962]  4115.5947
a_listing[963]  5567.3917
a_listing[964]  4580.7007
a_listing[965]  1451.5683
a_listing[966]  5024.6191
a_listing[967]  5427.3923
a_listing[968]  5796.7094
a_listing[969]  4717.4265
a_listing[970]  5577.8175
a_listing[971]  5289.4064
a_listing[972]  5151.1092
a_listing[973]  4855.5252
a_listing[974]  4205.7366
a_listing[975]  5163.3128
a_listing[976]  4345.4597
a_listing[977]  4725.6322
a_listing[978]  4642.9623
a_listing[979]  4371.2136
a_listing[980]  5763.6121
a_listing[981]  5015.6836
a_listing[982]  4656.4394
a_listing[983]  5274.1381
a_listing[984]  3609.9442
a_listing[985]  5110.8976
a_listing[986]  5263.8920
a_listing[987]  4327.7334
a_listing[988]  4331.6398
a_listing[989]  4609.4317
a_listing[990]  4445.1974
a_listing[991]  5910.5618
a_listing[992]  4179.8721
a_listing[993]  5727.1524
a_listing[994]  5572.7968
a_listing[995]  4703.5953
a_listing[996]  2941.1770
a_listing[997]  2620.8686
a_listing[998]  4689.9913
a_listing[999]  4896.9786
a_listing[1000] 4902.0356
a_listing[1001] 4168.0347
a_listing[1002] 3630.5319
a_listing[1003] 5049.1651
a_listing[1004] 3223.4903
a_listing[1005] 6068.7442
a_listing[1006] 4571.3109
a_listing[1007] 4360.3990
a_listing[1008] 4521.3426
a_listing[1009] 4612.6507
a_listing[1010] 5045.3000
a_listing[1011] 6096.9179
a_listing[1012] 5038.4532
a_listing[1013] 3922.5920
a_listing[1014] 6553.9942
a_listing[1015] 5607.6631
a_listing[1016] 4797.0729
a_listing[1017] 4724.8564
a_listing[1018] 5469.9343
a_listing[1019] 4910.6244
a_listing[1020] 5444.7053
a_listing[1021] 5804.2184
a_listing[1022] 4856.0432
a_listing[1023] 5023.7766
a_listing[1024] 5113.8185
a_listing[1025] 4961.1293
a_listing[1026] 4835.2755
a_listing[1027] 4872.8076
a_listing[1028] 5417.5974
a_listing[1029] 4723.4934
a_listing[1030] 5046.0222
a_listing[1031] 5240.6051
a_listing[1032] 5053.2808
a_listing[1033] 5313.8413
a_listing[1034] 5237.0331
a_listing[1035] 3708.8380
a_listing[1036] 4674.1299
a_listing[1037] 5021.6205
a_listing[1038] 4498.3719
a_listing[1039] 4725.4823
a_listing[1040] 4048.1687
a_listing[1041] 4814.8536
a_listing[1042] 5069.9364
a_listing[1043] 5132.4249
a_listing[1044] 4624.3232
a_listing[1045] 5179.9545
a_listing[1046] 5026.0286
a_listing[1047] 4844.5997
a_listing[1048] 4858.1215
a_listing[1049] 4376.1465
a_listing[1050] 5488.5743
a_listing[1051] 5658.1861
a_listing[1052] 4843.6925
a_listing[1053] 4392.4038
a_listing[1054] 5007.0714
a_listing[1055] 4083.9863
a_listing[1056] 4525.9143
a_listing[1057] 5079.7728
a_listing[1058] 5372.9057
a_listing[1059] 4892.0773
a_listing[1060] 4827.0139
a_listing[1061] 4329.7786
a_listing[1062] 4528.1789
a_listing[1063] 5561.2158
a_listing[1064] 5631.1925
a_listing[1065] 3164.1505
a_listing[1066] 5685.2322
a_listing[1067] 5424.8976
a_listing[1068] 4178.5695
a_listing[1069] 5367.4397
a_listing[1070] 4005.7977
a_listing[1071] 4110.7523
a_listing[1072] 5730.6274
a_listing[1073] 5147.1279
a_listing[1074] 4219.5189
a_listing[1075] 5374.9842
a_listing[1076] 4829.6999
a_listing[1077] 4033.7561
a_listing[1078] 4906.7179
a_listing[1079] 5525.8087
a_listing[1080] 5745.1819
a_listing[1081] 5204.5848
a_listing[1082] 5366.5119
a_listing[1083] 4936.7516
a_listing[1084] 5118.9538
a_listing[1085] 4861.8345
a_listing[1086] 5010.5033
a_listing[1087] 4720.4635
a_listing[1088] 4040.4497
a_listing[1089] 4426.8175
a_listing[1090] 4527.2926
a_listing[1091] 4602.1780
a_listing[1092] 5180.6880
a_listing[1093] 5194.2603
a_listing[1094] 5119.1974
a_listing[1095] 4715.8558
a_listing[1096] 4437.7903
a_listing[1097] 5376.6763
a_listing[1098] 4793.2612
a_listing[1099] 4745.2701
a_listing[1100] 4464.9976
a_listing[1101] 4963.0506
a_listing[1102] 5461.9721
a_listing[1103] 4976.0521
a_listing[1104] 5059.6920
a_listing[1105] 5829.5534
a_listing[1106] 4716.4591
a_listing[1107] 4768.0803
a_listing[1108] 4833.2804
a_listing[1109] 5088.1703
a_listing[1110] 5957.8807
a_listing[1111] 5369.7455
a_listing[1112] 5018.7561
a_listing[1113] 4592.6120
a_listing[1114] 4085.7853
a_listing[1115] 5615.9964
a_listing[1116] 6705.6208
a_listing[1117] 5210.1122
a_listing[1118] 5170.9110
a_listing[1119] 5404.2701
a_listing[1120] 4313.7271
a_listing[1121] 7045.3446
a_listing[1122] 5495.0908
a_listing[1123] 5131.4340
a_listing[1124] 4877.8977
a_listing[1125] 4442.3476
a_listing[1126] 4708.8965
a_listing[1127] 5247.2607
a_listing[1128] 4805.4432
a_listing[1129] 4565.5699
a_listing[1130] 4773.4790
a_listing[1131] 5281.1687
a_listing[1132] 4962.3567
a_listing[1133] 4796.6620
a_listing[1134] 4009.1191
a_listing[1135] 5231.8338
a_listing[1136] 4747.9155
a_listing[1137] 4517.6266
a_listing[1138] 4541.6823
a_listing[1139] 5039.6268
a_listing[1140] 1975.8313
a_listing[1141] 4434.8157
a_listing[1142] 4645.9431
a_listing[1143] 4588.9465
a_listing[1144] 4752.0488
a_listing[1145] 4667.0316
a_listing[1146] 4367.6802
a_listing[1147] 4825.0168
a_listing[1148] 5441.4455
a_listing[1149] 4803.3057
a_listing[1150] 4643.0641
a_listing[1151] 5417.6817
a_listing[1152] 5049.3950
a_listing[1153] 5271.2763
a_listing[1154] 5507.8204
a_listing[1155] 5176.7326
a_listing[1156] 5211.8240
a_listing[1157] 6387.9038
a_listing[1158] 4708.4798
a_listing[1159] 5421.9842
a_listing[1160] 5130.8808
a_listing[1161] 4878.2978
a_listing[1162] 4765.5317
a_listing[1163] 4954.6760
a_listing[1164] 4316.1864
a_listing[1165] 4913.4959
a_listing[1166] 4902.6120
a_listing[1167] 4736.5681
a_listing[1168] 4631.8763
a_listing[1169] 5586.4273
a_listing[1170] 5717.8091
a_listing[1171] 4785.2904
a_listing[1172] 5038.8443
a_listing[1173] 4249.3055
a_listing[1174] 4786.0461
a_listing[1175] 4889.1691
a_listing[1176] 5339.2414
a_listing[1177] 5581.2300
a_listing[1178] 4956.0824
a_listing[1179] 5717.3499
a_listing[1180] 5210.7539
a_listing[1181] 5426.2137
a_listing[1182] 4507.0956
a_listing[1183] 5742.0626
a_listing[1184] 5069.1457
a_listing[1185] 4946.8498
a_listing[1186] 4278.1505
a_listing[1187] 5517.1575
a_listing[1188] 4384.3246
a_listing[1189] 5738.0696
a_listing[1190] 4906.0597
a_listing[1191] 5674.6616
a_listing[1192] 5190.8070
a_listing[1193] 4667.8729
a_listing[1194] 4761.1555
a_listing[1195] 5450.4623
a_listing[1196] 4724.2324
a_listing[1197] 5150.8319
a_listing[1198] 4468.8222
a_listing[1199] 4556.8783
a_listing[1200] 4612.8653
a_host[1]       5642.9772
a_host[2]       5127.7981
a_host[3]       6236.8704
a_host[4]       5329.4825
a_host[5]       5445.3220
a_host[6]       5710.7456
a_host[7]       6440.2170
a_host[8]       5911.7253
a_host[9]       5390.1473
a_host[10]      5127.8737
a_host[11]      5594.8039
a_host[12]      5051.4862
a_host[13]      5739.7999
a_host[14]      6305.0663
a_host[15]      5891.9100
a_host[16]      6326.7136
a_host[17]      5882.4546
a_host[18]      5901.4775
a_host[19]      7021.5926
a_host[20]      5786.8884
a_host[21]      5513.9668
a_host[22]      5289.9440
a_host[23]      5142.0991
a_host[24]      5418.9881
a_host[25]      5734.7795
a_host[26]      5762.4145
a_host[27]      5375.4808
a_host[28]      5992.2561
a_host[29]      4723.3963
a_host[30]      5610.8197
a_host[31]      1964.3697
a_host[32]      6631.2349
a_host[33]      6208.8172
a_host[34]      5212.3373
a_host[35]      6126.0539
a_host[36]      3517.6973
a_host[37]      6097.8818
a_host[38]      4955.1781
a_host[39]      5502.7637
a_host[40]      3428.6308
a_host[41]      5906.1878
a_host[42]      5354.1414
a_host[43]      5250.0883
a_host[44]      5935.0029
a_host[45]      6053.3714
a_host[46]      5165.5085
a_host[47]      6093.4720
a_host[48]      4345.5664
a_host[49]      5743.1528
a_host[50]      5187.5711
a_host[51]      5970.3547
a_host[52]      4896.2011
a_host[53]      5003.5212
a_host[54]      4913.6213
a_host[55]      5754.5472
a_host[56]      5360.8598
a_host[57]      5546.2128
a_host[58]      6140.3513
a_host[59]      5426.4726
a_host[60]      4758.4035
a_host[61]      5011.4713
a_host[62]      6264.8421
a_host[63]      4645.6502
a_host[64]      5099.5100
a_host[65]      5735.5683
a_host[66]      5233.8486
a_host[67]      5315.9459
a_host[68]      5582.4105
a_host[69]      6230.7822
a_host[70]      6514.8145
a_host[71]      4239.0687
a_host[72]      4440.6707
a_host[73]      6027.7692
a_host[74]      4286.1744
a_host[75]      5325.3668
a_host[76]      4177.3748
a_host[77]      4941.3325
a_host[78]      5945.5961
a_host[79]      6095.4529
a_host[80]      1818.2338
a_host[81]      6782.4871
a_host[82]      6002.1219
a_host[83]      5926.2068
a_host[84]      5346.7827
a_host[85]      4962.4298
a_host[86]      4799.7960
a_host[87]      5403.0197
a_host[88]      4944.5975
a_host[89]      5124.5676
a_host[90]      6192.2597
a_host[91]      5687.9055
a_host[92]      5090.4934
a_host[93]      5414.2355
a_host[94]      5541.3854
a_host[95]      5039.8496
a_host[96]      5702.0174
a_host[97]      5853.2794
a_host[98]      5900.1457
a_host[99]      5814.6869
a_host[100]     5658.7525
a_host[101]     5340.7210
a_host[102]     6173.9867
a_host[103]     5739.7072
a_host[104]     5558.1228
a_host[105]     5176.4327
a_host[106]     5879.5951
a_host[107]     6075.0539
a_host[108]     5821.1958
a_host[109]     6188.6774
a_host[110]     5068.7775
a_host[111]     5075.6769
a_host[112]     5349.5498
a_host[113]     5913.6821
a_host[114]     4545.7163
a_host[115]     5236.5727
a_host[116]     5137.9753
a_host[117]     4506.5516
a_host[118]     3885.0191
a_host[119]     6057.2828
a_host[120]     5287.7163
a_host[121]     5603.4582
a_host[122]     5585.1529
a_host[123]     2617.0829
a_host[124]     5281.1294
a_host[125]     5789.0470
a_host[126]     5700.5775
a_host[127]     4793.4957
a_host[128]     4907.4777
a_host[129]     5115.4033
a_host[130]     6219.6531
a_host[131]     5676.4684
a_host[132]     5871.7466
a_host[133]     4816.4108
a_host[134]     5214.5993
a_host[135]     5715.9341
a_host[136]     5228.1341
a_host[137]     5689.8751
a_host[138]     5053.0108
a_host[139]     4813.0156
a_host[140]     5376.9878
a_host[141]     5662.0770
a_host[142]     5869.4906
a_host[143]     6188.6625
a_host[144]     4988.7902
a_host[145]     5755.8325
a_host[146]     4442.3879
a_host[147]     5250.3031
a_host[148]     5363.2615
a_host[149]     5199.2406
a_host[150]     4928.8261
a_host[151]     5596.2114
a_host[152]     5568.6676
a_host[153]     4957.3986
a_host[154]     5337.8659
a_host[155]     4355.0020
a_host[156]     5041.3918
a_host[157]     5175.2509
a_host[158]     5431.8786
a_host[159]     4123.3216
a_host[160]     3798.7831
a_host[161]     5953.7656
a_host[162]     4484.8307
a_host[163]     5494.2149
a_host[164]     5263.6640
a_host[165]     3908.3742
a_host[166]     5455.0335
a_host[167]     5646.0402
a_host[168]     5127.9593
a_host[169]     5990.0384
a_host[170]     6016.4384
a_host[171]     5752.9849
a_host[172]     5048.5535
a_host[173]     5503.7501
a_host[174]     6265.7073
a_host[175]     5390.0731
a_host[176]     5843.4303
a_host[177]     4267.7695
a_host[178]     5353.4754
a_host[179]     5930.4499
a_host[180]     5652.1663
a_host[181]     4612.8792
a_host[182]     7003.7107
a_host[183]     6612.8016
a_host[184]     5429.0395
a_host[185]     6287.7044
a_host[186]     5256.0982
a_host[187]     4878.8288
a_host[188]     5567.1690
a_host[189]     3965.7820
a_host[190]     5471.9530
a_host[191]     3707.6100
a_host[192]     6695.6422
a_host[193]     5005.2088
a_host[194]     5468.1709
a_host[195]     4940.8152
a_host[196]     6094.3548
a_host[197]     5025.5178
a_host[198]     5088.5944
a_host[199]     5153.3827
a_host[200]     5665.4100
a_host[201]     5282.0332
a_host[202]     5282.8295
a_host[203]     5029.5439
a_host[204]     2456.8038
a_host[205]     5783.1687
a_host[206]     6781.9190
a_host[207]     5229.5436
a_host[208]     4672.3702
a_host[209]     5615.6576
a_host[210]     5661.3649
a_host[211]     6261.3923
a_host[212]     5793.1075
a_host[213]     5328.2956
a_host[214]     5353.8458
a_host[215]     5703.3005
a_host[216]     5781.5213
a_host[217]     5846.7930
a_host[218]     5152.2409
a_host[219]     4056.0171
a_host[220]     5597.8321
a_host[221]     6391.0446
a_host[222]     5883.1605
a_host[223]     5907.5521
a_host[224]     5648.9454
a_host[225]     6691.4385
a_host[226]     5476.3523
a_host[227]     5197.0205
a_host[228]     5133.4189
a_host[229]     5839.5788
a_host[230]     5463.3987
a_host[231]     7072.2248
a_host[232]     5274.8982
a_host[233]     5680.1512
a_host[234]     4986.7123
a_host[235]     4551.7565
a_host[236]     5048.5575
a_host[237]     5295.6401
a_host[238]     4920.4336
a_host[239]     5003.1558
a_host[240]     5996.2577
a_host[241]     6221.5746
a_host[242]     4510.2519
a_host[243]     4442.3231
a_host[244]     6089.1999
a_host[245]     6509.5605
a_host[246]     5438.2910
a_host[247]     5750.6598
a_host[248]     6020.2727
a_host[249]     5158.0535
a_host[250]     5623.7654
a_host[251]     5128.4208
a_host[252]     5034.6870
a_host[253]     4711.4468
a_host[254]     5356.6295
a_host[255]     5462.1605
a_host[256]     5094.6543
a_host[257]     5095.4353
a_host[258]     5322.3291
a_host[259]     5383.3974
a_host[260]     5225.8546
a_host[261]     5195.3982
a_host[262]     4783.3621
a_host[263]     5003.4167
a_host[264]     2827.8202
a_host[265]     4882.9181
a_host[266]     5623.7495
a_host[267]     5343.8208
a_host[268]     5995.3795
a_host[269]     5904.2963
a_host[270]     4949.7519
a_host[271]     5763.7970
a_host[272]     5324.2959
a_host[273]     7068.1043
a_host[274]     4148.0923
a_host[275]     5743.9006
a_host[276]     4737.0296
a_host[277]     5039.4873
a_host[278]     5414.4956
a_host[279]     5808.6293
a_host[280]     6940.9586
a_host[281]     6071.8762
a_host[282]     5724.6578
a_host[283]     4925.3820
a_host[284]     6419.1813
a_host[285]     4552.3521
a_host[286]     4535.8833
a_host[287]     4620.0504
a_host[288]     6056.4445
a_host[289]     6366.6443
a_host[290]     4707.1680
a_host[291]     5062.4536
a_host[292]     5601.9597
a_host[293]     5233.2843
a_host[294]     5296.2969
a_host[295]     5441.2035
a_host[296]     5082.2381
a_host[297]     5807.9701
a_host[298]     5084.4339
a_host[299]     5577.9803
a_host[300]     6223.6834
a_host[301]     5338.6769
a_host[302]     4912.3089
a_host[303]     5160.8295
a_host[304]     6652.1333
a_host[305]     5336.3725
a_host[306]     4774.7981
a_host[307]     5073.1769
a_host[308]     6009.2537
a_host[309]     5516.1950
a_host[310]     6278.2068
a_host[311]     5999.8048
a_host[312]     4918.3160
a_host[313]     5198.0510
a_host[314]     5672.9243
a_host[315]     5907.9024
a_host[316]     4863.0888
a_host[317]     6107.2213
a_host[318]     6006.1859
a_host[319]     5558.2435
a_host[320]     4895.7342
a_host[321]     5497.2458
a_host[322]     5082.6130
a_host[323]     6438.0328
a_host[324]     5880.2688
a_host[325]     6093.0121
a_host[326]     5323.4239
a_host[327]     5169.1420
a_host[328]     5069.6524
a_host[329]     5544.9159
a_host[330]     5877.0708
a_host[331]     5075.5879
a_host[332]     5836.7710
a_host[333]     5293.0223
a_host[334]     5187.0328
a_host[335]     5337.5893
a_host[336]     5224.9961
a_host[337]     6086.0080
a_host[338]     5541.9043
a_host[339]     2748.5843
a_host[340]     4836.1070
a_host[341]     5636.2685
a_host[342]     5848.5829
a_host[343]     5584.2319
a_host[344]     5304.5446
a_host[345]     6005.5686
a_host[346]     6239.2087
a_host[347]     6192.8844
a_host[348]     6331.5353
a_host[349]     6064.9861
a_host[350]     5037.7154
a_host[351]     5803.7425
a_host[352]     4969.2616
a_host[353]     5793.4451
a_host[354]     5395.7450
a_host[355]     5957.9852
a_host[356]     5234.8365
a_host[357]     5553.9992
a_host[358]     5163.6352
a_host[359]     5041.5560
a_host[360]     4609.4493
a_host[361]     5389.9089
a_host[362]     6659.1217
a_host[363]     5086.1005
a_host[364]     6845.8640
a_host[365]     5046.6205
a_host[366]     2760.7877
a_host[367]     5658.1341
a_host[368]     5662.9906
a_host[369]     5002.5689
a_host[370]     5613.2491
a_host[371]     5229.3423
a_host[372]     6674.1886
a_host[373]     5400.0922
a_host[374]     5698.1684
a_host[375]     4732.3983
a_host[376]     4701.3992
a_host[377]     4473.6318
a_host[378]     5645.8578
a_host[379]     5406.0483
a_host[380]     5051.3710
a_host[381]     5253.4844
a_host[382]     5502.6485
a_host[383]     5214.7602
a_host[384]     2856.8670
a_host[385]     5571.5096
a_host[386]     5245.7473
a_host[387]     3613.9278
a_host[388]     5201.1672
a_host[389]     5240.2455
a_host[390]     5130.1074
a_host[391]     6527.1766
a_host[392]     5321.9171
a_host[393]     5274.6530
a_host[394]     3107.8099
a_host[395]     4013.5113
a_host[396]     3457.6366
a_host[397]     6325.2499
a_host[398]     5301.8989
a_host[399]     4881.7679
a_host[400]     4952.5089
a_host[401]     4716.3193
a_host[402]     4853.7384
a_host[403]     4930.6287
a_host[404]     5288.9175
a_host[405]     4880.6436
a_host[406]     5192.4865
a_host[407]     4819.0254
a_host[408]     4689.1244
a_host[409]     5139.6109
a_host[410]     5256.3722
a_host[411]     5178.4907
a_host[412]     5348.1762
a_host[413]     5578.6401
a_host[414]     4578.8387
a_host[415]     4926.5795
a_host[416]     5504.9884
a_host[417]     4857.8318
a_host[418]     4443.0097
a_host[419]     4866.9551
a_host[420]     3699.5814
a_host[421]     5326.2707
a_host[422]     4702.1502
a_host[423]     4118.9019
a_host[424]     5777.1997
a_host[425]     5913.4410
a_host[426]     5484.8800
a_host[427]     5332.9679
a_host[428]     6170.3591
a_host[429]     6157.8907
a_host[430]     4533.4601
a_host[431]     5326.0102
a_host[432]     5686.8711
a_host[433]     6014.0737
a_host[434]     5802.7918
a_host[435]     5673.8343
a_host[436]     5267.6406
a_host[437]     6092.5837
a_host[438]     4639.7026
a_host[439]     5669.1738
a_host[440]     5730.6213
a_host[441]     5397.6245
a_host[442]     5620.9900
a_host[443]     4472.5777
a_host[444]     6301.7988
a_host[445]     5175.5327
a_host[446]     6204.5540
a_host[447]     5629.9544
a_host[448]     5639.2983
a_host[449]     4082.2348
a_host[450]     5703.9861
a_host[451]     5123.2165
a_host[452]     4141.7458
a_host[453]     6549.0487
a_host[454]     4579.8036
a_host[455]     5079.5752
a_host[456]     3681.5735
a_host[457]     5982.4548
a_host[458]     5247.3112
a_host[459]     5578.0435
a_host[460]     5621.3032
a_host[461]     5649.3413
a_host[462]     5353.3701
a_host[463]     5063.3170
a_host[464]     6185.3520
a_host[465]     5356.4385
a_host[466]     4916.2254
a_host[467]     5238.2851
a_host[468]     4741.4384
a_host[469]     5694.0429
a_host[470]     5369.4924
a_host[471]     5198.2805
a_host[472]     5463.0340
a_host[473]     5937.7339
a_host[474]     6130.8621
a_host[475]     4857.9157
a_host[476]     5418.3756
a_host[477]     4219.8635
a_host[478]     5236.3037
a_host[479]     4754.3516
a_host[480]     4987.2838
a_host[481]     6340.1710
a_host[482]     5337.9282
a_host[483]     5664.4268
a_host[484]     5929.3436
a_host[485]     4513.3184
a_host[486]     5434.1210
a_host[487]     6167.3645
a_host[488]     5733.3881
a_host[489]     5273.3958
a_host[490]     3008.0705
a_host[491]     4079.8666
a_host[492]     4940.4848
a_host[493]     5604.5997
a_host[494]     5372.0476
a_host[495]     4793.5803
a_host[496]     5489.8844
a_host[497]     4941.8985
a_host[498]     4178.6295
a_host[499]     6017.4117
a_host[500]     6086.3395
a_host[501]     6336.4227
a_host[502]     5019.7539
a_host[503]     5462.3957
a_host[504]     5267.0744
a_host[505]     5881.4040
a_host[506]     4801.7779
a_host[507]     4905.4736
a_host[508]     5542.2238
a_host[509]     4400.8743
a_host[510]     5163.3561
a_host[511]     5608.9791
a_host[512]     5545.2054
a_host[513]     5643.2580
a_host[514]     4947.3473
a_host[515]     4410.7494
a_host[516]     4617.8771
a_host[517]     5580.7986
a_host[518]     4041.6365
a_host[519]     6553.0959
a_host[520]     5262.1543
a_host[521]     5270.3466
a_host[522]     6497.6343
a_host[523]     6370.5421
a_host[524]     4955.8553
a_host[525]     5552.9733
a_host[526]     5899.1625
a_host[527]     4302.7149
a_host[528]     5522.5426
a_host[529]     3802.1282
a_host[530]     6235.8174
a_host[531]     5520.2857
a_host[532]     4851.6774
a_host[533]     5215.4966
a_host[534]     6114.3785
a_host[535]     3295.7118
a_host[536]     6162.1755
a_host[537]     4987.0258
a_host[538]     5942.5638
a_host[539]     5378.6038
a_host[540]     5238.0226
a_host[541]     5150.6583
a_host[542]     5333.3801
a_host[543]     5209.6200
a_host[544]     4463.7174
a_host[545]     4825.1339
a_host[546]     4871.2182
a_host[547]     5487.6180
a_host[548]     5751.9564
a_host[549]     4874.5843
a_host[550]     5884.9677
a_host[551]     5725.3560
a_host[552]     4511.9787
a_host[553]     4813.7167
a_host[554]     5378.0383
a_host[555]     5470.6195
a_host[556]     4450.1630
a_host[557]     5829.8424
a_host[558]     6627.6679
a_host[559]     5456.5691
a_host[560]     5975.4621
a_host[561]     5323.1257
a_host[562]     6636.0373
a_host[563]     5979.9429
a_host[564]     6304.6672
a_host[565]     5301.7871
a_host[566]     4466.7645
a_host[567]     5688.1462
a_host[568]     5850.6595
a_host[569]     5126.9898
a_host[570]     5776.0064
a_host[571]     6178.0555
a_host[572]     4884.4701
a_host[573]     6282.6353
a_host[574]     5382.9506
a_host[575]     5761.8076
a_host[576]     4986.3083
a_host[577]     5965.5129
a_host[578]     5740.7196
a_host[579]     5573.1072
a_host[580]     5328.8544
a_host[581]     3796.4917
a_host[582]     4458.5265
a_host[583]     5716.0710
a_host[584]     5727.1223
a_host[585]     6227.7816
a_host[586]     5500.9664
a_host[587]     5135.9506
a_host[588]     6031.4758
a_host[589]     5197.9189
a_host[590]     6082.1475
a_host[591]     4671.6702
a_host[592]     5810.5548
a_host[593]     5830.4994
a_host[594]     5088.2472
a_host[595]     3825.3856
a_host[596]     5632.3409
a_host[597]     6263.0168
a_host[598]     5263.3455
a_host[599]     5350.3447
a_host[600]     5326.0801
a_host[601]     5351.3303
a_host[602]     5199.1687
a_host[603]     5602.9745
a_host[604]     5246.4026
a_host[605]     6418.7338
a_host[606]     5555.4258
a_host[607]     5995.2101
a_host[608]     5577.7482
a_host[609]     6264.1550
a_host[610]     5099.6796
a_host[611]     6254.6368
a_host[612]     5263.2344
a_host[613]     4951.8647
a_host[614]     5689.7760
a_host[615]     5516.9314
a_host[616]     2379.1872
a_host[617]     5244.1020
a_host[618]     5300.9953
a_host[619]     5585.0152
a_host[620]     5363.3214
a_host[621]     5549.0671
a_host[622]     5852.6098
a_host[623]     5418.3943
a_host[624]     6438.3578
a_host[625]     5650.2557
a_host[626]     4467.3368
a_host[627]     5394.2133
a_host[628]     5095.0566
a_host[629]     5146.5341
a_host[630]     5672.7308
a_host[631]     4747.7237
a_host[632]     5518.0696
a_host[633]     5112.9324
a_host[634]     6708.2650
a_host[635]     5465.2150
a_host[636]     5277.8726
a_host[637]     5665.6460
a_host[638]     6042.6289
a_host[639]     4927.3158
a_host[640]     6561.6323
a_host[641]     5606.6649
a_host[642]     5538.9318
a_host[643]     6583.4479
a_host[644]     6045.3231
