                         mean          sd          5.5%        94.5%      rhat
z_listing[1]    -0.3158267691 1.006396729 -1.9370099395  1.297266884 1.0005828
z_listing[2]     0.1196473003 0.965857675 -1.4011998215  1.677974067 1.0001067
z_listing[3]     0.3769633569 0.958452318 -1.1537812720  1.944169473 1.0040296
z_listing[4]     0.0771887848 1.023336179 -1.5334026570  1.732476967 1.0009143
z_listing[5]    -0.5705877607 0.969565251 -2.1122027230  0.939155094 1.0005923
z_listing[6]     0.4568485560 0.908133757 -0.9824175037  1.906153100 1.0000602
z_listing[7]     0.6605870213 0.785638748 -0.5715813061  1.877805248 1.0002393
z_listing[8]     0.6659923990 0.550508230 -0.2072906468  1.539699487 1.0010629
z_listing[9]    -0.4329109623 0.999398068 -2.0231202155  1.166381424 1.0010327
z_listing[10]    0.2776602876 0.923752902 -1.2173613050  1.747841274 1.0017836
z_listing[11]    0.2507224891 0.868810174 -1.1495478190  1.654466342 1.0007983
z_listing[12]   -0.2145657685 0.926303514 -1.6664216310  1.267913482 1.0036118
z_listing[13]    0.0569371027 0.971187920 -1.4810692800  1.619080205 1.0005110
z_listing[14]    0.4984615924 0.851791585 -0.8704611654  1.848174485 1.0010184
z_listing[15]    0.5927734454 0.585296287 -0.3523957562  1.527716900 1.0010811
z_listing[16]    0.3432604434 0.714120042 -0.8113647757  1.478265365 1.0000425
z_listing[17]   -0.3268886292 0.904801019 -1.7821774195  1.148498203 1.0030614
z_listing[18]   -0.5378284672 0.846726778 -1.9241520720  0.799958900 1.0015889
z_listing[19]   -0.0234472321 0.864421793 -1.3954991215  1.372843924 1.0006733
z_listing[20]   -0.7476100198 0.796452054 -2.0389218990  0.558189120 1.0004137
z_listing[21]   -1.9925321941 0.624175927 -3.0067980095 -0.998674197 1.0012518
z_listing[22]    0.5233411264 0.874562102 -0.8438762873  1.920383514 0.9999290
z_listing[23]   -0.1286428379 0.914850748 -1.5772395030  1.299827243 1.0003274
z_listing[24]    0.0465455542 0.955206818 -1.4733274095  1.602861820 1.0040170
z_listing[25]    0.7427832821 0.628327535 -0.2473451463  1.755080370 1.0006999
z_listing[26]    0.7914928236 0.607579587 -0.1806732636  1.768443331 1.0001489
z_listing[27]    0.7642519889 0.493093946 -0.0067882749  1.554200251 1.0017709
z_listing[28]    0.9274966653 0.640631815 -0.0990160540  1.957819763 1.0001106
z_listing[29]   -0.9217118937 0.945637192 -2.4268277060  0.541253600 1.0005389
z_listing[30]   -1.0555527871 0.818171757 -2.3298756255  0.259822067 0.9996459
z_listing[31]   -0.2792140456 0.755729283 -1.4996058120  0.922773926 1.0001904
z_listing[32]   -0.0152687020 0.996383593 -1.5979449285  1.588545888 1.0020116
z_listing[33]    0.0879321613 0.926265418 -1.3935432275  1.554632529 1.0010400
z_listing[34]    0.4006220400 0.664879095 -0.6687065432  1.458691081 1.0007395
z_listing[35]    0.0774945977 0.841355061 -1.2504025470  1.401790752 1.0005042
z_listing[36]    0.4506956252 0.746144654 -0.7524153586  1.604641809 0.9996781
z_listing[37]   -0.1193181458 0.889317481 -1.5474272630  1.314039487 1.0029915
z_listing[38]    0.0540372474 0.997448238 -1.5208241965  1.637736263 1.0016413
z_listing[39]   -1.2971441989 0.782405133 -2.5572321825 -0.056032075 1.0005392
z_listing[40]    0.4384449777 0.676603385 -0.6320871316  1.473074318 1.0015233
z_listing[41]    0.1188239570 0.876672756 -1.3044796980  1.539558249 1.0031508
z_listing[42]    0.0972166824 0.743753072 -1.0744222780  1.263691981 1.0010170
z_listing[43]   -0.9354333280 0.406868597 -1.5805680660 -0.281019803 1.0034073
z_listing[44]    0.7079886785 0.755081579 -0.4847050843  1.891432438 1.0021963
z_listing[45]   -0.4170068479 0.811776500 -1.7080283045  0.880552035 1.0008069
z_listing[46]    0.1097382946 0.968867398 -1.4519205210  1.652055647 1.0016001
z_listing[47]   -0.6961412925 0.988728982 -2.2609092820  0.897876049 1.0018757
z_listing[48]    0.0628721396 0.992094841 -1.4942173830  1.679332883 1.0008265
z_listing[49]    0.1175515841 0.928890560 -1.3569637390  1.546392979 1.0027382
z_listing[50]    0.6297919292 0.643833929 -0.3918483425  1.666533398 1.0003313
z_listing[51]    0.2072871567 0.962408291 -1.2799311740  1.726243922 1.0009117
z_listing[52]   -0.3051048939 0.844259523 -1.6172741010  1.049326523 1.0017085
z_listing[53]   -1.1313611200 0.714094013 -2.2535410145 -0.026031094 1.0004325
z_listing[54]   -0.2428215715 0.939834558 -1.7849965680  1.262854338 1.0016607
z_listing[55]    0.6546766320 0.808445617 -0.6699886439  1.934736373 1.0009425
z_listing[56]    0.2447668601 0.909804089 -1.1686385260  1.716854644 0.9998574
z_listing[57]   -0.0592937942 0.948401647 -1.5842178640  1.467870560 1.0016598
z_listing[58]   -0.1283284488 0.905062143 -1.5434897615  1.314007173 1.0030093
z_listing[59]   -0.0814083860 0.944735818 -1.5471629180  1.442153986 1.0000560
z_listing[60]   -0.0859203584 0.971562150 -1.6163882310  1.472507708 1.0017110
z_listing[61]    0.0244055929 0.932891914 -1.4770269465  1.547116950 0.9997378
z_listing[62]    0.1945736370 0.878954678 -1.1973099315  1.602143024 1.0000953
z_listing[63]    0.0847621652 0.976556289 -1.5082429745  1.649234934 1.0015703
z_listing[64]   -2.2526735850 0.353002956 -2.8410271535 -1.685307480 1.0003444
z_listing[65]    0.3961654537 0.452056773 -0.3246829682  1.124677513 1.0008778
z_listing[66]    0.6050499406 0.537102348 -0.2568693861  1.465714543 0.9997965
z_listing[67]   -2.3282901071 0.376925559 -2.9370080795 -1.735207673 1.0004983
z_listing[68]    0.6013382170 0.716115431 -0.5438101120  1.733137360 1.0022454
z_listing[69]    0.5901741479 0.846736483 -0.7625689851  1.923401224 1.0014814
z_listing[70]    0.1244015392 0.990834840 -1.4708387210  1.688139169 1.0005749
z_listing[71]    0.0641455325 0.995595750 -1.5180912930  1.647925463 1.0009065
z_listing[72]   -0.3379406098 0.907193701 -1.8096015085  1.123447384 1.0002071
z_listing[73]   -0.0926089276 0.984595784 -1.6169792410  1.491100211 1.0022903
z_listing[74]    0.4070554649 0.847098710 -0.9892452254  1.752217189 1.0040966
z_listing[75]    0.0545556045 1.011980994 -1.5624923190  1.668674339 1.0000529
z_listing[76]    0.0693687382 0.945648258 -1.4187223515  1.570569443 1.0045927
z_listing[77]    0.3442034695 0.928761361 -1.1712808190  1.836167943 1.0002956
z_listing[78]   -0.4261732529 0.975710914 -1.9693234630  1.119333283 1.0003909
z_listing[79]    0.7310660057 0.693852647 -0.3865174442  1.827349526 1.0000824
z_listing[80]    0.1471844710 0.976640635 -1.4288153785  1.733852482 0.9994976
z_listing[81]   -0.8485528493 0.827226289 -2.1678551105  0.486008663 1.0014786
z_listing[82]   -0.2549853425 0.990385401 -1.8638563140  1.308401127 1.0002974
z_listing[83]    0.4570143868 0.874051168 -0.9677278723  1.847786123 1.0020556
z_listing[84]   -0.3622308759 0.967599482 -1.9130420030  1.168920240 1.0004253
z_listing[85]    0.3354033757 0.757795205 -0.8703960577  1.564722414 1.0007469
z_listing[86]    0.0570609012 0.964507392 -1.4479884355  1.608411103 1.0008565
z_listing[87]    0.4420028667 0.818995500 -0.8526266032  1.751722731 0.9998161
z_listing[88]    0.0725621163 0.988592530 -1.5002405315  1.650009034 1.0018557
z_listing[89]   -0.6008444152 0.981690262 -2.1468374190  0.948016840 1.0033006
z_listing[90]   -0.4526562357 1.012112155 -2.0900647645  1.167542496 1.0000536
z_listing[91]    0.1095118669 0.982457280 -1.4208681145  1.721134611 1.0021623
z_listing[92]   -0.1330033545 0.973611329 -1.6910721805  1.413340701 1.0003700
z_listing[93]    0.5765922826 0.726193911 -0.5876589599  1.726250320 1.0022356
z_listing[94]    0.4522856241 0.849623278 -0.8788659593  1.835190238 1.0024906
z_listing[95]    0.2433957618 0.682619974 -0.8393657408  1.316063544 1.0003378
z_listing[96]    0.8241742991 0.625347579 -0.1793935532  1.819821477 1.0004386
z_listing[97]   -0.0135156135 0.980970130 -1.5888877610  1.547771641 1.0016629
z_listing[98]    0.2400993491 0.662929194 -0.7952843171  1.300884236 1.0042748
z_listing[99]    0.0809659518 0.993708041 -1.5153912080  1.685359501 1.0002815
z_listing[100]   0.1766981514 1.004964471 -1.4251482675  1.797230909 1.0007183
z_listing[101]  -0.0696367016 0.986626798 -1.6831737995  1.515324072 1.0013798
z_listing[102]   0.9119428254 0.591062348 -0.0243637346  1.848164453 1.0014865
z_listing[103]  -0.6387874669 0.957282730 -2.1688015390  0.862946219 1.0015282
z_listing[104]  -0.6401171583 0.678756329 -1.7281311700  0.447291474 1.0019535
z_listing[105]   0.6690555994 0.818778613 -0.6354309052  1.980732279 1.0044632
z_listing[106]   0.3130029179 0.439988139 -0.3965774156  1.025373046 1.0012436
z_listing[107]   0.0173304357 0.525755626 -0.8045566017  0.848077797 1.0005977
z_listing[108]   0.1123809984 0.981773342 -1.4533507585  1.671731357 1.0000641
z_listing[109]   0.0751921633 0.980070520 -1.5045519635  1.650933160 1.0001578
z_listing[110]   0.2653333640 0.929483608 -1.2255615885  1.771213565 1.0007752
z_listing[111]   0.5953725995 0.839359938 -0.7343124652  1.961436512 1.0001413
z_listing[112]   0.4421132301 0.854892007 -0.9011396267  1.822710559 1.0009995
z_listing[113]   0.5117779847 0.524447126 -0.3110339783  1.363176215 1.0001583
z_listing[114]  -0.0515113452 0.967495815 -1.5758914645  1.471215655 1.0005258
z_listing[115]   0.3394663313 0.924204810 -1.1195248725  1.817896386 1.0007847
z_listing[116]   0.2219246424 0.925361199 -1.2363717245  1.681912315 1.0012099
z_listing[117]  -0.4242128694 0.653953228 -1.4589478830  0.635970574 1.0024119
z_listing[118]   0.0686509870 1.012351470 -1.5356506310  1.661734006 1.0030062
z_listing[119]   0.0582148705 0.995048693 -1.5060200325  1.589307900 1.0002210
z_listing[120]  -0.5122301664 0.949439155 -2.0441589030  0.988742274 1.0003213
z_listing[121]  -0.2048789320 0.915313194 -1.6593834285  1.227429666 1.0009393
z_listing[122]   0.3469935184 0.917660947 -1.1035227115  1.838217991 0.9998055
z_listing[123]   0.4872545068 0.721919703 -0.6955432424  1.689971986 1.0020639
z_listing[124]   0.1181716106 0.974917195 -1.4510928765  1.673049959 1.0016543
z_listing[125]   0.4582468595 0.863171512 -0.9095362637  1.821170078 1.0013913
z_listing[126]   0.3379821889 0.706676831 -0.7769234403  1.457565124 1.0053384
z_listing[127]  -0.4337266143 0.978129477 -2.0093719760  1.144529818 1.0015979
z_listing[128]  -0.0991010187 0.709975650 -1.2199696020  1.040444107 1.0004031
z_listing[129]   0.1216413757 1.002334238 -1.4632538710  1.735030851 0.9999697
z_listing[130]   0.3819996907 0.741214806 -0.8294114471  1.558636022 1.0020524
z_listing[131]   0.0177933209 0.472621105 -0.7297545687  0.774409620 1.0032600
z_listing[132]  -0.1669388629 0.848211562 -1.5327072195  1.187176641 1.0009419
z_listing[133]   0.0572230191 0.954869669 -1.4883685035  1.583060451 1.0023244
z_listing[134]  -0.4139168649 0.979756203 -1.9711365040  1.146200969 1.0008773
z_listing[135]  -1.1537378946 0.543742635 -2.0182574705 -0.298056548 1.0031172
z_listing[136]   0.3187554408 0.965788950 -1.2666372795  1.858188223 1.0003182
z_listing[137]   0.1027765459 0.979657178 -1.4506155470  1.648102364 1.0022898
z_listing[138]  -0.3622350877 0.593587073 -1.3148205505  0.609144125 1.0017375
z_listing[139]  -0.1703528504 0.896437807 -1.6101451325  1.254423918 1.0006539
z_listing[140]   0.4185127292 0.823540447 -0.8658896647  1.724888305 1.0004248
z_listing[141]   0.0416227924 0.943641865 -1.4577072695  1.568153659 1.0026288
z_listing[142]   0.0195708126 0.840214721 -1.3028384700  1.355251877 1.0010901
z_listing[143]   0.0042340479 0.941981321 -1.5470991080  1.482344201 1.0006940
z_listing[144]   0.1832005218 0.764122248 -1.0424625250  1.398539442 1.0007298
z_listing[145]  -0.5180544945 0.958498877 -2.0840628035  1.005017214 1.0016723
z_listing[146]  -0.0050249902 0.955118936 -1.5269496425  1.539669804 1.0021064
z_listing[147]   0.0713196827 0.995335764 -1.4706743145  1.629733913 1.0010823
z_listing[148]  -0.0569799798 0.969799875 -1.6313095490  1.504301237 1.0018394
z_listing[149]   0.0710988322 0.987087651 -1.5107268630  1.642129872 1.0006775
z_listing[150]  -0.5159183183 0.909206914 -1.9607381090  0.965541177 0.9999033
z_listing[151]   0.0459263922 0.753309557 -1.1364770695  1.248495765 1.0002090
z_listing[152]   0.3203862144 0.807190875 -0.9705490851  1.616196654 1.0022329
z_listing[153]  -0.3180380306 0.996449838 -1.9240356255  1.279943732 1.0009112
z_listing[154]   0.5417317446 0.789396136 -0.7172580034  1.770633022 1.0017753
z_listing[155]  -0.2510077915 0.963564458 -1.8190458060  1.331746185 1.0000994
z_listing[156]   0.1126017717 0.942276536 -1.4145965030  1.652525053 1.0005855
z_listing[157]  -0.0333823200 0.975669358 -1.5870644055  1.509454152 0.9999425
z_listing[158]   0.1467903862 0.944497283 -1.3528444265  1.638325326 1.0003382
z_listing[159]   0.0820693796 0.869475982 -1.3167248625  1.474015965 1.0003019
z_listing[160]  -0.3586588454 0.637721697 -1.3872209425  0.649234079 1.0006744
z_listing[161]   0.7405751817 0.707043003 -0.3910160009  1.880002820 1.0012086
z_listing[162]  -0.0841840270 0.773731706 -1.3284676890  1.156585904 1.0045486
z_listing[163]   0.0689514153 0.975627824 -1.5218417970  1.616448175 1.0008011
z_listing[164]   0.0701103564 1.026459837 -1.5504424395  1.667700877 1.0005464
z_listing[165]  -0.0793706373 0.991853609 -1.6607179475  1.507314904 0.9999663
z_listing[166]  -0.6385397587 0.947330754 -2.1112399900  0.882320437 0.9995267
z_listing[167]  -1.1743778927 0.732907615 -2.3560758810 -0.005789374 0.9997322
z_listing[168]  -0.6701691097 0.944694015 -2.1640673530  0.845435581 1.0007375
z_listing[169]   0.0713607550 1.005469186 -1.5318493630  1.704989803 1.0006780
z_listing[170]   0.0128377078 0.926718779 -1.4958066675  1.559073419 1.0027147
z_listing[171]  -0.0914227745 0.582499754 -1.0199484220  0.820356502 1.0017567
z_listing[172]  -0.1896915714 0.986803859 -1.8109282445  1.397335018 1.0013055
z_listing[173]  -0.4189263071 1.003983110 -2.0441220120  1.180661548 1.0016642
z_listing[174]  -0.1741336232 0.981819841 -1.7030315350  1.398061377 1.0039933
z_listing[175]  -0.4272976702 1.002382017 -2.0399109765  1.170765953 1.0010896
z_listing[176]  -0.0811959554 1.004975093 -1.7175493320  1.528772834 1.0005463
z_listing[177]   0.5260620703 0.819263228 -0.7778924567  1.829538913 1.0007898
z_listing[178]  -0.0670934824 0.970838132 -1.6523631115  1.501727483 1.0029319
z_listing[179]  -0.4382662535 1.030665380 -2.0709895190  1.215537750 0.9992866
z_listing[180]  -0.0447016731 0.970393000 -1.5753661465  1.520772994 1.0025209
z_listing[181]  -0.2972567189 1.000099073 -1.9369023395  1.283767696 1.0022004
z_listing[182]   0.1369041993 0.982031719 -1.4256706465  1.699953904 1.0031433
z_listing[183]  -0.1273527827 0.797577984 -1.3931398310  1.122391944 0.9999853
z_listing[184]   0.4250777611 0.892025935 -0.9859828574  1.875989227 1.0004683
z_listing[185]   0.0359889108 0.688305109 -1.0603890555  1.137663924 1.0011747
z_listing[186]  -0.0557795222 1.003719406 -1.6780835535  1.572616213 1.0027398
z_listing[187]   0.0617045926 0.981260995 -1.5179589075  1.613592598 1.0006633
z_listing[188]   0.0765058472 0.971466199 -1.4732024625  1.618201266 1.0006405
z_listing[189]   0.4424831376 0.885296753 -0.9568181137  1.821962876 1.0016675
z_listing[190]   0.1135669929 1.010346010 -1.5280372215  1.693651590 1.0012348
z_listing[191]   0.5646150597 0.713206838 -0.5922334072  1.700402819 1.0014562
z_listing[192]   0.3533267011 0.877877036 -1.0396087020  1.730471836 1.0018152
z_listing[193]   0.6797330142 0.791007908 -0.5889289552  1.950610646 1.0004949
z_listing[194]   0.2554123815 0.943432589 -1.2481517825  1.796701280 1.0011167
z_listing[195]   0.0363101682 0.969230709 -1.4608261070  1.606051250 1.0004339
z_listing[196]   0.0334244809 0.881819649 -1.3814889625  1.449839175 1.0012305
z_listing[197]   0.0474297586 0.967465786 -1.4978633915  1.586205298 1.0016454
z_listing[198]   0.1238711139 0.936064722 -1.3549336435  1.620448539 1.0010444
z_listing[199]   0.0788263308 0.898227995 -1.3520930265  1.489157915 0.9996214
z_listing[200]  -0.0099600729 0.882670593 -1.4612836565  1.406392991 1.0030434
z_listing[201]  -0.3845963834 0.943425512 -1.9164981845  1.151083315 1.0004623
z_listing[202]   0.2940339908 0.818650148 -1.0375585520  1.586325435 0.9996309
z_listing[203]   0.1073675399 0.976526015 -1.4199410125  1.658081577 1.0024515
z_listing[204]  -0.0697578345 0.941661328 -1.5867949975  1.408013717 1.0010616
z_listing[205]   0.0474425733 0.961545782 -1.4594996730  1.591122251 1.0011496
z_listing[206]   0.0557957344 1.005737481 -1.5263422980  1.667567229 1.0014282
z_listing[207]   0.1686646075 0.965070700 -1.3734846545  1.690708072 1.0026581
z_listing[208]   0.6773922487 0.774353842 -0.5914551568  1.904162528 1.0012252
z_listing[209]   0.5659198171 0.840823430 -0.7753352876  1.894595533 1.0007095
z_listing[210]   0.0601881604 0.982888660 -1.5334969755  1.639856626 1.0020006
z_listing[211]   0.3852400193 0.884287516 -1.0303253170  1.802619410 1.0028845
z_listing[212]  -0.2320799238 0.891728477 -1.6662555275  1.158271229 0.9999835
z_listing[213]  -1.0783246526 0.603254069 -2.0484567795 -0.121317102 1.0015232
z_listing[214]  -0.0529656170 0.975134921 -1.6262252075  1.461449065 1.0010612
z_listing[215]   0.1616998161 0.978215734 -1.3597840200  1.721215199 1.0001209
z_listing[216]  -1.2481692889 0.879557843 -2.6785698435  0.149804275 1.0000734
z_listing[217]   0.0524413211 0.986893354 -1.4539294630  1.620214959 1.0020161
z_listing[218]  -1.7861322596 0.826330957 -3.1042995050 -0.469422965 1.0012783
z_listing[219]   0.0855226955 0.993469743 -1.4803634040  1.702381618 1.0004145
z_listing[220]  -0.6907091808 0.974831473 -2.2792403650  0.884284616 1.0021550
z_listing[221]  -0.1398933808 0.921726261 -1.6104089705  1.319155818 1.0000420
z_listing[222]  -0.7144765634 0.677027932 -1.8028462385  0.387093166 1.0021816
z_listing[223]  -0.0669629088 0.978089331 -1.6178338250  1.490746252 1.0034447
z_listing[224]   0.0490207378 0.982222403 -1.5634948410  1.604376085 1.0029048
z_listing[225]   0.5324995865 0.873913224 -0.8873684824  1.926615281 1.0007051
z_listing[226]  -0.0785855474 0.925436115 -1.5568826710  1.388075014 0.9999908
z_listing[227]  -0.4088949441 0.966570646 -1.9841186875  1.126145453 1.0018388
z_listing[228]   0.2171357677 0.550531922 -0.6703460653  1.108386020 1.0003509
z_listing[229]   0.0489286077 0.935622318 -1.4220080080  1.556288803 1.0015094
z_listing[230]   0.0953857342 0.869472006 -1.3186131040  1.512701515 1.0037760
z_listing[231]  -1.9501019338 0.533538747 -2.7983138170 -1.106820221 1.0011618
z_listing[232]  -0.9997001003 0.772279432 -2.2150348815  0.238093178 1.0011467
z_listing[233]   0.1534406266 0.864811176 -1.1998913520  1.544842362 1.0019310
z_listing[234]   0.1980520010 0.937364715 -1.3092809215  1.676509268 1.0006969
z_listing[235]  -0.0674875682 0.988598610 -1.6124859570  1.472158963 1.0004388
z_listing[236]   0.0852971508 0.908516027 -1.3897166835  1.528517367 0.9999123
z_listing[237]   0.2323732119 0.948413117 -1.2788087100  1.721822597 1.0004253
z_listing[238]   0.6950856765 0.786088978 -0.5534197643  1.954015796 1.0007060
z_listing[239]   0.0451177838 1.004825186 -1.5988368470  1.673999401 0.9998280
z_listing[240]   0.2503014343 0.930045565 -1.2709888490  1.765136006 1.0005207
z_listing[241]   0.1347008295 0.754737071 -1.0743310390  1.361386377 1.0022303
z_listing[242]   0.2397409318 0.945568019 -1.2798631275  1.751105184 0.9997147
z_listing[243]  -0.0848056524 0.982720582 -1.6583276665  1.476470725 1.0004677
z_listing[244]   0.0568763125 1.015746869 -1.5807859535  1.683629130 1.0000813
z_listing[245]   0.1230238399 0.952832866 -1.4073508840  1.668880711 1.0033648
z_listing[246]   0.1137578851 0.704171649 -1.0332474270  1.227233320 1.0001341
z_listing[247]   0.3501324294 0.891936019 -1.0849939725  1.769894910 1.0021623
z_listing[248]   0.2176474869 0.946646221 -1.2903618100  1.748309521 1.0014539
z_listing[249]  -0.1657106376 0.849777234 -1.5492817235  1.208397858 1.0003251
z_listing[250]   0.1349893678 0.860509558 -1.2669373880  1.517135661 1.0010295
z_listing[251]   0.4161552812 0.903883625 -1.0223541105  1.848231969 1.0013882
z_listing[252]   0.1914258123 0.924938024 -1.2750445145  1.673344476 1.0020072
z_listing[253]  -0.2567037944 0.942014752 -1.7542778750  1.257182818 1.0005776
z_listing[254]  -0.0534708110 1.005373181 -1.6469502870  1.555388211 1.0005666
z_listing[255]  -1.1484790320 0.969479661 -2.6867594465  0.408430793 1.0020296
z_listing[256]   0.3319743348 0.938489053 -1.1657590260  1.788713884 0.9999376
z_listing[257]  -0.0367153896 0.835798774 -1.3756571630  1.282518841 0.9995389
z_listing[258]   0.0313506675 0.984445894 -1.5796423460  1.649580382 1.0002804
z_listing[259]   0.1186211688 0.968794186 -1.4078837840  1.662136369 0.9997055
z_listing[260]   0.0794249544 1.009319775 -1.5307948550  1.665196073 1.0015067
z_listing[261]   0.4014488227 0.889052353 -1.0356620435  1.798272604 1.0001357
z_listing[262]  -0.3495325788 0.883235060 -1.7381082525  1.077328612 1.0010552
z_listing[263]   0.5761833785 0.725208070 -0.5646102603  1.751435949 1.0019541
z_listing[264]   0.4616292692 0.718185697 -0.6795939726  1.615596612 1.0001394
z_listing[265]   0.2843715670 0.906869488 -1.1629792790  1.715403681 1.0006237
z_listing[266]   0.0438162723 0.899732679 -1.3905633440  1.487847344 1.0001920
z_listing[267]   0.0385185120 0.965944675 -1.5103666755  1.581543107 1.0010425
z_listing[268]   0.2020675448 0.949357168 -1.2944490825  1.752177782 1.0030302
z_listing[269]   0.0578943071 0.965400436 -1.5007692585  1.568578044 0.9997536
z_listing[270]  -0.4899402776 0.992068131 -2.0546892945  1.154610577 1.0016834
z_listing[271]  -0.6863384573 0.889597410 -2.1152665570  0.710865902 1.0008955
z_listing[272]  -0.3234982371 0.962227991 -1.8983416300  1.246532013 1.0001879
z_listing[273]  -0.2594566831 0.971479320 -1.8594387805  1.313870802 1.0004055
z_listing[274]   0.3194914337 0.893134088 -1.0804720510  1.738563027 1.0017638
z_listing[275]   0.1449210655 0.957773009 -1.3813070895  1.654738572 1.0006399
z_listing[276]   0.5733880267 0.759527284 -0.6603045644  1.796208044 1.0003956
z_listing[277]   0.7081800817 0.816485842 -0.5987820562  1.976519646 1.0025611
z_listing[278]  -0.5484920387 0.949950282 -2.0436244205  0.987145225 1.0003224
z_listing[279]  -0.3810554125 0.992394713 -2.0000488615  1.228560109 1.0011455
z_listing[280]  -0.0787647942 0.993906555 -1.6666736255  1.491965197 1.0026076
z_listing[281]   0.5508388777 0.342907699  0.0008897018  1.093929942 1.0002411
z_listing[282]  -0.5564291240 0.922016270 -2.0642428010  0.884967764 1.0025679
z_listing[283]  -0.1844179977 0.969205541 -1.7367901695  1.400479215 1.0004915
z_listing[284]  -0.1086661757 0.933844282 -1.5851175850  1.358394405 1.0011639
z_listing[285]  -1.5817251280 0.355107422 -2.1478510035 -1.026373834 1.0040814
z_listing[286]   0.1918006165 0.928112662 -1.3038737560  1.718934200 1.0000904
z_listing[287]   0.1815766709 0.943263089 -1.3358739360  1.663771141 1.0017900
z_listing[288]  -1.1006674183 0.799941182 -2.3974607855  0.189315549 1.0009638
z_listing[289]   0.0736186091 0.995351652 -1.5130504485  1.664706868 1.0033413
z_listing[290]   0.4760014046 0.751870016 -0.7135883724  1.683122035 1.0057835
z_listing[291]  -0.6075508132 0.910270037 -2.0703319430  0.823893651 1.0012741
z_listing[292]  -0.0432014211 0.941697461 -1.5708598735  1.464875027 1.0019071
z_listing[293]  -0.5383078572 0.788653605 -1.8073072925  0.750015088 1.0021699
z_listing[294]  -0.2503415044 0.888292880 -1.6608468865  1.135061270 1.0004539
z_listing[295]  -0.2146243757 0.970215219 -1.7641971170  1.323899786 1.0001654
z_listing[296]  -0.4260400490 0.995503548 -2.0230873020  1.154083844 1.0013288
z_listing[297]  -0.3327951503 0.875255758 -1.7253159665  1.038808878 1.0019240
z_listing[298]  -0.1679096898 0.942150234 -1.6647378000  1.336616980 0.9997006
z_listing[299]   0.0788557346 1.013934808 -1.5197618195  1.697553939 1.0005820
z_listing[300]   0.1107056410 0.968581524 -1.4539253645  1.681503975 1.0009186
z_listing[301]  -1.3089598984 0.637191940 -2.3587246010 -0.273004241 0.9997267
z_listing[302]   0.4925232208 0.802318338 -0.7974497384  1.761952735 1.0004513
z_listing[303]  -0.0651260330 0.975111022 -1.5905060970  1.473888452 1.0011441
z_listing[304]   0.1208081676 0.988167575 -1.4412470610  1.690285291 1.0009703
z_listing[305]   0.1941933949 0.990821399 -1.3694804200  1.811611930 1.0012411
z_listing[306]  -0.1631790913 0.950292927 -1.6947618280  1.349419946 1.0036086
z_listing[307]  -0.0671418753 0.921674086 -1.5075527540  1.410170047 1.0000751
z_listing[308]   0.0661082671 0.978021584 -1.5161036005  1.648028148 1.0008805
z_listing[309]  -0.0820183284 0.996069446 -1.6403167905  1.527084035 1.0012825
z_listing[310]  -0.5517429576 0.878271628 -1.9713380890  0.863655038 1.0006622
z_listing[311]  -0.6849516982 0.944419301 -2.1880585730  0.820745955 0.9997067
z_listing[312]  -0.0599260682 0.999409020 -1.6487229955  1.522806185 1.0000174
z_listing[313]   0.1279133423 1.011867298 -1.5054914865  1.732445548 1.0003057
z_listing[314]   0.1122453125 0.968914462 -1.4465037445  1.644795235 1.0005357
z_listing[315]   0.7863691245 0.724461229 -0.3846468313  1.940102334 1.0015494
z_listing[316]   0.4042730902 0.878139991 -1.0164398680  1.812984055 1.0016532
z_listing[317]   0.0827352212 0.914350806 -1.3973316860  1.569217404 1.0000538
z_listing[318]   0.4136533253 0.807358171 -0.8705050963  1.724880844 0.9996614
z_listing[319]   0.4439652640 0.892032870 -0.9679199133  1.900348266 1.0028046
z_listing[320]  -0.2070655301 0.962658947 -1.7688713620  1.322098844 1.0016465
z_listing[321]   0.2468889138 0.778884893 -0.9794716454  1.481413101 1.0005917
z_listing[322]   0.7315670209 0.639516731 -0.2738557415  1.761160666 0.9997819
z_listing[323]  -0.1297520291 0.966222825 -1.6540084490  1.402129787 1.0010843
z_listing[324]  -0.8652369426 0.985401373 -2.4038837230  0.716689746 0.9999992
z_listing[325]   0.4456514829 0.830886022 -0.9049616178  1.768573994 1.0008557
z_listing[326]  -0.2530009413 0.963264543 -1.7701268855  1.315964184 1.0005374
z_listing[327]  -0.3275029287 0.998509724 -1.9186080245  1.274778635 1.0015635
z_listing[328]  -0.3780811058 0.981229635 -1.9796878430  1.172644995 1.0003536
z_listing[329]  -0.9248356377 0.960941469 -2.4821191920  0.633033971 1.0017800
z_listing[330]  -1.1199281209 0.811066877 -2.4451529785  0.178850247 1.0012335
z_listing[331]  -0.7751537088 0.826889153 -2.1242653745  0.529006837 1.0008457
z_listing[332]  -0.2765194531 0.858178788 -1.6711234585  1.108968352 1.0025399
z_listing[333]  -0.0585287662 1.007982348 -1.6696043670  1.526788468 1.0019330
z_listing[334]  -0.5088381348 0.950413965 -2.0468628075  1.012919929 1.0017697
z_listing[335]  -0.7836545854 0.981445950 -2.3447998995  0.765809232 1.0011538
z_listing[336]  -0.8025797905 1.010717210 -2.4270353620  0.782886246 1.0009567
z_listing[337]  -0.4497543615 0.971366258 -2.0018816400  1.076176619 1.0015032
z_listing[338]  -0.4283535554 0.925518764 -1.8833536965  1.062586759 1.0025453
z_listing[339]  -0.1382746723 0.966280954 -1.6121325385  1.407070986 1.0000475
z_listing[340]   0.2816931100 0.923163492 -1.2366170585  1.747579960 0.9996726
z_listing[341]  -0.3243866259 0.980535968 -1.8424786655  1.282104177 1.0025298
z_listing[342]   0.0673374064 0.948948807 -1.4459878270  1.595291944 1.0020513
z_listing[343]  -0.3030068605 0.836687693 -1.6112739175  1.018318850 1.0006404
z_listing[344]  -0.6243762077 0.896182965 -2.0350682530  0.800494873 1.0007676
z_listing[345]   0.2377463527 0.931107399 -1.2730976795  1.731522159 1.0011467
z_listing[346]   0.1637646484 1.009424452 -1.4337427245  1.803827739 1.0004880
z_listing[347]   0.2414484575 0.920050141 -1.2366714930  1.705200837 1.0027236
z_listing[348]   0.0413720346 0.945546478 -1.4940027845  1.526543927 1.0001134
z_listing[349]   0.2277835318 0.941432961 -1.2461761365  1.757055474 1.0019669
z_listing[350]   0.0113847092 0.916804306 -1.4687156420  1.492586014 0.9998088
z_listing[351]   0.1428542620 0.976106839 -1.4487265780  1.701295707 0.9995557
z_listing[352]   0.1624664898 0.953190048 -1.3938570125  1.714788175 1.0025435
z_listing[353]   0.0519520420 0.982107415 -1.5394115795  1.607967051 1.0003022
z_listing[354]   0.2150779305 0.954967099 -1.3359547845  1.750892779 1.0012909
z_listing[355]   0.7351547612 0.687613183 -0.3639870106  1.814781155 1.0004116
z_listing[356]   0.1765551321 0.582684685 -0.7400867802  1.111579369 1.0006906
z_listing[357]   0.0023095450 0.967463918 -1.5093215150  1.530561377 1.0002601
z_listing[358]  -0.0048798023 0.941925699 -1.4901017965  1.536302876 0.9999895
z_listing[359]  -1.0393551300 0.923080785 -2.5092021850  0.440501724 1.0020759
z_listing[360]   0.6175496823 0.796182983 -0.6786117628  1.911983593 1.0004776
z_listing[361]   0.0042397402 0.979187425 -1.5419914070  1.542757388 1.0011874
z_listing[362]  -0.0614238498 0.923761443 -1.5597471470  1.387137551 1.0018502
z_listing[363]  -0.0391913354 0.937673538 -1.5683758645  1.477486595 1.0000450
z_listing[364]   0.2328363696 0.947764567 -1.2869957410  1.771288427 0.9997714
z_listing[365]   0.2335430455 0.788203184 -1.0250740120  1.475376449 1.0029910
z_listing[366]  -1.0613717075 0.713997843 -2.1999298745  0.092363106 1.0010996
z_listing[367]   0.0452240688 0.947791086 -1.4950496865  1.533258895 1.0016322
z_listing[368]   0.3033711837 0.911895008 -1.1722924100  1.776391002 1.0023328
z_listing[369]   0.1201563134 0.941592882 -1.3964600280  1.650229738 1.0003668
z_listing[370]   0.1024744371 0.986617347 -1.4735474995  1.638431245 1.0017518
z_listing[371]   0.4167184588 0.591480759 -0.5261068374  1.370456376 1.0021959
z_listing[372]   0.1246385765 0.903230317 -1.3665416130  1.588823028 1.0014435
z_listing[373]   0.0354781388 0.873037859 -1.3924425640  1.400850581 1.0015507
z_listing[374]  -0.5030370756 0.692014528 -1.5976320505  0.626537308 1.0000593
z_listing[375]  -0.7558675852 0.670012223 -1.8079400255  0.310373155 1.0018099
z_listing[376]  -0.4978148474 0.973709703 -2.0155634310  1.050182469 1.0006496
z_listing[377]   0.4565870316 0.836459182 -0.8716418518  1.769430244 1.0013416
z_listing[378]   0.6385208346 0.353761024  0.0802856242  1.195543588 1.0007123
z_listing[379]  -0.3832946473 0.802256498 -1.6636314920  0.882413517 1.0001525
z_listing[380]   0.2348305657 0.809459960 -1.0549790500  1.550186267 1.0019567
z_listing[381]   0.6590627566 0.375427918  0.0567312782  1.263614655 1.0014228
z_listing[382]   0.1614950979 0.979452238 -1.4387580270  1.730656615 1.0016846
z_listing[383]  -0.3721405098 0.893767772 -1.8188328985  1.049840338 0.9994577
z_listing[384]   0.1650907071 0.889120028 -1.2497457780  1.609114671 1.0027597
z_listing[385]  -0.2652305976 0.997211910 -1.8133876400  1.372146712 1.0032304
z_listing[386]  -0.5145550857 0.965075347 -2.0949974950  1.036980658 0.9999797
z_listing[387]  -1.5033672102 0.917423330 -2.9646434745 -0.030355381 1.0008179
z_listing[388]   0.0881501601 0.971842103 -1.4546811910  1.644024626 1.0017290
z_listing[389]   0.0988140626 0.987860322 -1.4706359945  1.636992401 1.0007543
z_listing[390]  -0.2676130857 0.871514837 -1.6572915360  1.100925333 1.0012329
z_listing[391]   0.4051994385 0.849393074 -0.9475174245  1.777347525 1.0021792
z_listing[392]  -0.2272281765 0.795335225 -1.4995522480  1.061114978 1.0016719
z_listing[393]   0.1666748272 0.971979344 -1.4073508615  1.688019694 1.0008296
z_listing[394]  -0.1261333795 0.897820890 -1.5632984260  1.279261159 1.0011126
z_listing[395]  -0.7061723900 0.936137471 -2.1889912475  0.789232227 1.0000880
z_listing[396]  -0.0818136559 0.997235726 -1.6822410195  1.490970498 1.0003444
z_listing[397]  -0.1973698759 0.808157294 -1.4803984100  1.093185765 1.0010375
z_listing[398]   0.2922093254 0.920556531 -1.1572402750  1.765037311 0.9998966
z_listing[399]  -0.0005344074 0.986796125 -1.5674702665  1.582457077 1.0005154
z_listing[400]  -0.0130157822 0.960214800 -1.5656218135  1.562377756 1.0022637
z_listing[401]   0.2281910091 0.730049993 -0.9460605967  1.357260797 0.9994555
z_listing[402]  -0.1442056748 0.961113276 -1.6980280730  1.393149330 1.0013641
z_listing[403]   0.0532445891 0.958744973 -1.4886402520  1.573353895 1.0020431
z_listing[404]   0.2700805985 0.973059096 -1.3060995195  1.836886807 0.9996117
z_listing[405]   0.1101526338 0.984168921 -1.4637481685  1.694439805 1.0008073
z_listing[406]  -0.4499295701 0.985057407 -1.9895579335  1.125410537 1.0008946
z_listing[407]   0.3532578142 0.842331421 -0.9928252184  1.686832929 1.0000019
z_listing[408]   0.1556976746 0.900305319 -1.2486846395  1.592830967 1.0013246
z_listing[409]   0.0644627187 0.927395894 -1.4105211350  1.547080630 1.0022403
z_listing[410]   0.0081826926 0.813350474 -1.3048981510  1.273512662 1.0021214
z_listing[411]  -0.3298920912 0.893610413 -1.7803953185  1.112259837 1.0013182
z_listing[412]  -0.7207399012 0.802465498 -1.9946343280  0.592486701 1.0002231
z_listing[413]   0.2968055084 0.933224992 -1.2170251985  1.794769217 1.0000597
z_listing[414]   0.2188992755 0.940384935 -1.2739601075  1.718602293 0.9998764
z_listing[415]  -0.1319042706 0.985426462 -1.7046037105  1.450462301 1.0025366
z_listing[416]  -0.1950101083 0.995778938 -1.7887910050  1.403165252 1.0003443
z_listing[417]  -1.1825213144 0.784996623 -2.4271014660  0.068634764 1.0014806
z_listing[418]   0.6135446849 0.773015551 -0.6312584048  1.859792884 1.0015229
z_listing[419]  -0.3107686222 0.891357852 -1.7383190450  1.103798865 1.0015050
z_listing[420]   0.2004596683 0.957487951 -1.3304921035  1.721863349 1.0001104
z_listing[421]  -0.0866740021 0.749922314 -1.2651182440  1.107651345 0.9999531
z_listing[422]   0.1202092563 0.932615808 -1.3390492230  1.615434161 0.9999543
z_listing[423]   0.0014428090 0.937222066 -1.4957965880  1.523871924 1.0008177
z_listing[424]  -0.4269359599 0.928345477 -1.9039346865  1.078150683 1.0001971
z_listing[425]  -0.0017855996 0.982569548 -1.5591415330  1.571757909 1.0003835
z_listing[426]   0.4773418787 0.857197384 -0.8861013367  1.817717370 1.0002441
z_listing[427]  -0.1221225739 0.823031130 -1.4314726410  1.184423211 1.0014817
z_listing[428]  -0.0026634399 0.984853394 -1.5983222020  1.572593841 0.9998644
z_listing[429]  -0.0595163587 0.954180924 -1.5303762865  1.470455594 1.0026840
z_listing[430]   0.1457689145 0.758291394 -1.0454045835  1.347560763 1.0006461
z_listing[431]   0.5524294496 0.661517696 -0.5016524951  1.588914501 0.9999766
z_listing[432]  -0.3767428052 0.758348519 -1.5883414960  0.829779686 1.0013501
z_listing[433]   0.4428946671 0.678692793 -0.6287959818  1.511351811 1.0017496
z_listing[434]  -0.4034581257 0.841691672 -1.7437284510  0.902812501 1.0019444
z_listing[435]   0.2632704110 0.952822750 -1.2549975980  1.781179792 1.0021242
z_listing[436]  -0.0726062504 0.933666675 -1.5747137505  1.428020209 1.0021099
z_listing[437]   0.1269121912 0.712823343 -1.0014747195  1.260105663 1.0007661
z_listing[438]  -0.3178417068 0.982089591 -1.9095489935  1.276080826 1.0031776
z_listing[439]  -0.0244483503 0.977414409 -1.5926577675  1.485045275 1.0023207
z_listing[440]   0.2112262947 0.910258545 -1.2012515175  1.648071762 1.0006443
z_listing[441]   0.2029449479 0.963297755 -1.3344404880  1.722085476 1.0050995
z_listing[442]   0.3976895930 0.812154388 -0.9239422890  1.688139636 1.0006629
z_listing[443]   0.0077257108 0.985641509 -1.5639725160  1.601913555 1.0012828
z_listing[444]  -0.1711909142 0.932885380 -1.6808178540  1.274759767 1.0006020
z_listing[445]  -0.2792161151 0.942605147 -1.7831258900  1.215586054 1.0002453
z_listing[446]  -0.1885812702 0.978905175 -1.7541058780  1.418018527 1.0015865
z_listing[447]   0.0073477944 0.952806269 -1.5072303430  1.548245467 1.0023135
z_listing[448]   0.0591086510 0.973248914 -1.5102383375  1.607724137 1.0000958
z_listing[449]   0.0450213226 0.990796499 -1.5243497250  1.625551814 1.0002348
z_listing[450]  -0.1938396043 1.036253685 -1.8466869460  1.459764398 1.0019856
z_listing[451]  -0.1334181115 0.968795895 -1.6835219305  1.397341042 1.0017812
z_listing[452]   0.1105529715 0.983103219 -1.4302265605  1.699421243 1.0012170
z_listing[453]  -0.0776064604 0.992296635 -1.6698158445  1.483422327 1.0004020
z_listing[454]  -0.0687237196 1.012845968 -1.7142194315  1.519160275 1.0012884
z_listing[455]   0.0736913753 1.009196970 -1.5331783925  1.687628808 1.0003978
z_listing[456]   0.0791563280 0.979428761 -1.4771375105  1.629421633 1.0016764
z_listing[457]   0.6288467725 0.855184868 -0.7313149472  1.975782912 1.0003639
z_listing[458]   0.4424206462 0.809489454 -0.8408584285  1.734616406 1.0004906
z_listing[459]   0.3297080813 0.861292188 -1.0099659110  1.702471386 1.0016518
z_listing[460]   0.4022344085 0.900062654 -1.0726003975  1.821081469 1.0010754
z_listing[461]   0.2641111168 0.935993254 -1.2371042550  1.743082938 1.0004341
z_listing[462]   0.0659330018 0.988810179 -1.5238079555  1.619156628 0.9994628
z_listing[463]  -0.0288665741 0.855926461 -1.4139318355  1.319311379 1.0023577
z_listing[464]   0.0488529304 1.015340761 -1.5947632025  1.683839950 1.0019643
z_listing[465]   0.1846542477 0.954392270 -1.3094431895  1.742129176 0.9999392
z_listing[466]   0.2091674273 0.955195042 -1.3158207175  1.758067797 1.0009525
z_listing[467]   0.2731844186 0.906142310 -1.2161917850  1.715027173 0.9996198
z_listing[468]   0.2262962521 0.915327623 -1.2318234720  1.702969705 1.0002603
z_listing[469]   0.1090896291 0.950384616 -1.3977247775  1.601092059 1.0012034
z_listing[470]  -0.7727357699 0.817425247 -2.0632582175  0.532186286 1.0008257
z_listing[471]   0.0522208908 0.949182104 -1.4647600115  1.576508350 1.0010156
z_listing[472]   0.5786764969 0.814716105 -0.7435944996  1.862325567 1.0013073
z_listing[473]   0.1388674366 0.870847988 -1.2165638030  1.520752939 1.0008798
z_listing[474]  -1.1077290389 0.954478022 -2.6408828230  0.428086014 1.0044307
z_listing[475]  -0.5666737630 0.948463483 -2.0380545385  0.942849996 1.0035951
z_listing[476]   0.4547881699 0.887389414 -0.9584765631  1.858829626 1.0018133
z_listing[477]   0.4340851622 0.849206485 -0.9294679318  1.816675506 1.0012879
z_listing[478]  -0.2740806333 0.933829874 -1.7483736335  1.223710684 0.9999895
z_listing[479]  -0.1027170503 0.894968797 -1.5185947755  1.335946908 0.9999575
z_listing[480]  -0.2493240338 0.921274696 -1.7551357530  1.244992868 1.0003829
z_listing[481]  -0.8968936111 0.799073265 -2.1837873025  0.375364192 1.0007081
z_listing[482]   0.1717308918 0.955248547 -1.3283232995  1.727372920 1.0002505
z_listing[483]   0.1058878337 0.922834325 -1.3574147985  1.544112179 1.0022041
z_listing[484]  -0.0551246062 1.019413686 -1.6995475520  1.575205295 1.0022882
z_listing[485]   0.2471200431 0.919765654 -1.2195524890  1.708466850 0.9999110
z_listing[486]   0.3164217058 0.923743219 -1.1738280355  1.826224641 1.0007409
z_listing[487]   0.2431366819 0.965751363 -1.2841267445  1.764473207 1.0031430
z_listing[488]   0.1936569274 0.931381103 -1.2737585745  1.681696666 1.0012316
z_listing[489]   0.3987752026 0.913480746 -1.0654224515  1.891076639 1.0031521
z_listing[490]   0.2450367375 0.913725408 -1.2065894050  1.719014995 1.0010196
z_listing[491]   0.3640716531 0.911329521 -1.0666792830  1.773183530 1.0018805
z_listing[492]  -0.1190863149 0.866976887 -1.4833990840  1.258251275 1.0002323
z_listing[493]   0.1607971327 0.946240727 -1.3387209410  1.661466923 0.9999054
z_listing[494]   0.2067203001 0.945145010 -1.3042871025  1.718637687 1.0016456
z_listing[495]  -0.1897817825 0.856032055 -1.5395039750  1.170460081 1.0021105
z_listing[496]   0.4350457083 0.897586367 -0.9801702279  1.874033384 1.0005372
z_listing[497]   0.3286559482 0.893352772 -1.0896628735  1.740122885 1.0014539
z_listing[498]   0.0587651972 0.995791713 -1.5396522840  1.617311688 1.0014880
z_listing[499]   0.0465833310 1.005758961 -1.5674372740  1.652287681 1.0029396
z_listing[500]  -0.2838240662 0.859706730 -1.6499855165  1.067495941 1.0012690
z_listing[501]  -0.2035032630 0.814882746 -1.4890117610  1.105757680 0.9999758
z_listing[502]  -0.1688424458 0.825337054 -1.4713630310  1.132632153 1.0020378
z_listing[503]   0.1951530965 0.976262143 -1.3201127120  1.739648340 1.0011512
z_listing[504]  -0.1996391754 0.942587842 -1.6964659750  1.326271861 1.0010268
z_listing[505]   0.3858083518 0.929861565 -1.0908496665  1.888845284 1.0009317
z_listing[506]  -0.2125121540 0.911535206 -1.6795212690  1.213036538 1.0005311
z_listing[507]  -0.3359543525 0.979907969 -1.8784460345  1.236843652 1.0007303
z_listing[508]   0.4440372140 0.847190510 -0.9159031324  1.795595045 0.9993803
z_listing[509]   0.0666252793 1.002886800 -1.5055214080  1.665410732 1.0010820
z_listing[510]   0.0748532998 1.000623960 -1.5009663030  1.689221856 1.0005336
z_listing[511]   0.2718708781 0.606608736 -0.6815348438  1.238843305 1.0004736
z_listing[512]   0.2590724384 0.867870541 -1.1187248355  1.670202648 1.0019069
z_listing[513]  -0.1097150179 0.947900926 -1.6231855115  1.401682968 1.0048119
z_listing[514]   0.0659433029 0.999002994 -1.4731985125  1.646584217 1.0012165
z_listing[515]   0.3616653292 0.891080939 -1.0366427360  1.791992235 1.0004422
z_listing[516]  -0.2603579482 0.908161559 -1.7132257240  1.213611660 1.0028458
z_listing[517]  -0.5182403152 0.901568471 -1.9594479790  0.890995776 1.0010147
z_listing[518]   0.0159295042 0.945407108 -1.5077832105  1.500987994 1.0004957
z_listing[519]   0.2851269532 0.854948897 -1.0806147135  1.652462143 1.0015897
z_listing[520]  -0.1881871161 0.997822659 -1.7562156365  1.383173811 1.0008899
z_listing[521]  -0.3039278796 0.985162234 -1.8754697105  1.270159984 1.0008326
z_listing[522]   0.0724046474 0.993085235 -1.5311658925  1.685099629 0.9999658
z_listing[523]   0.0422425083 0.918600390 -1.4419882725  1.491729546 1.0042498
z_listing[524]  -0.2510410468 0.898300991 -1.7216394535  1.187874360 1.0015896
z_listing[525]   0.0729295791 0.950084977 -1.4064692465  1.586254304 1.0037814
z_listing[526]   0.3692201011 0.886461136 -1.0752672745  1.804599488 1.0001157
z_listing[527]   0.1539057006 0.933958201 -1.3248011780  1.642205977 1.0006425
z_listing[528]  -0.0276066891 0.896552436 -1.4633689755  1.400849357 1.0011208
z_listing[529]  -0.0925806390 0.910090211 -1.5549797460  1.381607638 1.0021306
z_listing[530]   0.0762073179 0.989239069 -1.5329574125  1.657377405 1.0007451
z_listing[531]   0.1637824560 0.937535166 -1.3370119590  1.651278746 1.0013340
z_listing[532]   0.1817979015 0.957550566 -1.3582186315  1.686716302 1.0002545
z_listing[533]   0.0295281032 0.891819530 -1.4240069715  1.435756129 1.0008465
z_listing[534]  -0.0046776842 0.977477334 -1.5383926960  1.561170650 1.0009721
z_listing[535]   0.1184816630 0.975762087 -1.4699190400  1.649911120 0.9995337
z_listing[536]   0.2529114028 0.905494287 -1.1748661595  1.703227801 1.0047581
z_listing[537]  -0.9893675036 0.973054698 -2.5561537070  0.580315832 0.9997479
z_listing[538]  -0.1852952229 0.931144823 -1.6564037270  1.294088016 1.0002633
z_listing[539]   0.0606206080 0.928307180 -1.4364913275  1.520295073 1.0008467
z_listing[540]   0.0828179745 0.985659786 -1.4885668325  1.659134340 1.0012122
z_listing[541]  -0.4212483156 1.005124829 -2.0213554525  1.177562340 1.0024490
z_listing[542]  -0.0068812850 0.974974692 -1.6036774735  1.556539997 1.0004817
z_listing[543]   0.0285554803 0.982011831 -1.5134074315  1.561798142 1.0004325
z_listing[544]   0.2678932273 0.925923238 -1.2161617335  1.739990457 1.0012772
z_listing[545]   0.2009598565 0.920805873 -1.2808268985  1.697555604 1.0014053
z_listing[546]   0.1984757335 0.919649608 -1.2567655260  1.689171497 1.0030356
z_listing[547]   0.2594485568 0.973344778 -1.3017668500  1.823999033 1.0002222
z_listing[548]  -0.5068047915 0.964293134 -2.0674157280  1.067445651 1.0008467
z_listing[549]  -0.0654240892 0.941803617 -1.5465758940  1.382340873 0.9999687
z_listing[550]   0.2857780054 0.892473293 -1.1569270590  1.707277800 1.0041859
z_listing[551]   0.0633786123 0.963267476 -1.4751906760  1.616468632 1.0004726
z_listing[552]  -0.3223384193 0.935660526 -1.8099621565  1.141484998 1.0002188
z_listing[553]   0.1760229520 0.938556410 -1.3357999615  1.685774513 1.0029074
z_listing[554]  -0.2402978397 1.010228435 -1.8333651330  1.355643422 1.0002716
z_listing[555]   0.0121888972 0.985115481 -1.5812827420  1.613747101 1.0004479
z_listing[556]   0.3487019434 0.898869964 -1.0983319165  1.792548225 1.0016257
z_listing[557]  -0.3842921116 0.993176958 -1.9556190285  1.228086275 1.0017141
z_listing[558]  -0.2140231249 0.984112307 -1.7674740500  1.359855662 1.0012376
z_listing[559]   0.2096443344 0.949235836 -1.3208304590  1.723068068 1.0026534
z_listing[560]   0.1173383661 0.968459436 -1.4188875990  1.660267377 1.0025177
z_listing[561]  -0.0618130426 0.930604279 -1.5487463940  1.437392088 0.9996573
z_listing[562]   0.1167803408 0.986782434 -1.4441574580  1.650037281 1.0011150
z_listing[563]  -0.6994181044 0.931522702 -2.1734580890  0.780683967 1.0007648
z_listing[564]  -0.0693999553 0.965964904 -1.6043963640  1.500016144 1.0031330
z_listing[565]  -0.3307134392 0.888609808 -1.7842640430  1.094553766 1.0016486
z_listing[566]  -0.5042548239 0.874745067 -1.8940103555  0.859512280 1.0002745
z_listing[567]   0.0729886104 0.997161257 -1.5133193495  1.659323637 1.0022656
z_listing[568]   0.2603960500 0.923753843 -1.2443236015  1.713719138 1.0021956
z_listing[569]   0.2711998529 0.939151883 -1.2213854825  1.806327523 1.0008087
z_listing[570]  -0.0587469931 1.031633648 -1.6867543720  1.581911283 1.0031693
z_listing[571]   0.0781751637 0.979281886 -1.4431724840  1.615382690 1.0006615
z_listing[572]  -0.3805412937 0.910547188 -1.8419970015  1.072904602 1.0004118
z_listing[573]  -0.0177356795 0.947932764 -1.5597654215  1.519264630 1.0045438
z_listing[574]   0.0679520552 0.892698562 -1.3793654130  1.510171986 1.0005473
z_listing[575]  -0.0754852877 1.016218898 -1.6747360420  1.496042287 1.0017361
z_listing[576]  -0.4350126671 0.974792531 -1.9464451860  1.153598757 1.0012906
z_listing[577]  -0.0174172414 0.921943740 -1.4366371395  1.476335180 1.0017832
z_listing[578]  -0.0341670710 0.936889364 -1.5166883910  1.467871737 1.0018851
z_listing[579]   0.2017913761 0.942063863 -1.3008065730  1.716832831 1.0018040
z_listing[580]   0.0755422241 0.998718440 -1.5656522525  1.664467818 1.0002491
z_listing[581]   0.1988228662 0.951453541 -1.3429412560  1.745120774 1.0007622
z_listing[582]   0.1069030087 0.984502645 -1.4828814705  1.677344153 1.0023308
z_listing[583]  -0.1491891976 0.973824921 -1.7297089150  1.404334897 1.0018466
z_listing[584]   0.3924959592 0.530878093 -0.4634238629  1.245572194 1.0009662
z_listing[585]   0.0859827288 0.984053205 -1.4771963200  1.633851631 1.0001984
z_listing[586]   0.0516707694 0.990757101 -1.5498708370  1.645640597 1.0014546
z_listing[587]  -0.1132714392 0.941867932 -1.6059072605  1.374272997 1.0008444
z_listing[588]   0.0248599256 0.974898530 -1.5324607585  1.587494383 1.0016128
z_listing[589]  -0.0408036641 0.941190580 -1.5534763670  1.513289227 1.0007745
z_listing[590]   0.1207364909 0.987089048 -1.4664761980  1.703749745 1.0006714
z_listing[591]   0.0643195498 0.977788918 -1.5065582335  1.603972231 1.0009849
z_listing[592]   0.0663909140 0.993493086 -1.5491958725  1.679634535 0.9998416
z_listing[593]  -0.3691781832 0.982454153 -1.9378503010  1.186475302 1.0041705
z_listing[594]   0.1228477543 0.986465836 -1.4851907040  1.686048008 1.0032056
z_listing[595]   0.0507469916 0.981073739 -1.5551061870  1.633757036 0.9995677
z_listing[596]  -0.0892763284 0.986758180 -1.6857856300  1.505545659 0.9994974
z_listing[597]   0.1419895360 0.977847217 -1.3973934030  1.686983198 0.9997526
z_listing[598]   0.0280499222 0.964855271 -1.4796723795  1.539555659 1.0006028
z_listing[599]   0.0783116277 0.995532546 -1.5298960790  1.676011071 0.9999102
z_listing[600]   0.0061567719 0.984110601 -1.5185733885  1.585542664 1.0024332
z_listing[601]   0.0729336062 0.979810920 -1.5054574925  1.640478755 1.0015038
z_listing[602]   0.1080971306 0.987837390 -1.4818835875  1.670533767 1.0008123
z_listing[603]   0.1014349681 0.982932201 -1.4621812910  1.652597466 1.0004761
z_listing[604]  -0.0458497468 0.991012001 -1.6648907925  1.551775826 1.0010575
z_listing[605]  -0.0336395989 0.944006032 -1.5446804240  1.463110361 1.0008280
z_listing[606]  -0.1855293930 1.004931083 -1.7716077385  1.415487811 1.0010026
z_listing[607]  -0.1394347220 0.987262114 -1.7070522775  1.446244233 1.0003595
z_listing[608]   0.0720943665 0.970568778 -1.4462948815  1.617692414 1.0007597
z_listing[609]   0.1158190899 0.999340495 -1.4568584975  1.706251876 1.0016380
z_listing[610]  -0.1399313057 0.971473511 -1.7094198645  1.433401324 1.0010371
z_listing[611]  -0.2286480099 0.784342055 -1.4679447445  1.029134999 1.0009399
z_listing[612]   0.0585733898 1.006133753 -1.4897460885  1.670236206 0.9997212
z_listing[613]   0.1755945971 0.983368144 -1.4100358630  1.750639978 1.0022074
z_listing[614]  -0.0771594661 0.994099619 -1.6196257015  1.535851203 1.0021429
z_listing[615]  -0.0150663406 1.002617395 -1.6475530675  1.590142912 1.0007918
z_listing[616]   0.0861098779 0.934175164 -1.4456722400  1.539233769 1.0009379
z_listing[617]   0.4646340312 0.864008725 -0.9073465131  1.859652929 1.0021628
z_listing[618]   0.0699648003 0.992964335 -1.4837614540  1.652759711 0.9993296
z_listing[619]   0.2786039424 0.936136637 -1.2597809530  1.786897784 1.0003843
z_listing[620]   0.2310266282 0.949205183 -1.2753784740  1.737639278 1.0013147
z_listing[621]   0.1482832886 0.937100434 -1.3620761555  1.625101032 1.0022196
z_listing[622]  -1.2824288007 0.530405849 -2.1239016160 -0.420017756 1.0019565
z_listing[623]   0.5164577057 0.485077497 -0.2652237339  1.294360256 1.0007030
z_listing[624]   0.0574333321 1.005085762 -1.5815472880  1.666966200 1.0021915
z_listing[625]   0.3114237143 0.948231103 -1.2252707980  1.844226996 1.0009895
z_listing[626]  -0.2404011342 0.756182925 -1.4343775170  0.990295640 1.0025954
z_listing[627]   0.0140688977 0.971860204 -1.5342919330  1.574281142 1.0010397
z_listing[628]  -0.0004640789 0.912126518 -1.4540481830  1.467944981 1.0035466
z_listing[629]   0.0598713114 0.962028086 -1.5270080965  1.594685364 1.0003093
z_listing[630]   0.3600630075 0.882386613 -1.0487864705  1.753123205 1.0035185
z_listing[631]  -0.1305259940 0.883207229 -1.5209510230  1.284944975 1.0024869
z_listing[632]   0.7388510036 0.540556324 -0.1243932898  1.610989466 1.0024805
z_listing[633]   0.2088910480 0.885272936 -1.1781488565  1.621113626 1.0004524
z_listing[634]   0.0697085307 1.005044812 -1.5700240690  1.679890629 1.0038374
z_listing[635]   0.1357345207 0.988453661 -1.4322567425  1.739031697 1.0000249
z_listing[636]  -0.0664939371 0.903578147 -1.5298592445  1.394063765 1.0002613
z_listing[637]   0.3226727771 0.917701819 -1.1350290680  1.749052386 1.0004469
z_listing[638]   0.3645839315 0.774877927 -0.8971442966  1.585739416 1.0006714
z_listing[639]   0.3870238714 0.753699053 -0.8218418779  1.591846687 1.0016213
z_listing[640]  -0.0292639445 0.826348651 -1.3524118100  1.272662726 1.0022941
z_listing[641]   0.0696302294 0.937911818 -1.4295317500  1.589181181 1.0003119
z_listing[642]   0.4036519762 0.889542214 -0.9857176976  1.803449252 1.0002958
z_listing[643]   0.0607430137 1.017667559 -1.5410956875  1.652619938 0.9999050
z_listing[644]   0.1452647946 0.922215121 -1.2789993250  1.596893923 1.0001463
z_listing[645]  -0.5583822895 0.856535099 -1.9029361780  0.776338851 1.0017941
z_listing[646]   0.1170161885 0.919578440 -1.3214810165  1.589800921 1.0002686
z_listing[647]   0.0574968221 1.012344980 -1.5800319965  1.651051611 1.0012138
z_listing[648]   0.1326664688 0.901080221 -1.3144895020  1.567172748 1.0016083
z_listing[649]  -0.0377414490 0.808895249 -1.3478209185  1.243955836 1.0014492
z_listing[650]   0.1417016056 0.940315435 -1.3672530715  1.646629353 1.0001226
z_listing[651]  -0.1952675199 0.698190065 -1.2977624530  0.923552542 1.0034428
z_listing[652]   0.1213846767 0.969149096 -1.4310464740  1.667695130 0.9995797
z_listing[653]  -0.0367005288 0.745799234 -1.2441497205  1.146722863 1.0023041
z_listing[654]   0.4252673280 0.877683271 -1.0077238305  1.840196880 1.0018474
z_listing[655]   0.4248386490 0.919348358 -1.0350759705  1.871892841 1.0002555
z_listing[656]  -0.2105175932 0.558038968 -1.0911593930  0.694663188 1.0006417
z_listing[657]   0.7240984360 0.665190955 -0.3210256367  1.791857492 1.0012229
z_listing[658]   0.6092341054 0.775635869 -0.6234205646  1.835844870 1.0035337
z_listing[659]   0.0858374728 1.000508833 -1.5314634710  1.661568610 1.0001575
z_listing[660]  -0.2780323891 0.953017960 -1.8098276735  1.225238704 1.0004909
z_listing[661]   0.3099486543 0.417895504 -0.3502127685  0.980072046 1.0009600
z_listing[662]  -0.0487096285 0.997092457 -1.6533795335  1.580631548 1.0001448
z_listing[663]  -0.0034373634 0.995215824 -1.6061215125  1.604968281 1.0003569
z_listing[664]   0.1825428655 0.906302173 -1.2491752320  1.602354881 1.0032140
z_listing[665]   0.3046589295 0.610767985 -0.6773626591  1.301510924 1.0005006
z_listing[666]   0.0800840179 0.766878083 -1.1429278590  1.314854723 1.0010399
z_listing[667]   0.2044391248 0.962813797 -1.3386911755  1.756024072 1.0015960
z_listing[668]   0.1242621072 1.017021429 -1.4914358360  1.765475071 1.0006989
z_listing[669]  -0.0500298769 0.858132426 -1.4555984405  1.317198353 1.0005651
z_listing[670]  -0.5502971108 0.837200640 -1.8693791940  0.796751625 1.0027220
z_listing[671]  -0.2495948506 0.391636743 -0.8727262853  0.370213514 1.0015679
z_listing[672]  -2.1018382212 0.593800175 -3.0247818925 -1.147188525 1.0009478
z_listing[673]   0.3920524454 0.875053599 -1.0659413905  1.831035290 1.0003895
z_listing[674]   0.3795349067 0.893739121 -1.0667894755  1.785035176 1.0003744
z_listing[675]  -0.3862182508 0.765967331 -1.6037783340  0.849845582 1.0004847
z_listing[676]   0.2785859610 0.886058948 -1.1308162600  1.717632865 1.0033359
z_listing[677]   0.0644396089 1.000586653 -1.5187555320  1.707910385 1.0007375
z_listing[678]  -0.2021807810 0.881320966 -1.6122183065  1.206055754 1.0005644
z_listing[679]  -1.9801885843 0.414185818 -2.6351089065 -1.314358985 1.0002542
z_listing[680]  -0.2028722332 0.742687414 -1.3876890145  0.996041057 1.0022348
z_listing[681]   0.0771142763 0.984840885 -1.4807859380  1.625140258 1.0013125
z_listing[682]   0.3892395478 0.521648685 -0.4243821264  1.219012085 1.0017151
z_listing[683]  -0.2461354052 0.718593203 -1.3811486495  0.900880942 0.9999715
z_listing[684]   0.2009207518 0.938064119 -1.2572498860  1.693574391 1.0008784
z_listing[685]   0.2338042065 0.933202977 -1.2686756690  1.716615668 1.0003847
z_listing[686]   0.5401126521 0.885198529 -0.8551338894  1.925709554 1.0005327
z_listing[687]   0.0590344353 1.010885808 -1.5445480000  1.647835268 1.0014015
z_listing[688]   0.6503790709 0.819100035 -0.6486806601  1.916794354 1.0012877
z_listing[689]   0.1620229587 1.003338871 -1.4426971940  1.789271055 1.0014732
z_listing[690]  -0.1251965350 0.971776843 -1.6418725885  1.446225431 1.0022649
z_listing[691]   0.1228254070 0.771020040 -1.1403245895  1.336220544 1.0007243
z_listing[692]   0.2129661139 0.970055274 -1.3341773820  1.736168955 1.0004955
z_listing[693]  -0.1663466468 0.915154508 -1.6265287455  1.294118500 1.0009872
z_listing[694]   0.0511043151 0.948528966 -1.4825498725  1.583565863 0.9994923
z_listing[695]   0.3388653795 0.903855923 -1.1251913775  1.772833747 0.9995135
z_listing[696]  -0.2355119647 0.459061522 -0.9769108518  0.501662441 0.9994780
z_listing[697]   0.3094365441 0.608964034 -0.6759869550  1.292163254 1.0009024
z_listing[698]  -0.0661070133 0.979042067 -1.6123154845  1.532570699 1.0013783
z_listing[699]  -0.3730462346 0.902167186 -1.8271668015  1.051883411 1.0007997
z_listing[700]   0.1779879329 0.922731463 -1.2807079090  1.688303306 1.0007570
z_listing[701]   0.5710683494 0.855218789 -0.7957885904  1.950321606 1.0009527
z_listing[702]  -0.5404210153 0.614207213 -1.5017149390  0.441911196 1.0037646
z_listing[703]   0.0627636300 1.015349161 -1.5433392970  1.673347074 1.0026634
z_listing[704]   0.2518129446 0.885570837 -1.1381867140  1.702174323 1.0010900
z_listing[705]   0.1891331940 0.998369252 -1.3980709725  1.761408441 1.0016168
z_listing[706]  -0.0923606878 0.543752433 -0.9772498263  0.746535558 1.0023555
z_listing[707]   0.0769985124 0.513591188 -0.7630452196  0.898539971 1.0014755
z_listing[708]   0.2216140252 0.944998785 -1.2822906905  1.756515585 1.0025289
z_listing[709]  -0.2611888477 0.944688731 -1.8141712775  1.253893017 1.0025091
z_listing[710]   0.4883358808 0.885313870 -0.9205911740  1.895282110 1.0008335
z_listing[711]  -0.2507746692 0.779186489 -1.5035105670  1.011880727 1.0040851
z_listing[712]   0.5559822573 0.515197310 -0.2698056413  1.371742230 1.0005208
z_listing[713]  -0.0813483155 0.975286511 -1.6618201110  1.460702263 1.0025622
z_listing[714]   0.3664272856 0.468854730 -0.3938530080  1.112614889 1.0007678
z_listing[715]   0.3626553529 0.886054499 -1.0750358895  1.766750470 1.0011328
z_listing[716]   0.4880310928 0.685092486 -0.5825170800  1.574219401 1.0004277
z_listing[717]   0.2318629987 0.956529104 -1.2779161455  1.737319872 1.0008044
z_listing[718]   0.3853969515 0.851939627 -0.9757502802  1.746107140 1.0017141
z_listing[719]   0.0435498278 0.999753252 -1.5374853190  1.641546656 1.0012408
z_listing[720]   0.2827611995 0.885659345 -1.1534000740  1.679350136 1.0004235
z_listing[721]   0.2283910807 0.783714620 -1.0447404440  1.479314324 1.0010443
z_listing[722]   0.2034506364 0.890136802 -1.2064648145  1.639734251 1.0009738
z_listing[723]   0.0487176804 1.007582846 -1.5752274555  1.657104078 1.0000334
z_listing[724]  -0.3239526575 0.905475821 -1.7639985015  1.144932799 1.0002905
z_listing[725]  -0.1208723301 0.965233298 -1.6871995215  1.431571640 1.0018569
z_listing[726]   0.3558782371 0.892091433 -1.0842903505  1.754180706 1.0016787
z_listing[727]   0.2872659507 0.902946857 -1.1440376430  1.754356671 1.0006827
z_listing[728]   0.7284485357 0.706099909 -0.4165281987  1.831839424 1.0001610
z_listing[729]  -0.0980075129 0.720227129 -1.2562816310  1.084050945 1.0000062
z_listing[730]   0.0502704576 0.990404667 -1.5764684075  1.640585460 1.0003226
z_listing[731]   0.4832861163 0.875249790 -0.9071022133  1.886796913 0.9997380
z_listing[732]   0.2446789143 0.672247447 -0.8180854632  1.327387853 1.0025424
z_listing[733]  -0.3322998162 0.617057542 -1.3067335420  0.640290971 0.9997679
z_listing[734]   0.7972950394 0.669040508 -0.2609775336  1.896611526 1.0008117
z_listing[735]  -0.1490047914 0.829521486 -1.4870761155  1.192974978 1.0055804
z_listing[736]   0.2072252397 0.636795021 -0.7848953059  1.224632738 1.0002115
z_listing[737]   0.2971565202 0.525076115 -0.5338090045  1.158940784 1.0022894
z_listing[738]   0.0253079168 0.972161717 -1.5665345930  1.545879508 1.0009714
z_listing[739]   0.1450667872 0.974063617 -1.4033720750  1.708990639 1.0020154
z_listing[740]   0.2367269236 0.881357152 -1.1757594870  1.639960410 1.0005832
z_listing[741]   0.1144450532 0.989127174 -1.4524509385  1.693136823 1.0020861
z_listing[742]   0.2941827100 0.775140469 -0.9111856513  1.540902837 1.0009067
z_listing[743]   0.3230240613 0.939763863 -1.1680065625  1.863811675 1.0010179
z_listing[744]   0.4751865492 0.775286220 -0.7370390136  1.706852300 0.9996686
z_listing[745]  -0.4075271291 0.934625086 -1.8961924400  1.096562203 1.0015679
z_listing[746]  -2.0907987685 0.609554962 -3.0541537795 -1.097535161 1.0015518
z_listing[747]   0.2787374787 0.934168822 -1.2230735270  1.745710706 1.0018262
z_listing[748]   0.1076157745 0.770982732 -1.1276233390  1.342660995 1.0004880
z_listing[749]  -2.1160724823 0.503354169 -2.9382078250 -1.324080986 1.0009578
z_listing[750]   0.1055199458 0.993742917 -1.5148146755  1.731936463 1.0012002
z_listing[751]   0.2264921080 0.477345132 -0.5260991488  0.974325843 0.9997263
z_listing[752]   0.0512597615 0.989310084 -1.5356328135  1.631447830 1.0013529
z_listing[753]   0.4456238738 0.588323251 -0.5146611585  1.384798848 1.0006004
z_listing[754]   0.0463720864 0.991145384 -1.5500841990  1.650352132 1.0023152
z_listing[755]  -0.0020653778 0.977520560 -1.5698155760  1.541675666 1.0008297
z_listing[756]   0.4910615168 0.778239634 -0.7619529034  1.691027345 1.0012999
z_listing[757]   0.0734038981 0.950596200 -1.4288350950  1.584546684 1.0007327
z_listing[758]   0.3086572390 0.946654661 -1.2054233640  1.820371467 0.9999891
z_listing[759]   0.2060321216 0.928757386 -1.2709991605  1.701882780 1.0003918
z_listing[760]   0.2249040068 0.986060053 -1.3421998905  1.808911042 1.0005179
z_listing[761]   0.0391842311 0.889166708 -1.3791671280  1.505961106 1.0002984
z_listing[762]   0.5965200410 0.840474470 -0.7635733341  1.920942732 1.0002992
z_listing[763]   0.4317183327 0.877414150 -0.9531077932  1.865083376 0.9994584
z_listing[764]   0.5417509674 0.854378657 -0.8205894964  1.899249394 0.9997342
z_listing[765]   0.0544327274 0.985604841 -1.5116054910  1.603227996 1.0005933
z_listing[766]   0.0762662132 1.040818793 -1.6077701520  1.739227226 1.0012462
z_listing[767]  -0.0408713950 1.002088224 -1.6288199440  1.559197735 1.0008508
z_listing[768]   0.5122947261 0.827901567 -0.8252772336  1.858037598 1.0005039
z_listing[769]   0.8546677404 0.587905185 -0.0922634721  1.781976335 1.0012741
z_listing[770]  -0.1575334066 0.885594907 -1.6134700745  1.258057040 1.0015474
z_listing[771]   0.0220008652 0.881285524 -1.3872888325  1.416845590 1.0003376
z_listing[772]   0.5840214307 0.721991659 -0.5918563870  1.729543858 1.0011747
z_listing[773]  -0.0577977973 0.613420029 -1.0334404980  0.905259123 1.0005848
z_listing[774]   0.1153326272 0.901110939 -1.3310676985  1.528532627 1.0013569
z_listing[775]   0.0476024679 0.697163869 -1.0760554460  1.149618618 1.0023859
z_listing[776]   0.1465855126 0.942553344 -1.3796655815  1.668722743 1.0011723
z_listing[777]   0.7978913506 0.672228686 -0.2707787609  1.885201286 1.0016675
z_listing[778]   0.6236817858 0.741324467 -0.5688748398  1.818770105 1.0006229
z_listing[779]   0.2974302014 0.749503157 -0.9056022903  1.478667846 1.0026947
z_listing[780]   0.3531966355 0.910133126 -1.0834941030  1.809484219 1.0004500
z_listing[781]  -0.0420375026 1.014535535 -1.6958643495  1.583274123 1.0005352
z_listing[782]  -0.3108810489 0.872056829 -1.7049109915  1.070035287 1.0006097
z_listing[783]  -0.9735902143 0.703534132 -2.0940081115  0.136030721 1.0006055
z_listing[784]   0.5835266303 0.850493840 -0.7880343429  1.923913363 1.0014922
z_listing[785]   0.1176814336 0.969810839 -1.4325591805  1.665278675 1.0000587
z_listing[786]  -0.5631888009 0.408191054 -1.2166175795  0.081731580 1.0008241
z_listing[787]   0.7016122335 0.794997051 -0.5821033903  1.972117316 1.0011938
z_listing[788]   0.0504869015 0.999948010 -1.5061899200  1.623947971 1.0055975
z_listing[789]   0.4130985120 0.775591685 -0.8236907375  1.653727223 1.0007974
z_listing[790]   0.0612802268 0.992054241 -1.5326237010  1.663985158 1.0020003
z_listing[791]   0.1216389094 0.993410038 -1.4834124580  1.724323177 1.0021513
z_listing[792]   0.8168474409 0.737985872 -0.3623927013  2.005965282 1.0015516
z_listing[793]   0.0904377891 0.790833425 -1.2036037235  1.330323263 1.0032024
z_listing[794]  -0.1003600304 0.790727871 -1.3457113575  1.168579034 1.0011455
z_listing[795]   0.2542503414 0.895799826 -1.1765129355  1.677090347 1.0020683
z_listing[796]   0.2384662991 0.822999498 -1.0753585080  1.560437640 0.9998420
z_listing[797]   0.1272036237 0.996336188 -1.4677548515  1.707202779 1.0008247
z_listing[798]   0.1216774551 0.976333369 -1.5040780240  1.667392554 1.0010887
z_listing[799]   0.3061794685 0.744839744 -0.8546378655  1.518062694 1.0012293
z_listing[800]   0.1520771065 0.967548822 -1.3971740690  1.699887172 1.0002822
z_listing[801]   0.1258396094 0.980696337 -1.4379928285  1.692960365 1.0018802
z_listing[802]   0.1359194809 0.454891936 -0.5829803021  0.858918479 1.0011608
z_listing[803]  -0.0322408709 0.971971205 -1.6097139860  1.511742901 1.0031800
z_listing[804]  -0.0635294153 0.960387185 -1.6178678345  1.432503811 1.0027512
z_listing[805]   0.2233954301 0.944547096 -1.2821359500  1.708277970 1.0021994
z_listing[806]   0.4997750977 0.868209634 -0.8945420057  1.877521465 1.0007461
z_listing[807]   0.0613456002 0.640216451 -0.9675642852  1.069031220 1.0002569
z_listing[808]   0.0192161404 0.851178490 -1.3728126120  1.376117887 1.0016364
z_listing[809]   0.3090623090 0.944643314 -1.2093886140  1.786557847 0.9999513
z_listing[810]   0.0591598968 0.943529501 -1.4252427530  1.547912456 1.0009036
z_listing[811]   0.2141746470 0.856353692 -1.1575490505  1.585716513 1.0015836
z_listing[812]   0.4406010212 0.693404887 -0.6474980673  1.536371795 1.0054874
z_listing[813]   0.3304887091 0.743350174 -0.8366072415  1.540116710 1.0014800
z_listing[814]  -0.7948098194 0.461751554 -1.5195133710 -0.051741685 0.9998745
z_listing[815]   0.0614090641 0.958661226 -1.4709017115  1.613385938 1.0015843
z_listing[816]   0.1948170466 0.962679331 -1.3366970815  1.728237969 0.9997722
z_listing[817]  -0.0330071518 0.953088943 -1.5475563675  1.482513501 1.0007550
z_listing[818]   0.1281466255 0.974484924 -1.4178842075  1.652464139 1.0029526
z_listing[819]  -0.2950397124 0.921522837 -1.7769218495  1.154988777 1.0007949
z_listing[820]   0.2039068066 0.936914077 -1.2842013300  1.726520207 1.0028754
z_listing[821]   0.0836394174 0.990151723 -1.5031864885  1.708278846 1.0022368
z_listing[822]   0.3539075499 0.914461115 -1.1281142785  1.842238792 0.9998045
z_listing[823]  -0.2329849763 0.820845332 -1.5681930640  1.063743886 1.0016537
z_listing[824]   0.1643119393 1.017504946 -1.5051598970  1.765500106 1.0011064
z_listing[825]   0.4482944150 0.827145912 -0.8604188266  1.765612137 1.0020026
z_listing[826]   0.1175956678 0.785765521 -1.1515804645  1.384001097 1.0030652
z_listing[827]   0.5616670215 0.866872912 -0.8184648066  1.950674866 1.0000786
z_listing[828]  -2.0143751944 0.595682362 -2.9761558310 -1.052736592 1.0026121
z_listing[829]  -0.0343521616 0.918580123 -1.5005962055  1.428636901 1.0011469
z_listing[830]   0.8298768123 0.692611606 -0.2690298529  1.934348767 1.0000207
z_listing[831]   0.0619740835 0.986966197 -1.5229765175  1.682831807 1.0021658
z_listing[832]   0.5294639342 0.782890771 -0.7173761332  1.814670761 1.0018782
z_listing[833]  -0.0643662027 0.977972571 -1.5917469550  1.486637821 1.0047944
z_listing[834]   0.0371123355 0.873189989 -1.3452950720  1.400666001 1.0016085
z_listing[835]  -0.0969048551 0.925513496 -1.5776879115  1.350048388 1.0009998
z_listing[836]   0.0669019901 1.017953306 -1.5876903030  1.690694856 1.0005372
z_listing[837]  -0.1616456969 0.848829610 -1.5020040650  1.214399811 1.0020893
z_listing[838]   0.2918900277 0.847139922 -1.0784709510  1.620036922 1.0036753
z_listing[839]   0.0273559625 0.784043995 -1.2105759205  1.284090797 1.0037360
z_listing[840]  -0.0576776701 0.973739186 -1.6875137450  1.486691072 1.0007056
z_listing[841]  -0.2574666318 0.651498020 -1.2962703905  0.764903263 1.0013919
z_listing[842]   0.2658004649 0.956288790 -1.2764849365  1.792689284 1.0006300
z_listing[843]   0.4090501754 0.919786536 -1.0677791100  1.842872656 1.0016487
z_listing[844]  -0.1286498198 0.855587871 -1.5034209230  1.228104976 1.0003629
z_listing[845]   0.4390633424 0.865126726 -0.9525279438  1.839684418 1.0002938
z_listing[846]  -0.8818478878 0.872978964 -2.2715200250  0.498439920 1.0019609
z_listing[847]  -0.2595447417 0.731394108 -1.4409189765  0.896797294 1.0000639
z_listing[848]  -0.4435059222 0.774310045 -1.6910283390  0.782913118 1.0000602
z_listing[849]  -0.2420527532 0.890036158 -1.6741693985  1.192492013 1.0020960
z_listing[850]  -0.6512348533 0.805774837 -1.9128506960  0.624117036 1.0014497
z_listing[851]  -0.2417852929 0.841229346 -1.5970717505  1.109381317 1.0030138
z_listing[852]  -1.2742448641 0.711456299 -2.3972608885 -0.152836713 1.0006135
z_listing[853]   0.6663654574 0.688247401 -0.4308198960  1.753852723 1.0017131
z_listing[854]  -0.1087400552 0.959476329 -1.6474000790  1.443832957 0.9999923
z_listing[855]   0.4930567801 0.674172116 -0.5860547259  1.570181053 1.0012290
z_listing[856]   0.2289695559 0.946627671 -1.2888272715  1.717432671 1.0010174
z_listing[857]  -0.5002698900 0.871017592 -1.8910814530  0.924211474 1.0008464
z_listing[858]  -0.6031165128 0.731695459 -1.8008718780  0.566417779 1.0007571
z_listing[859]   0.0831092590 0.974060271 -1.4919152585  1.641824256 1.0013912
z_listing[860]   0.1704009490 0.826482303 -1.1318180425  1.473868898 1.0007425
z_listing[861]  -0.0822475963 0.717761579 -1.2505195055  1.054039937 1.0034629
z_listing[862]  -0.2976258336 0.853084353 -1.6749500885  1.064033471 1.0014369
z_listing[863]   0.0076895416 0.761255074 -1.2095394025  1.233044551 1.0018862
z_listing[864]  -1.1872339738 0.767610756 -2.4040046255  0.052413534 1.0003724
z_listing[865]  -0.0962920749 0.875848116 -1.4892635040  1.307323503 1.0003166
z_listing[866]  -0.9882313472 0.811388545 -2.2610097465  0.287221742 1.0016778
z_listing[867]  -1.0725177508 0.962541692 -2.6075149045  0.432916089 0.9996415
z_listing[868]  -1.6925979850 0.674841461 -2.7911724660 -0.599998908 1.0004305
z_listing[869]  -0.3180388556 0.894729394 -1.7566250885  1.078289569 0.9998581
z_listing[870]  -0.6202012080 0.713092260 -1.7534420605  0.526989306 1.0027761
z_listing[871]   0.5473892259 0.591685702 -0.3948821359  1.471014535 1.0004869
z_listing[872]   0.0713765077 0.988260000 -1.5326051225  1.666551635 1.0043171
z_listing[873]  -0.2517891678 0.837085735 -1.6111235025  1.106540509 1.0024781
z_listing[874]  -0.9224689173 0.849252826 -2.2681516400  0.406194041 1.0035060
z_listing[875]  -0.1673619653 0.797024377 -1.4322955100  1.083526756 1.0004457
z_listing[876]  -0.2961516888 0.808039258 -1.5950124705  0.998846491 1.0002975
z_listing[877]  -0.6520982763 0.710236214 -1.7851389000  0.509553051 1.0032889
z_listing[878]  -0.3358748143 0.840973749 -1.6854590330  1.017936821 1.0008564
z_listing[879]   0.2514933998 0.853014997 -1.1359695140  1.624225545 1.0003622
z_listing[880]  -0.0509560613 0.739622476 -1.2427316920  1.151504577 1.0010814
z_listing[881]   0.4452903154 0.560304043 -0.4607211520  1.338461370 0.9994034
z_listing[882]  -1.1151783580 0.809774107 -2.3981918250  0.197321559 1.0003427
z_listing[883]   0.6245393975 0.858402819 -0.7137265570  1.989068393 1.0008528
z_listing[884]  -1.7354333251 0.648774865 -2.7690978845 -0.688565726 1.0022102
z_listing[885]  -0.0268490761 0.734449941 -1.1983328645  1.156637188 1.0007193
z_listing[886]   0.2562812615 0.697380737 -0.8658871339  1.354390744 1.0021891
z_listing[887]  -1.2973632356 0.561373457 -2.1816486735 -0.380725540 1.0012319
z_listing[888]   0.5117817893 0.887090448 -0.9193561862  1.922866405 1.0000253
z_listing[889]   0.0144022199 0.946102597 -1.4870441465  1.507210455 1.0007901
z_listing[890]  -0.0161636925 0.715602565 -1.1493694105  1.151390603 1.0028075
z_listing[891]  -0.4565916755 0.788445088 -1.7144596625  0.789339356 1.0016351
z_listing[892]  -0.2201002207 0.799073042 -1.5040565505  1.099655243 0.9999875
z_listing[893]   0.6688442555 0.710413595 -0.4562884079  1.815007179 1.0022552
z_listing[894]  -0.9584398941 0.846854521 -2.3197659075  0.374524387 0.9998978
z_listing[895]   0.2083644902 0.886052185 -1.2094565110  1.608694791 1.0030286
z_listing[896]  -0.4903439991 0.738066421 -1.6647779635  0.695178797 1.0019660
z_listing[897]   0.1478899816 0.609260746 -0.7930881904  1.112968014 1.0044905
z_listing[898]   0.8228017671 0.650575377 -0.2003226344  1.883234369 1.0013890
z_listing[899]  -0.4463997167 0.857490522 -1.8187502820  0.952737988 1.0009054
z_listing[900]  -0.9500822488 0.841281206 -2.2970265690  0.398864659 1.0003390
z_listing[901]  -0.2863288261 0.862105922 -1.6686685515  1.123625033 1.0029122
z_listing[902]  -0.4038863962 0.880053730 -1.7835999620  1.034429858 1.0017972
z_listing[903]  -1.0475275059 0.810515292 -2.3236034450  0.240402728 1.0010226
z_listing[904]  -0.6772254601 0.855205783 -2.0661270385  0.709225286 1.0004835
z_listing[905]   0.2559261275 0.939634878 -1.1954133100  1.731817057 1.0001978
z_listing[906]  -0.1364287509 0.891964900 -1.5851147820  1.258401273 1.0017073
z_listing[907]  -0.5822611788 0.866243802 -1.9749349890  0.823749726 1.0005835
z_listing[908]  -0.5950928711 0.807367369 -1.8769137740  0.702312988 1.0037741
z_listing[909]  -0.7627150303 0.919381002 -2.2394360850  0.718718356 1.0008245
z_listing[910]  -0.8587482333 0.875283931 -2.2612586950  0.545127564 1.0007859
z_listing[911]   0.5654259319 0.807217784 -0.7368813801  1.876245408 1.0001351
z_listing[912]   0.6282254544 0.597690129 -0.3323534505  1.560727680 1.0015896
z_listing[913]  -0.2189103631 0.947206406 -1.7420359170  1.288118467 1.0022513
z_listing[914]   0.0199851849 0.864934133 -1.3570343485  1.445341444 0.9995607
z_listing[915]   0.0680479847 0.980729738 -1.4960976025  1.612216841 0.9998971
z_listing[916]   0.1717291532 0.946062892 -1.3504714600  1.660229169 1.0007268
z_listing[917]  -1.1723672174 0.519086646 -1.9999246110 -0.354686147 1.0034166
z_listing[918]  -0.2988003985 0.860096273 -1.6522277355  1.089010627 1.0006057
z_listing[919]  -0.0397158978 0.755216339 -1.2660109260  1.187258082 0.9998740
z_listing[920]   0.0760728425 0.980398147 -1.4576674550  1.645517280 1.0002084
z_listing[921]   0.8941017316 0.687020647 -0.2203701933  2.011665955 1.0016739
z_listing[922]   0.2865416877 0.877327681 -1.0956942470  1.732230693 1.0012510
z_listing[923]   0.7543014428 0.576018512 -0.1735311962  1.676072420 1.0000536
z_listing[924]  -0.2413309585 0.453506005 -0.9685848683  0.478153524 1.0032795
z_listing[925]   0.1143164015 0.957363911 -1.3987236385  1.659602580 1.0036154
z_listing[926]   0.1218268236 0.992853819 -1.4636618065  1.705290606 1.0010021
z_listing[927]   0.1669844112 0.975890315 -1.3739021975  1.715020062 1.0019454
z_listing[928]  -0.2264696832 0.863066658 -1.6304575540  1.132056220 0.9997955
z_listing[929]   0.0304512874 0.971602896 -1.5529743305  1.555085891 1.0004436
z_listing[930]   0.0141853664 0.917471459 -1.4557487315  1.475511426 1.0006829
z_listing[931]   0.4937698659 0.733890061 -0.6845337179  1.649614458 1.0002382
z_listing[932]   0.7914870630 0.741566521 -0.3580684875  1.995594613 1.0033028
z_listing[933]   0.1830500085 0.917312341 -1.3126927710  1.617226744 1.0006177
z_listing[934]   0.0477092594 0.941458828 -1.4491416925  1.549628510 1.0024807
z_listing[935]   0.0550643665 0.960969117 -1.5049640560  1.594611369 1.0006587
z_listing[936]   0.3493649076 0.836937678 -1.0167333780  1.653213366 1.0001452
z_listing[937]   0.6077115153 0.534378820 -0.2292714975  1.451142566 1.0010916
z_listing[938]   0.1118391197 0.985084259 -1.4414930485  1.712538515 1.0029029
z_listing[939]   0.7522322835 0.742364851 -0.4233072888  1.939874805 1.0016835
z_listing[940]   0.1194174592 0.941927096 -1.3963614210  1.607000577 1.0019215
z_listing[941]   0.5925198625 0.743929179 -0.5938365417  1.795463239 1.0002068
z_listing[942]   0.0428356364 0.812835364 -1.2602610115  1.365421264 0.9998550
z_listing[943]   0.6727119079 0.588346063 -0.2745262077  1.617847847 1.0007332
z_listing[944]  -0.6914681939 0.953234498 -2.2239067020  0.867586265 0.9996335
z_listing[945]   0.1600221172 0.873086308 -1.2155801400  1.550934546 1.0032162
z_listing[946]  -0.1387495367 0.807978585 -1.4573538020  1.141330632 1.0003142
z_listing[947]  -1.4519775738 0.589723921 -2.3813203325 -0.526264267 1.0007784
z_listing[948]   0.0131053349 0.919268229 -1.4150526005  1.516358792 1.0012505
z_listing[949]   0.4018226789 0.842222262 -0.9570359196  1.718936820 1.0007578
z_listing[950]  -0.0510547137 0.983518950 -1.5999194670  1.520056681 1.0012049
z_listing[951]   0.1933743202 0.949887134 -1.3374154305  1.700522794 1.0001051
z_listing[952]   0.0748771252 1.000660951 -1.5347599185  1.672397767 1.0028549
z_listing[953]  -1.7281734410 0.639285242 -2.7289623525 -0.713371134 1.0003819
z_listing[954]   0.6250202006 0.572010690 -0.2712756336  1.552985097 1.0004262
z_listing[955]   0.3740057783 0.446741220 -0.3432405809  1.099938700 1.0018513
z_listing[956]   0.1284656650 0.896296558 -1.2988836420  1.561461392 1.0025436
z_listing[957]  -0.5440420668 0.765153753 -1.7584378280  0.674286945 1.0006343
z_listing[958]   0.1081261110 0.929439775 -1.3823110790  1.609978045 1.0007558
z_listing[959]  -0.9864131183 0.713605352 -2.1144188010  0.144240176 1.0001843
z_listing[960]   0.7695477688 0.498779713 -0.0232451779  1.568744896 1.0022395
z_listing[961]   0.5732321848 0.733441802 -0.5786370518  1.737030131 1.0010795
z_listing[962]  -0.3505867216 0.471804241 -1.1048327775  0.401763858 1.0026306
z_listing[963]  -0.6404385106 0.712777352 -1.7995393035  0.525881981 1.0007615
z_listing[964]   0.0775719721 0.990154605 -1.4612301450  1.618006614 1.0004110
z_listing[965]  -3.1752866158 0.475128634 -3.9475516500 -2.428212288 1.0013912
z_listing[966]   0.1434204180 0.913210341 -1.3098194390  1.611611561 0.9997724
z_listing[967]   0.7001644597 0.649340375 -0.3354160860  1.729206459 1.0011544
z_listing[968]   0.2067957030 0.969304793 -1.3445378475  1.732284313 1.0019998
z_listing[969]   0.5736764202 0.566666674 -0.3485193590  1.469376934 1.0013756
z_listing[970]   0.2289452235 0.905377184 -1.2520280675  1.689036754 1.0018288
z_listing[971]   0.0787103402 0.985361893 -1.5133167515  1.650205829 1.0007715
z_listing[972]   0.1274600902 0.977749287 -1.4413497480  1.681500868 1.0002269
z_listing[973]   0.0770898140 0.792698760 -1.2002555835  1.371516882 1.0019374
z_listing[974]   0.5948399040 0.770716892 -0.6256003894  1.841848096 0.9998430
z_listing[975]   0.3789531268 0.913595228 -1.0683162840  1.821447613 1.0001698
z_listing[976]   0.3244322446 0.581241105 -0.5860643908  1.255562085 1.0004488
z_listing[977]  -0.4476974144 0.987418318 -2.0490962805  1.168916541 1.0018728
z_listing[978]   0.0704678424 0.957548027 -1.4690591855  1.634671496 1.0013677
z_listing[979]   0.3288157874 0.448897002 -0.3846174776  1.046999725 1.0001553
z_listing[980]   0.0983614518 0.796504811 -1.1435625925  1.355216130 1.0030128
z_listing[981]   0.2519302631 0.958828196 -1.2544316780  1.767789804 1.0004165
z_listing[982]   0.0723208989 0.977559307 -1.4711453130  1.646489674 1.0005092
z_listing[983]   0.3010383529 0.934750579 -1.1982083945  1.815759274 1.0004846
z_listing[984]   0.6581584966 0.395700193  0.0241582918  1.298988129 1.0001818
z_listing[985]  -0.0227838241 0.918713022 -1.4931364610  1.423168413 1.0013101
z_listing[986]   0.1194798752 0.863639016 -1.2583283360  1.557433793 1.0005054
z_listing[987]   0.1272140378 0.909644804 -1.3128953355  1.584927358 1.0000650
z_listing[988]   0.6034188351 0.813738649 -0.6859139285  1.916368733 1.0013294
z_listing[989]   0.1489018616 0.993232455 -1.4244719260  1.748903635 1.0012772
z_listing[990]   0.5045422187 0.829138446 -0.8231772237  1.843954961 1.0030351
z_listing[991]   0.8809240037 0.509925327  0.0426593018  1.692073860 0.9997541
z_listing[992]   0.0788172888 0.582115783 -0.8570731458  1.030114923 1.0003125
z_listing[993]   0.2773258172 0.803678309 -0.9871760628  1.573504154 1.0000730
z_listing[994]   0.5429476750 0.861876223 -0.8424887077  1.929457022 1.0009114
z_listing[995]  -0.9259476297 0.927777183 -2.3989811735  0.550741614 1.0005944
z_listing[996]  -2.4266816224 0.807180307 -3.7083916705 -1.136286464 1.0015796
z_listing[997]  -3.0818628857 0.683046543 -4.1688667620 -1.998456024 1.0023283
z_listing[998]  -1.3086444705 0.790646226 -2.5574168230 -0.060512104 0.9996459
z_listing[999]  -0.5012789504 0.781225359 -1.7768018660  0.746145267 1.0000246
z_listing[1000] -0.3185475263 0.975068088 -1.8639245660  1.262003535 1.0021604
z_listing[1001] -1.4806915137 0.835774582 -2.7931637335 -0.142952022 1.0001294
z_listing[1002] -0.7638893257 0.364305219 -1.3453145235 -0.179339252 1.0013849
z_listing[1003]  0.2416905348 0.917293199 -1.2617677690  1.736378864 1.0013549
z_listing[1004]  0.3678110723 0.372122396 -0.2128776650  0.969812354 1.0025500
z_listing[1005] -0.1393603274 0.877169271 -1.5613375725  1.289913429 1.0036688
z_listing[1006]  0.1122217829 0.988620575 -1.4474401215  1.677784790 1.0012945
z_listing[1007]  0.5709651155 0.466031872 -0.1668582965  1.318567096 1.0008063
z_listing[1008]  0.0651983262 0.977813142 -1.4627031725  1.634227048 0.9999542
z_listing[1009]  0.4609300255 0.887462960 -0.9479304926  1.898768251 1.0024038
z_listing[1010] -0.3330074288 0.963372669 -1.8427341110  1.187894174 1.0013974
z_listing[1011]  0.1197536975 0.985685913 -1.4347121560  1.710992995 1.0033912
z_listing[1012]  0.1654846769 0.961822900 -1.3733725970  1.691804243 1.0017500
z_listing[1013]  0.6072900528 0.753481188 -0.6075176563  1.796864649 1.0015544
z_listing[1014]  0.1175445425 0.949299704 -1.4172134390  1.648807398 1.0000232
z_listing[1015]  0.2546583658 0.931984814 -1.2649965190  1.731915141 1.0007274
z_listing[1016]  0.8797843158 0.618862472 -0.1308012144  1.848079722 1.0014849
z_listing[1017]  0.7103819174 0.590986867 -0.2145865443  1.642383309 1.0005992
z_listing[1018] -0.1164377049 0.723050431 -1.2544509340  1.031578650 1.0011075
z_listing[1019]  0.0063715425 0.965001797 -1.4860961060  1.500987593 1.0006760
z_listing[1020]  0.3644965186 0.824201077 -0.9612034856  1.716273043 1.0024619
z_listing[1021]  0.1114253560 0.963615813 -1.4190534065  1.627181939 1.0011044
z_listing[1022]  0.5255150549 0.866290484 -0.8697188037  1.926132323 1.0030651
z_listing[1023]  0.6636548395 0.785014944 -0.5871078628  1.929832108 1.0013782
z_listing[1024] -0.0379359624 0.441743238 -0.7463350489  0.664205643 1.0009065
z_listing[1025]  0.3606826283 0.881243318 -1.0327270330  1.790745112 1.0006743
z_listing[1026]  0.1575822607 0.970006166 -1.3888866515  1.696881259 1.0008586
z_listing[1027]  0.0020487233 0.812759744 -1.2844226465  1.296599963 1.0005392
z_listing[1028]  0.1159569232 0.955638756 -1.3834005030  1.638924204 1.0041579
z_listing[1029] -0.0211394828 0.805576797 -1.2750865585  1.227380612 1.0028259
z_listing[1030] -0.0449695334 0.938971446 -1.5309487370  1.420499625 1.0009534
z_listing[1031]  0.2751669669 0.793929052 -0.9618101300  1.536410148 1.0005896
z_listing[1032]  0.2040820386 0.820956979 -1.1190220865  1.485863440 1.0012601
z_listing[1033]  0.1896646359 0.975032264 -1.3504566420  1.742964836 1.0008670
z_listing[1034]  0.4054919933 0.919233917 -1.0494629575  1.901745356 1.0032309
z_listing[1035]  0.3119489725 0.388302695 -0.2972860081  0.940640218 1.0023180
z_listing[1036] -0.4246132180 0.801926296 -1.6932581535  0.843786860 1.0031973
z_listing[1037]  0.3682077812 0.762381731 -0.8764720436  1.579521830 1.0002589
z_listing[1038]  0.3833791918 0.863873103 -1.0048445195  1.725387064 1.0028656
z_listing[1039] -0.0646598689 0.898756191 -1.5234745540  1.340424592 1.0035430
z_listing[1040]  0.0579308083 0.993022733 -1.5351003890  1.635515844 1.0040502
z_listing[1041] -0.0552762409 0.976423276 -1.6035730825  1.486840786 1.0004369
z_listing[1042]  0.2757066850 0.930053157 -1.2007705235  1.768554191 1.0021568
z_listing[1043]  0.1162718767 0.992165095 -1.5042437715  1.717215992 1.0006458
z_listing[1044] -0.3588442294 0.842473852 -1.7377317235  0.970920978 0.9994939
z_listing[1045]  0.3437943222 0.902237581 -1.0929425940  1.761732920 1.0011561
z_listing[1046]  0.1211051439 0.978579101 -1.4125107150  1.673991656 1.0007348
z_listing[1047]  0.4244603611 0.903017908 -1.0518240390  1.863507717 1.0014042
z_listing[1048]  0.2369824036 0.921714107 -1.2946322135  1.734763395 1.0012201
z_listing[1049]  0.6273067861 0.565401780 -0.2658420225  1.519442685 1.0010567
z_listing[1050]  0.0692121549 1.009475992 -1.5336113870  1.651787446 0.9996702
z_listing[1051]  0.0711290139 0.903938808 -1.3725122410  1.534661443 1.0001365
z_listing[1052] -0.3089523158 0.824759198 -1.6049682325  1.012542243 1.0028651
z_listing[1053]  0.4146500828 0.521593983 -0.4078124768  1.254953503 1.0035950
z_listing[1054] -0.3207878412 0.957756959 -1.8744757995  1.214571424 1.0033327
z_listing[1055] -1.3875528656 0.581686183 -2.3179728585 -0.460935323 1.0010084
z_listing[1056]  0.7848591044 0.721331516 -0.3411381991  1.941374412 0.9997587
z_listing[1057]  0.1732025261 0.931821743 -1.3031703905  1.642716340 1.0018865
z_listing[1058] -1.2334722861 0.533575163 -2.0810082275 -0.390417542 0.9999933
z_listing[1059] -1.3689156108 0.481574291 -2.1488988190 -0.602583300 1.0011881
z_listing[1060] -1.0378855142 0.918073990 -2.4517544220  0.459076721 1.0015090
z_listing[1061]  0.0728746038 0.986277683 -1.4909818035  1.695158937 1.0022633
z_listing[1062]  0.4386101793 0.765176776 -0.7746069234  1.664643935 1.0009267
z_listing[1063]  0.3014218385 0.716804390 -0.8131860487  1.445940283 1.0010169
z_listing[1064]  0.1864123148 0.956409438 -1.3432601490  1.718013511 1.0011169
z_listing[1065] -0.4960012382 0.439370773 -1.1828220595  0.211303571 1.0017713
z_listing[1066]  0.1164359484 0.969724305 -1.4328205250  1.664279916 1.0004495
z_listing[1067]  0.7806699848 0.713965436 -0.3584590244  1.898663536 1.0002626
z_listing[1068]  0.1562687349 0.955958445 -1.3857405040  1.691146526 1.0005175
z_listing[1069]  0.7672689691 0.736117223 -0.4168441982  1.937999984 0.9997049
z_listing[1070]  0.4133425053 0.807560662 -0.8813447949  1.708652056 1.0027741
z_listing[1071]  0.3556770664 0.617989826 -0.6209665290  1.333429312 1.0022856
z_listing[1072] -0.3916622889 0.987521530 -1.9615377315  1.194522297 1.0031259
z_listing[1073]  0.0496105531 0.976793839 -1.5324469940  1.606648423 1.0018051
z_listing[1074] -0.1050935157 0.910906723 -1.5539224535  1.401370128 1.0019093
z_listing[1075] -0.4514940957 0.972949674 -1.9905428815  1.098251767 1.0010586
z_listing[1076] -0.0156311542 1.020220475 -1.6336390495  1.603684400 1.0022355
z_listing[1077] -0.3136876353 0.831053477 -1.6126601445  1.004897169 1.0009804
z_listing[1078] -0.3795627162 0.893108825 -1.8083087970  1.065520427 1.0006309
z_listing[1079] -0.6521448837 0.932935421 -2.1238053205  0.836859100 1.0032447
z_listing[1080] -0.7352493905 0.950313383 -2.2100857490  0.791697237 1.0024313
z_listing[1081]  0.7669232097 0.735978623 -0.4097025960  1.968507308 1.0007672
z_listing[1082] -0.0018902742 0.624539571 -1.0061555390  0.992395113 1.0014258
z_listing[1083]  0.4540109871 0.887561374 -0.9554977170  1.904140656 1.0036023
z_listing[1084] -0.7564556628 0.751945706 -1.9709968430  0.440659791 1.0032030
z_listing[1085]  0.1366598108 0.974393461 -1.4324511370  1.709203893 1.0005173
z_listing[1086]  0.0714861629 0.973229260 -1.4735456615  1.607101197 1.0005420
z_listing[1087]  0.4580887322 0.802416032 -0.8196243784  1.751937013 1.0023149
z_listing[1088]  0.0930824476 0.955621358 -1.4349457780  1.629770606 1.0004589
z_listing[1089]  0.1590070851 0.967032184 -1.3895625955  1.692455529 0.9997531
z_listing[1090]  0.0473127223 0.959150319 -1.4659511585  1.595547169 1.0013483
z_listing[1091]  0.6949425104 0.807783179 -0.5893126867  1.964604977 1.0015471
z_listing[1092]  0.3828118603 0.810982025 -0.9313010711  1.653575451 1.0036200
z_listing[1093] -0.1334369166 0.960055822 -1.6655317730  1.358043435 1.0020251
z_listing[1094]  0.1181105935 0.945304935 -1.3900378405  1.576267901 1.0021925
z_listing[1095]  0.0734346414 0.874214515 -1.3200620495  1.494081848 0.9998902
z_listing[1096]  0.1537843280 0.866965050 -1.2300437755  1.543656649 1.0035484
z_listing[1097]  0.6519853661 0.690898019 -0.4456396035  1.746145633 1.0029805
z_listing[1098]  0.0293857310 0.696471412 -1.0695404260  1.115273758 1.0018332
z_listing[1099]  0.5699296222 0.711324486 -0.5774072451  1.723103757 1.0003634
z_listing[1100]  0.2355883563 0.942357319 -1.2904367655  1.768384397 1.0023330
z_listing[1101]  0.3588388237 0.766523623 -0.8537787951  1.581668485 1.0016938
z_listing[1102]  0.2085398275 0.964519980 -1.3440655960  1.770280335 1.0017686
z_listing[1103] -0.2030555399 0.915758078 -1.6511781525  1.255733829 1.0004818
z_listing[1104]  0.1201381684 0.950679153 -1.4264083690  1.648061688 0.9999686
z_listing[1105]  0.0401243537 1.007269448 -1.5403957225  1.700641313 1.0023021
z_listing[1106] -0.1015554816 0.766996819 -1.3010409960  1.130789938 0.9996330
z_listing[1107]  0.1653661738 0.989842665 -1.3622552465  1.745293031 1.0016868
z_listing[1108]  0.1942671347 0.605870133 -0.7621449985  1.138396257 1.0024955
z_listing[1109]  0.9379952116 0.612385862 -0.0494078969  1.921290832 1.0034232
z_listing[1110]  0.7373161879 0.527901433 -0.0822541588  1.568191923 1.0004180
z_listing[1111]  0.0589066083 1.024624752 -1.5777502430  1.692127682 1.0004720
z_listing[1112]  0.0921371132 0.972120426 -1.4529370560  1.664326389 1.0004655
z_listing[1113] -0.0100451810 0.979441801 -1.5785892110  1.533331496 1.0027643
z_listing[1114] -0.0251370856 0.864195891 -1.4390745520  1.327088911 0.9999287
z_listing[1115] -0.1261413578 0.953198966 -1.6539391975  1.411038065 1.0001384
z_listing[1116]  0.4569617513 0.835262726 -0.8822341795  1.779563246 1.0005367
z_listing[1117]  0.2233409827 0.941066718 -1.2717873860  1.726801313 1.0033685
z_listing[1118]  0.1183555340 0.964726083 -1.4405712725  1.664160997 1.0036501
z_listing[1119] -0.3234347611 0.989767982 -1.8932068040  1.217882098 1.0019392
z_listing[1120] -0.8620200161 0.907088557 -2.3116238400  0.605050906 1.0023279
z_listing[1121]  0.5997545998 0.804461369 -0.6559647550  1.918064405 1.0023303
z_listing[1122]  0.2264020722 0.647861704 -0.8062056624  1.252519504 0.9996409
z_listing[1123]  0.2200076928 0.874859396 -1.1867110715  1.607875740 1.0011780
z_listing[1124]  0.1252116953 0.727501464 -1.0383046675  1.277023002 1.0017761
z_listing[1125] -1.0680160110 0.922459051 -2.5368441565  0.424514929 1.0000736
z_listing[1126] -0.4919370438 0.874020631 -1.9013490510  0.891280885 1.0005681
z_listing[1127]  0.2184021866 0.956334824 -1.2947280915  1.756833317 1.0030287
z_listing[1128]  0.0789848005 0.952926729 -1.4193659560  1.574101066 1.0018365
z_listing[1129] -0.0240558483 0.977832547 -1.5809940470  1.572272660 0.9996583
z_listing[1130] -0.0561271513 0.979756715 -1.6159817220  1.514056792 1.0001410
z_listing[1131] -0.1481276492 0.998770088 -1.7777422065  1.443580609 1.0040054
z_listing[1132]  0.2003666730 0.947993224 -1.3453955010  1.679202302 1.0019277
z_listing[1133] -0.4468939154 1.016477203 -2.0807341650  1.204234620 1.0003099
z_listing[1134]  0.2085199584 0.967449737 -1.3357200070  1.729782540 1.0001878
z_listing[1135]  0.0477143355 0.955543684 -1.4857124350  1.581791713 1.0007739
z_listing[1136]  0.1151447856 0.870897818 -1.2744581810  1.520369263 1.0004465
z_listing[1137] -0.2519856326 0.943891798 -1.7662584980  1.281732475 1.0026490
z_listing[1138] -0.5204065573 0.932597169 -2.0202503540  0.915843982 1.0012831
z_listing[1139]  0.1564900428 0.971972049 -1.4027034120  1.729589140 1.0031681
z_listing[1140] -0.1748552473 0.584854763 -1.0703614195  0.759578754 1.0066985
z_listing[1141]  0.0751251967 0.659611900 -0.9614995147  1.132089616 0.9995797
z_listing[1142]  0.2289517921 0.909893835 -1.2202691095  1.664039343 1.0009224
z_listing[1143] -0.0130231347 0.450231291 -0.7372838758  0.692090797 0.9997627
z_listing[1144] -0.4586279560 0.896882817 -1.8639927120  0.975443383 0.9999500
z_listing[1145]  0.7659957212 0.765301722 -0.4648011265  1.975725203 0.9996255
z_listing[1146]  0.4700440176 0.862427229 -0.9149271893  1.864338132 0.9996487
z_listing[1147]  0.2686091104 0.924148609 -1.1983568745  1.723487861 1.0004213
z_listing[1148]  0.3883252882 0.929550746 -1.0931170845  1.842958417 1.0004749
z_listing[1149]  0.5758412630 0.816363167 -0.7168523870  1.894388188 1.0055511
z_listing[1150]  0.3088007294 0.892484537 -1.1112343605  1.757287610 1.0013056
z_listing[1151]  0.0927804475 1.007916305 -1.5783374485  1.696025796 1.0007114
z_listing[1152]  0.0806767362 0.948711642 -1.4339922095  1.628133428 1.0010772
z_listing[1153]  0.1048013584 0.736284531 -1.0678235950  1.281674604 1.0003337
z_listing[1154]  0.1250664904 0.869845319 -1.2888268490  1.532927505 1.0005990
z_listing[1155]  0.2917424858 0.711795625 -0.8551781684  1.434793856 1.0006432
z_listing[1156]  0.4549097571 0.868141004 -0.9464588353  1.834502153 1.0005318
z_listing[1157]  0.0609325604 0.903512842 -1.3798132065  1.514260051 0.9998627
z_listing[1158] -0.7164942241 0.618008130 -1.7149392040  0.256318198 1.0009945
z_listing[1159] -0.0893768515 0.982625214 -1.6625334815  1.461602848 0.9995044
z_listing[1160]  0.2967852586 0.933130929 -1.1993030940  1.779314853 1.0002385
z_listing[1161] -0.1863606323 0.676618796 -1.2720715005  0.907338460 0.9999403
z_listing[1162] -0.1433880739 0.785276623 -1.4067895035  1.109296124 1.0014190
z_listing[1163] -0.3285189179 0.680252869 -1.4210993335  0.752027716 1.0011790
z_listing[1164] -0.4122703030 0.705811086 -1.5598250490  0.704395891 1.0015821
z_listing[1165] -0.2384587051 0.810954188 -1.5175404185  1.056960409 1.0027509
z_listing[1166]  0.0712767915 0.923346008 -1.3741246875  1.571524233 1.0014493
z_listing[1167] -0.5929100961 0.871002948 -1.9941153220  0.773750961 1.0015959
z_listing[1168]  0.1082600964 0.939768885 -1.3607581415  1.601991806 0.9994907
z_listing[1169] -0.1204544245 0.955867293 -1.6352482485  1.399311107 1.0002724
z_listing[1170] -0.2063387830 0.935899331 -1.7059112380  1.270764765 1.0005501
z_listing[1171]  0.0510328867 1.015378799 -1.6069602570  1.665961041 0.9998302
z_listing[1172]  0.0524118364 1.001069164 -1.5399269955  1.596746552 1.0006696
z_listing[1173] -0.7819077172 0.918939150 -2.2478160680  0.721421198 1.0001110
z_listing[1174] -0.6298141667 0.954780811 -2.1398198755  0.911425015 1.0012884
z_listing[1175] -0.2707616559 0.976235568 -1.8412053195  1.308541897 1.0003818
z_listing[1176]  0.6520783328 0.666719172 -0.3950632307  1.723011717 1.0002289
z_listing[1177]  0.0831995094 1.011956376 -1.5370807950  1.722913497 1.0011054
z_listing[1178]  0.3547776117 0.750998003 -0.8531226050  1.516656579 1.0005540
z_listing[1179]  0.0531635536 0.975909676 -1.5275456205  1.633848296 1.0024390
z_listing[1180]  0.1316139273 0.947149803 -1.3805170590  1.627102596 1.0016716
z_listing[1181]  0.1172978329 0.773269308 -1.1467358535  1.317602596 0.9997980
z_listing[1182] -0.0035445048 0.965465149 -1.5722998150  1.551901543 1.0005898
z_listing[1183] -0.0000405506 0.952659269 -1.5043485385  1.548547896 1.0004097
z_listing[1184]  0.6721843715 0.575849677 -0.2426741863  1.603320975 1.0010834
z_listing[1185]  0.0797107178 0.969938549 -1.4409287095  1.654613179 1.0006044
z_listing[1186]  0.1709406031 0.830149287 -1.1369801120  1.481012800 1.0037001
z_listing[1187]  0.3471664158 0.679430089 -0.7254655891  1.422572623 1.0005388
z_listing[1188]  0.2510659200 0.855052354 -1.1387459995  1.610663416 1.0005423
z_listing[1189]  0.1603415903 0.984609201 -1.4077576790  1.727465664 1.0003036
z_listing[1190] -0.0009895614 0.983178199 -1.5868109920  1.575363767 1.0015380
z_listing[1191]  0.8151343140 0.732109399 -0.3429263259  2.001626165 1.0039714
z_listing[1192]  0.5885734013 0.783969937 -0.6905979633  1.821204249 1.0002615
z_listing[1193] -0.1292627652 0.773358106 -1.3660236500  1.110220126 1.0046954
z_listing[1194]  0.8861487270 0.680910241 -0.2035954455  1.991567494 1.0023190
z_listing[1195]  0.1738930918 0.977132588 -1.4081124010  1.756949617 1.0006826
z_listing[1196] -0.0479273653 0.996972276 -1.6439430515  1.549889582 0.9994758
z_listing[1197]  0.3126068873 0.669959617 -0.7569044368  1.389566583 1.0013533
z_listing[1198] -2.1897855614 0.721157744 -3.3555280310 -1.031145258 1.0007964
z_listing[1199]  0.0842454497 0.971915764 -1.4577132080  1.644332649 1.0007577
z_listing[1200]  0.1318785081 0.879100425 -1.2700499665  1.546688012 1.0008007
a_bar            4.6237071378 0.013701903  4.6018523325  4.645754404 1.0009754
b_rev            0.0614787144 0.007826222  0.0490901930  0.074032707 0.9999750
sigma_listing    0.1600501234 0.010761791  0.1427921092  0.177477346 1.0022303
sigma            1.1211768737 0.031956322  1.0702727360  1.172699923 1.0017738
a_listing[1]     4.5729194791 0.161868734  4.3097787650  4.830775438 1.0005461
a_listing[2]     4.6430344164 0.154905685  4.3996944090  4.893213280 0.9998195
a_listing[3]     4.6843162933 0.154047458  4.4412884285  4.933807192 1.0038322
a_listing[4]     4.6362578764 0.164337062  4.3725602815  4.901072290 1.0006188
a_listing[5]     4.5321651830 0.156214981  4.2836621605  4.776132144 1.0005967
a_listing[6]     4.6970528740 0.146562720  4.4676265615  4.931617259 1.0003044
a_listing[7]     4.7296361358 0.126518214  4.5283477355  4.928010704 1.0009398
a_listing[8]     4.7300340643 0.088909421  4.5849372640  4.871047077 1.0002839
a_listing[9]     4.5540496828 0.161532277  4.2945936720  4.811557055 1.0010624
a_listing[10]    4.6683013582 0.147916037  4.4304971850  4.902730825 1.0016157
a_listing[11]    4.6640334444 0.139107802  4.4419241995  4.888076594 1.0010732
a_listing[12]    4.5891640952 0.149474510  4.3567915370  4.829918993 1.0033054
a_listing[13]    4.6329484668 0.156125592  4.3841414340  4.884781985 1.0005640
a_listing[14]    4.7037814024 0.137055469  4.4837666525  4.925828555 1.0005060
a_listing[15]    4.7184637426 0.093465780  4.5707760320  4.867562597 1.0021295
a_listing[16]    4.6786101369 0.114655585  4.4939638425  4.864338779 1.0005178
a_listing[17]    4.5710306327 0.145109845  4.3423390300  4.805082256 1.0029124
a_listing[18]    4.5372041152 0.136321698  4.3180046630  4.751386351 1.0011290
a_listing[19]    4.6198585729 0.138454387  4.4028084065  4.841186018 1.0006248
a_listing[20]    4.5038083569 0.128508948  4.2921364035  4.710746355 1.0003949
a_listing[21]    4.3048199260 0.103089300  4.1388207900  4.468900895 1.0021861
a_listing[22]    4.7076711417 0.140792574  4.4843042040  4.933908714 0.9997904
a_listing[23]    4.6031287895 0.147064183  4.3664109605  4.836802688 1.0006559
a_listing[24]    4.6313262261 0.153543258  4.3851769215  4.880351275 1.0041930
a_listing[25]    4.7425737838 0.100860181  4.5840019820  4.903968515 1.0010078
a_listing[26]    4.7503070496 0.098170142  4.5930827085  4.906516739 1.0003523
a_listing[27]    4.7457555964 0.079474024  4.6195666075  4.872865013 1.0016884
a_listing[28]    4.7720482395 0.103323012  4.6071921330  4.936641461 1.0005119
a_listing[29]    4.4754626942 0.152917261  4.2308658780  4.710743024 1.0004732
a_listing[30]    4.4545373437 0.132384744  4.2463092380  4.665014852 0.9998903
a_listing[31]    4.5790497034 0.121400245  4.3865971580  4.771194923 1.0005347
a_listing[32]    4.6213115537 0.160253537  4.3638584870  4.878711401 1.0012139
a_listing[33]    4.6378174685 0.148227837  4.4021879285  4.870778311 1.0010561
a_listing[34]    4.6877505908 0.106626606  4.5178740265  4.858997565 1.0011452
a_listing[35]    4.6363419864 0.134974609  4.4216796445  4.848817739 1.0002809
a_listing[36]    4.6960908194 0.119734990  4.5045492750  4.884185954 0.9999689
a_listing[37]    4.6046477325 0.143442287  4.3746258510  4.834872745 1.0026711
a_listing[38]    4.6327029890 0.160154044  4.3782188480  4.886584544 1.0017003
a_listing[39]    4.4158275485 0.127191872  4.2079259885  4.617019727 1.0007038
a_listing[40]    4.6939706106 0.108279222  4.5244250390  4.862792054 1.0014127
a_listing[41]    4.6426022439 0.141254586  4.4156058225  4.869637269 1.0029917
a_listing[42]    4.6392222405 0.119590857  4.4511592120  4.828215509 1.0007435
a_listing[43]    4.4743044819 0.067074913  4.3706316965  4.583369428 1.0028469
a_listing[44]    4.7369939842 0.121409543  4.5459496545  4.927837598 1.0021062
a_listing[45]    4.5568933550 0.130144147  4.3487948720  4.763628192 1.0009958
a_listing[46]    4.6415086897 0.156327179  4.3848264710  4.890326486 1.0016534
a_listing[47]    4.5115793231 0.159275584  4.2550213615  4.766354213 1.0011593
a_listing[48]    4.6338493368 0.160357689  4.3769088115  4.896589975 1.0001855
a_listing[49]    4.6427197967 0.149264165  4.4075660255  4.872959367 1.0027645
a_listing[50]    4.7243016190 0.103795381  4.5592372620  4.892798273 1.0001967
a_listing[51]    4.6570582899 0.155307945  4.4153122495  4.904264780 1.0008711
a_listing[52]    4.5746002453 0.134698309  4.3615646115  4.790244493 1.0020952
a_listing[53]    4.4424161797 0.115580649  4.2591076190  4.620425807 1.0002238
a_listing[54]    4.5847229941 0.151555580  4.3370529275  4.824065079 1.0012848
a_listing[55]    4.7289738458 0.130121385  4.5174066350  4.931437392 1.0006647
a_listing[56]    4.6632066201 0.146503868  4.4347739665  4.901636991 0.9996368
a_listing[57]    4.6142230744 0.152642487  4.3713465390  4.860326699 1.0015055
a_listing[58]    4.6031381180 0.144835155  4.3758824645  4.831379904 1.0038476
a_listing[59]    4.6104322805 0.151914807  4.3770860590  4.855389871 0.9999770
a_listing[60]    4.6102794347 0.155969999  4.3661500030  4.859517488 1.0024480
a_listing[61]    4.6275476562 0.150645329  4.3879837955  4.869970406 0.9996651
a_listing[62]    4.6549384815 0.142019107  4.4317225890  4.877172945 0.9999596
a_listing[63]    4.6374239878 0.156984858  4.3856756815  4.886209369 1.0015619
a_listing[64]    4.2642982265 0.057789677  4.1707150585  4.358320772 1.0001007
a_listing[65]    4.6867665930 0.073105128  4.5706435490  4.805102277 1.0013583
a_listing[66]    4.7202399106 0.086462858  4.5802752630  4.856942827 0.9995953
a_listing[67]    4.2520937256 0.062377269  4.1515187370  4.351531769 1.0003888
a_listing[68]    4.7200682283 0.114978206  4.5339016450  4.906100425 1.0033061
a_listing[69]    4.7185878762 0.136582698  4.5007768665  4.938284241 1.0016834
a_listing[70]    4.6435520686 0.158807831  4.3872933955  4.894531629 1.0005852
a_listing[71]    4.6342540238 0.160048127  4.3781361410  4.888916228 1.0006041
a_listing[72]    4.5694482484 0.145727049  4.3326432875  4.804668687 1.0003199
a_listing[73]    4.6087274838 0.157954577  4.3627758230  4.860129635 1.0018446
a_listing[74]    4.6892989284 0.136277936  4.4662210635  4.905182258 1.0033830
a_listing[75]    4.6323622242 0.162233499  4.3732422955  4.889152494 0.9999620
a_listing[76]    4.6351038420 0.151893067  4.3959954275  4.876243704 1.0040684
a_listing[77]    4.6790226371 0.148808768  4.4403454220  4.917523326 1.0007080
a_listing[78]    4.5551229338 0.156722324  4.3063215530  4.805245164 1.0002635
a_listing[79]    4.7408574803 0.111282412  4.5620452670  4.918027575 1.0002991
a_listing[80]    4.6473921519 0.157829134  4.3921945720  4.901230539 0.9995057
a_listing[81]    4.4871472326 0.133696376  4.2700817995  4.699265326 1.0016263
a_listing[82]    4.5826975953 0.160576591  4.3237337605  4.835230627 1.0000649
a_listing[83]    4.6970557663 0.140482778  4.4650662205  4.921775479 1.0011618
a_listing[84]    4.5653355028 0.156674548  4.3100615595  4.811756288 1.0007012
a_listing[85]    4.6773471282 0.121370815  4.4838764305  4.875859102 1.0010452
a_listing[86]    4.6327988257 0.155394366  4.3930171315  4.881198562 1.0005757
a_listing[87]    4.6947611646 0.131980675  4.4851035255  4.905989591 0.9999490
a_listing[88]    4.6355463954 0.157899474  4.3829513770  4.889661290 1.0016445
a_listing[89]    4.5271061063 0.158365373  4.2729574840  4.776553510 1.0033422
a_listing[90]    4.5510808455 0.162891744  4.2883745165  4.810165934 1.0000571
a_listing[91]    4.6411082291 0.158290243  4.3930552625  4.902024814 1.0025155
a_listing[92]    4.6022955201 0.157232490  4.3470853580  4.848286734 1.0001979
a_listing[93]    4.7158885360 0.116650272  4.5298750505  4.901010322 1.0018765
a_listing[94]    4.6964779588 0.136403750  4.4840051600  4.916817005 1.0018148
a_listing[95]    4.6627076748 0.110229554  4.4881819330  4.835833677 1.0002061
a_listing[96]    4.7556046307 0.100718198  4.5940157845  4.918354306 1.0004293
a_listing[97]    4.6216404106 0.157041269  4.3720157430  4.871613081 1.0012889
a_listing[98]    4.6619379780 0.106263783  4.4941212960  4.831532953 1.0026000
a_listing[99]    4.6366711711 0.159711450  4.3790371060  4.898370259 1.0005792
a_listing[100]   4.6521538664 0.161541565  4.3951593230  4.909903129 1.0007757
a_listing[101]   4.6122257500 0.158557759  4.3544342295  4.868704218 1.0009892
a_listing[102]   4.7694536896 0.095550322  4.6179841760  4.920735162 1.0004995
a_listing[103]   4.5213833205 0.154169780  4.2712984930  4.758361550 1.0013592
a_listing[104]   4.5211829178 0.109333930  4.3460171115  4.696222753 1.0015690
a_listing[105]   4.7313153819 0.131907600  4.5207846710  4.947330358 1.0049467
a_listing[106]   4.6735187822 0.071782005  4.5588124830  4.789520821 1.0005682
a_listing[107]   4.6263227093 0.085150755  4.4922237775  4.759674299 1.0004780
a_listing[108]   4.6418105823 0.158195981  4.3917625450  4.895785544 1.0005491
a_listing[109]   4.6358006177 0.157603346  4.3830477470  4.892053502 0.9999973
a_listing[110]   4.6662477330 0.148398389  4.4293325220  4.909749737 1.0004053
a_listing[111]   4.7194665555 0.135259457  4.5061165750  4.942377450 1.0002554
a_listing[112]   4.6947211770 0.137251095  4.4756512755  4.916254445 1.0012476
a_listing[113]   4.7053384506 0.084722705  4.5710562415  4.839785751 1.0004968
a_listing[114]   4.6155261924 0.155391580  4.3704086845  4.859142359 1.0004211
a_listing[115]   4.6781593689 0.148599196  4.4413852330  4.917853080 1.0008538
a_listing[116]   4.6593696564 0.148721143  4.4227541590  4.893411533 1.0008253
a_listing[117]   4.5556330089 0.105478704  4.3888149680  4.726633438 1.0019021
a_listing[118]   4.6349116442 0.163499317  4.3756370405  4.893327130 1.0033015
a_listing[119]   4.6331611174 0.159852767  4.3828169060  4.882245259 1.0003489
a_listing[120]   4.5412777839 0.152856721  4.2925534035  4.784070459 1.0006909
a_listing[121]   4.5907296321 0.146940763  4.3578160825  4.819434810 1.0009871
a_listing[122]   4.6795939836 0.147382006  4.4453937470  4.916095893 0.9999315
a_listing[123]   4.7017621806 0.115950326  4.5134176655  4.892942204 1.0018560
a_listing[124]   4.6427465759 0.156743856  4.3901825550  4.892722071 1.0022576
a_listing[125]   4.6973124150 0.138666289  4.4782534040  4.918939464 1.0013158
a_listing[126]   4.6781193204 0.112896502  4.5003262720  4.856635582 1.0037712
a_listing[127]   4.5536849024 0.157727334  4.2976678635  4.804321161 1.0018575
a_listing[128]   4.6075596285 0.114417784  4.4250790115  4.791976621 1.0006099
a_listing[129]   4.6433230211 0.160555452  4.3870384290  4.904495723 1.0001455
a_listing[130]   4.6850749824 0.119073722  4.4953264220  4.875500238 1.0025171
a_listing[131]   4.6264370499 0.076915271  4.5048825040  4.749950247 1.0030962
a_listing[132]   4.5971898689 0.136354121  4.3814271595  4.814634134 1.0012446
a_listing[133]   4.6330765982 0.152962514  4.3842979090  4.882922565 1.0027250
a_listing[134]   4.5571569018 0.158949312  4.3006276640  4.809538563 1.0012463
a_listing[135]   4.4392730353 0.088807797  4.2979350050  4.580596125 1.0020962
a_listing[136]   4.6751980238 0.155301206  4.4231857095  4.924042224 1.0004570
a_listing[137]   4.6403458971 0.158691907  4.3854277240  4.891624371 1.0026041
a_listing[138]   4.5657123093 0.095095455  4.4149902525  4.721244765 1.0014105
a_listing[139]   4.5962675473 0.144046480  4.3604955780  4.824725082 1.0006694
a_listing[140]   4.6909197933 0.131870141  4.4818217435  4.903342491 1.0005054
a_listing[141]   4.6304798463 0.151867599  4.3871055505  4.874535479 1.0026193
a_listing[142]   4.6267591874 0.134118755  4.4126682520  4.837106777 1.0003238
a_listing[143]   4.6245910816 0.151527238  4.3706342430  4.862659804 1.0010689
a_listing[144]   4.6532343140 0.122387212  4.4571731745  4.849633883 1.0005574
a_listing[145]   4.5402753006 0.154562422  4.2867020415  4.788494049 1.0013108
a_listing[146]   4.6231142526 0.153915579  4.3748692370  4.870929540 1.0018996
a_listing[147]   4.6352048715 0.159510651  4.3867467190  4.887707920 1.0009803
a_listing[148]   4.6144344619 0.155975273  4.3625047910  4.864774014 1.0015734
a_listing[149]   4.6353364312 0.159363284  4.3825028360  4.885546031 1.0002773
a_listing[150]   4.5409305353 0.145658669  4.3082704730  4.775819155 0.9999265
a_listing[151]   4.6309174169 0.120816410  4.4416172385  4.824507456 1.0005419
a_listing[152]   4.6753658723 0.128839235  4.4706840820  4.881369287 1.0024642
a_listing[153]   4.5725843032 0.160487493  4.3129878665  4.827394988 1.0013021
a_listing[154]   4.7109183338 0.126872211  4.5091840275  4.909104372 1.0013399
a_listing[155]   4.5834367068 0.154595537  4.3359623965  4.835945098 1.0003147
a_listing[156]   4.6415850271 0.151276539  4.4002942205  4.887271674 1.0003701
a_listing[157]   4.6182682161 0.157794516  4.3685902470  4.871417785 1.0000444
a_listing[158]   4.6473678631 0.152167316  4.4055209110  4.889683193 1.0001997
a_listing[159]   4.6368578394 0.139092035  4.4127092905  4.861429739 1.0005433
a_listing[160]   4.5662847457 0.102289127  4.4014907780  4.728926841 1.0000341
a_listing[161]   4.7421365196 0.113526179  4.5628107225  4.921879731 1.0005690
a_listing[162]   4.6101002606 0.123726268  4.4104588680  4.804848300 1.0033993
a_listing[163]   4.6347707538 0.157118691  4.3807454825  4.882379509 1.0009514
a_listing[164]   4.6353147204 0.164875800  4.3763852830  4.898086938 1.0006263
a_listing[165]   4.6108681431 0.158845927  4.3578239210  4.864588795 1.0002017
a_listing[166]   4.5211239652 0.153036233  4.2780342770  4.766690870 0.9999424
a_listing[167]   4.4355369092 0.118855365  4.2432157080  4.627180897 1.0002327
a_listing[168]   4.5157202851 0.152454966  4.2711915385  4.757486452 1.0007043
a_listing[169]   4.6352285693 0.161728973  4.3791712040  4.898744698 1.0005576
a_listing[170]   4.6255605469 0.148473708  4.3835836295  4.871299478 1.0025715
a_listing[171]   4.6090772825 0.093772306  4.4606480625  4.756630255 1.0014897
a_listing[172]   4.5931657332 0.157993048  4.3352201735  4.844225275 1.0007054
a_listing[173]   4.5565028163 0.161243437  4.2946573140  4.808253495 1.0015481
a_listing[174]   4.5957777574 0.157243477  4.3419810540  4.843578885 1.0028810
a_listing[175]   4.5545814510 0.161950945  4.2925596750  4.808737020 1.0007627
a_listing[176]   4.6105590110 0.161401738  4.3490537350  4.867614827 1.0004292
a_listing[177]   4.7085343388 0.131925823  4.4979336655  4.917430583 1.0003937
a_listing[178]   4.6129911015 0.155875454  4.3581533065  4.863308201 1.0029991
a_listing[179]   4.5527450863 0.166105533  4.2876480000  4.818869099 0.9993422
a_listing[180]   4.6163029641 0.156243362  4.3676060165  4.866876980 1.0020588
a_listing[181]   4.5758633279 0.161004202  4.3136833580  4.829307388 1.0017776
a_listing[182]   4.6453992835 0.157810383  4.3925851300  4.899710392 1.0030223
a_listing[183]   4.6035595800 0.127615718  4.3988244865  4.802888945 0.9995775
a_listing[184]   4.6918276527 0.143879748  4.4657839705  4.925836434 1.0007166
a_listing[185]   4.6295602907 0.110778203  4.4535049755  4.807269042 1.0009846
a_listing[186]   4.6149460913 0.161259015  4.3551963605  4.874600749 1.0019072
a_listing[187]   4.6334000827 0.158130225  4.3767014210  4.884680165 1.0006328
a_listing[188]   4.6358875830 0.156499440  4.3850128620  4.886896896 1.0009329
a_listing[189]   4.6948745046 0.141793489  4.4685525130  4.918692120 1.0015821
a_listing[190]   4.6419952803 0.161554556  4.3810417255  4.892374289 1.0014376
a_listing[191]   4.7140690215 0.113711776  4.5329111090  4.894543597 1.0013362
a_listing[192]   4.6806870786 0.141484892  4.4590157655  4.906257404 1.0024447
a_listing[193]   4.7327381056 0.127138423  4.5286815975  4.939963301 1.0008840
a_listing[194]   4.6647187097 0.151800281  4.4215493385  4.912733042 1.0011294
a_listing[195]   4.6294151808 0.155771036  4.3865477980  4.879191580 1.0005469
a_listing[196]   4.6289250867 0.141457792  4.4016605125  4.853127560 1.0012341
a_listing[197]   4.6314438378 0.155816793  4.3823406795  4.879103230 1.0011537
a_listing[198]   4.6438295107 0.150469674  4.4076473295  4.885492924 1.0012880
a_listing[199]   4.6367166005 0.144515180  4.4063953455  4.870102749 0.9997133
a_listing[200]   4.6222654786 0.141345954  4.3897311955  4.849567289 1.0020308
a_listing[201]   4.5618845214 0.152187669  4.3155064515  4.806335725 1.0004016
a_listing[202]   4.6708698634 0.131115915  4.4586312795  4.879196800 0.9999381
a_listing[203]   4.6410459090 0.157366118  4.3938317000  4.889636262 1.0024483
a_listing[204]   4.6124849874 0.151713609  4.3679527810  4.851600367 1.0010052
a_listing[205]   4.6314421677 0.154601461  4.3922290320  4.878287516 1.0009031
a_listing[206]   4.6327426002 0.161293166  4.3788398485  4.888387003 1.0011521
a_listing[207]   4.6509183425 0.155149838  4.4053154450  4.897668243 1.0027794
a_listing[208]   4.7323343131 0.124236036  4.5292488175  4.928620488 1.0001189
a_listing[209]   4.7148185556 0.135369950  4.4976074600  4.931226968 1.0006134
a_listing[210]   4.6332829878 0.157837363  4.3802179925  4.886373962 1.0016559
a_listing[211]   4.6858302101 0.142206874  4.4594048630  4.911671791 1.0026667
a_listing[212]   4.5864768184 0.143333756  4.3532348470  4.811148202 1.0003853
a_listing[213]   4.4512274940 0.097794143  4.2901470765  4.604490919 1.0016416
a_listing[214]   4.6151012051 0.156891746  4.3648807005  4.860911537 1.0015459
a_listing[215]   4.6497982663 0.156948620  4.4024525580  4.903320114 1.0000999
a_listing[216]   4.4230186698 0.143528973  4.1904364910  4.646546476 1.0003135
a_listing[217]   4.6326734646 0.159269211  4.3834617780  4.891221473 1.0030163
a_listing[218]   4.3371053114 0.135353138  4.1226955755  4.552785161 1.0014935
a_listing[219]   4.6375866934 0.160264043  4.3820479195  4.896685627 1.0005420
a_listing[220]   4.5124522652 0.157943982  4.2561045245  4.765611315 1.0018774
a_listing[221]   4.6011307044 0.147573862  4.3663555605  4.834766899 1.0000084
a_listing[222]   4.5091899702 0.109242609  4.3337715115  4.682448173 1.0020626
a_listing[223]   4.6127077781 0.157324822  4.3599209465  4.862406737 1.0032674
a_listing[224]   4.6316211239 0.158107423  4.3745596170  4.882617752 1.0027335
a_listing[225]   4.7093580935 0.140342451  4.4846656160  4.934699436 1.0008843
a_listing[226]   4.6111872281 0.148652966  4.3693784585  4.843540898 0.9997669
a_listing[227]   4.5576554294 0.156452819  4.3057634715  4.804413439 1.0009330
a_listing[228]   4.6582168661 0.088354580  4.5168444675  4.798385409 1.0003153
a_listing[229]   4.6317009687 0.150469044  4.3926587395  4.874889107 1.0014085
a_listing[230]   4.6389362546 0.139346677  4.4098233205  4.864278698 1.0023899
a_listing[231]   4.3119537689 0.088033546  4.1725771420  4.453262268 1.0011424
a_listing[232]   4.4630766435 0.125513070  4.2640323300  4.661542454 1.0021829
a_listing[233]   4.6484316630 0.138786391  4.4306170455  4.871571996 1.0023080
a_listing[234]   4.6557739163 0.149996112  4.4182261375  4.892371573 1.0006282
a_listing[235]   4.6129755674 0.159576831  4.3623405930  4.863174208 1.0005477
a_listing[236]   4.6375626305 0.145574124  4.4048285090  4.868298988 1.0000183
a_listing[237]   4.6611886054 0.153106053  4.4205496570  4.902807275 1.0010535
a_listing[238]   4.7351633570 0.125780203  4.5344270625  4.936265064 1.0005157
a_listing[239]   4.6307619056 0.162034458  4.3679785130  4.895187231 0.9997520
a_listing[240]   4.6636939175 0.150153645  4.4212761865  4.904676483 1.0004521
a_listing[241]   4.6451851590 0.121637372  4.4496603685  4.841994360 1.0024487
a_listing[242]   4.6621132203 0.152327354  4.4190434620  4.905034704 0.9996737
a_listing[243]   4.6100369177 0.157449799  4.3593707400  4.858207933 1.0003704
a_listing[244]   4.6329645878 0.163682576  4.3745505485  4.898417165 0.9999653
a_listing[245]   4.6434381112 0.153428498  4.3973072660  4.894638740 1.0028165
a_listing[246]   4.6417879988 0.112587380  4.4600299650  4.817513442 0.9996672
a_listing[247]   4.6799072760 0.143333567  4.4510907875  4.911041902 1.0017022
a_listing[248]   4.6589722156 0.152761047  4.4164816065  4.908001323 1.0013488
a_listing[249]   4.5970347547 0.136137402  4.3776225735  4.815466262 1.0001782
a_listing[250]   4.6455436375 0.138345120  4.4241389310  4.866988398 1.0012212
a_listing[251]   4.6907015085 0.145452898  4.4613175445  4.920150702 1.0011913
a_listing[252]   4.6545644916 0.148495957  4.4188616895  4.890812773 1.0022574
a_listing[253]   4.5829962337 0.151604260  4.3408231435  4.825827362 1.0005518
a_listing[254]   4.6149691023 0.161896953  4.3617653360  4.866858793 1.0002549
a_listing[255]   4.4387018537 0.157486167  4.1895987960  4.687029997 1.0022307
a_listing[256]   4.6766984933 0.150465810  4.4352945090  4.913979094 1.0006889
a_listing[257]   4.6176650794 0.133902770  4.4023926770  4.826406375 0.9999850
a_listing[258]   4.6286281307 0.158149945  4.3729505140  4.884585527 0.9999797
a_listing[259]   4.6427010825 0.156198737  4.3970799980  4.887817747 1.0001418
a_listing[260]   4.6363675558 0.162384174  4.3736792015  4.892770726 1.0011166
a_listing[261]   4.6881897843 0.143314766  4.4594316570  4.913162582 1.0004159
a_listing[262]   4.5677449887 0.142119156  4.3447372180  4.797455938 1.0018266
a_listing[263]   4.7161836478 0.116469361  4.5320689605  4.902450104 1.0010957
a_listing[264]   4.6975016231 0.115877350  4.5160517620  4.885825686 0.9998229
a_listing[265]   4.6697466943 0.146166213  4.4398810955  4.901598360 1.0012374
a_listing[266]   4.6308813085 0.143742781  4.3988546980  4.862567017 1.0004180
a_listing[267]   4.6299441654 0.156298082  4.3791326605  4.878834904 1.0011348
a_listing[268]   4.6563836230 0.152820994  4.4143235495  4.908236012 1.0027039
a_listing[269]   4.6328333949 0.154604444  4.3836283460  4.878961480 0.9997692
a_listing[270]   4.5446034337 0.160517989  4.2906033925  4.806541306 1.0015954
a_listing[271]   4.5135095120 0.143432432  4.2789003375  4.735683531 1.0012268
a_listing[272]   4.5712944857 0.155211780  4.3181021150  4.821089936 1.0003246
a_listing[273]   4.5821329795 0.156714082  4.3256286635  4.831321214 0.9998955
a_listing[274]   4.6747922875 0.143240249  4.4534522785  4.902302599 1.0013899
a_listing[275]   4.6472206127 0.153965427  4.4030001630  4.890791498 1.0008245
a_listing[276]   4.7158359449 0.121791797  4.5191601210  4.912587850 1.0002004
a_listing[277]   4.7371567168 0.132073609  4.5244173480  4.945216286 1.0033232
a_listing[278]   4.5352696882 0.153376008  4.2961495440  4.780941018 1.0011619
a_listing[279]   4.5624696090 0.160214607  4.3021797300  4.820627226 1.0005871
a_listing[280]   4.6107427707 0.159979228  4.3588870760  4.863257302 1.0031262
a_listing[281]   4.7114117060 0.057361089  4.6181627060  4.801655287 1.0001914
a_listing[282]   4.5343659780 0.148843586  4.2939919420  4.768794606 1.0025395
a_listing[283]   4.5937410924 0.156553579  4.3429040160  4.843821976 1.0001388
a_listing[284]   4.6063023399 0.150433783  4.3700340770  4.843421313 1.0012221
a_listing[285]   4.3713393263 0.058878708  4.2781036655  4.464584389 1.0047529
a_listing[286]   4.6546407211 0.149532857  4.4158587380  4.895821131 1.0003075
a_listing[287]   4.6526332981 0.151878168  4.4086356770  4.892679339 1.0015511
a_listing[288]   4.4472594426 0.129328709  4.2381690430  4.654681747 1.0006928
a_listing[289]   4.6355774776 0.159944161  4.3811812860  4.891866182 1.0029486
a_listing[290]   4.7004404494 0.120170260  4.5101296010  4.895104012 1.0053863
a_listing[291]   4.5262419377 0.146011374  4.2934522895  4.756434265 1.0014603
a_listing[292]   4.6164525128 0.151240628  4.3710146225  4.859550632 1.0017423
a_listing[293]   4.5373537922 0.126833385  4.3316732175  4.743904094 1.0020039
a_listing[294]   4.5834719023 0.142834824  4.3554608260  4.805494863 1.0008059
a_listing[295]   4.5890906595 0.155866299  4.3383968090  4.837557026 1.0003761
a_listing[296]   4.5551361512 0.159830514  4.2996498465  4.809813206 1.0010482
a_listing[297]   4.5701599663 0.140782828  4.3413506570  4.792475130 1.0019368
a_listing[298]   4.5962105891 0.151768761  4.3506731885  4.836310356 0.9999118
a_listing[299]   4.6365609056 0.163547479  4.3821255780  4.894383459 1.0002511
a_listing[300]   4.6417541545 0.155417342  4.3881145930  4.898662871 1.0007658
a_listing[301]   4.4142255785 0.104296353  4.2459138265  4.581484285 0.9996192
a_listing[302]   4.7027043636 0.127761003  4.4950257995  4.905243980 1.0003684
a_listing[303]   4.6132214927 0.156751932  4.3641737980  4.859987286 1.0014644
a_listing[304]   4.6431053857 0.159018287  4.3861177215  4.896159789 1.0015951
a_listing[305]   4.6552078444 0.159888099  4.4055148710  4.918123568 1.0018905
a_listing[306]   4.5972601115 0.152577887  4.3526624435  4.841688207 1.0033690
a_listing[307]   4.6129724805 0.148479747  4.3788332645  4.853059539 0.9995879
a_listing[308]   4.6344117963 0.157004075  4.3810837695  4.885914096 1.0002316
a_listing[309]   4.6108960510 0.159526895  4.3582316260  4.870385825 1.0015481
a_listing[310]   4.5351031233 0.141645957  4.3055841370  4.762256221 1.0001127
a_listing[311]   4.5136549534 0.152145522  4.2714093210  4.757026965 0.9997502
a_listing[312]   4.6140785967 0.160942466  4.3606845980  4.870139954 1.0000542
a_listing[313]   4.6444938454 0.162813164  4.3851426110  4.902296345 1.0000368
a_listing[314]   4.6417167914 0.155719450  4.3942216375  4.890878570 1.0005275
a_listing[315]   4.7496080269 0.116264865  4.5632078275  4.932292309 1.0016887
a_listing[316]   4.6886983433 0.141237528  4.4606315795  4.913820444 1.0017453
a_listing[317]   4.6372107172 0.147692890  4.3990332730  4.878146549 0.9997952
a_listing[318]   4.6898977430 0.129732624  4.4840630705  4.900951707 0.9995669
a_listing[319]   4.6949074077 0.143305451  4.4689578870  4.924075724 1.0028739
a_listing[320]   4.5904803306 0.154199505  4.3404550885  4.836190368 1.0014355
a_listing[321]   4.6630965691 0.125105380  4.4652084265  4.860693309 1.0008265
a_listing[322]   4.7407289063 0.102668925  4.5763183000  4.904109369 0.9996566
a_listing[323]   4.6027573587 0.155848565  4.3557642105  4.849596625 1.0007067
a_listing[324]   4.4841515453 0.160144296  4.2286692805  4.737685888 0.9997194
a_listing[325]   4.6950641160 0.133608604  4.4827880600  4.907860166 1.0008294
a_listing[326]   4.5830137394 0.154993348  4.3343095290  4.832815588 1.0006491
a_listing[327]   4.5710466434 0.160520569  4.3108525745  4.827889874 1.0013478
a_listing[328]   4.5627735085 0.157081725  4.3065932905  4.812191035 1.0002563
a_listing[329]   4.4751293266 0.154345657  4.2222537635  4.724433401 1.0018885
a_listing[330]   4.4440223999 0.131216252  4.2351672995  4.650600645 1.0007739
a_listing[331]   4.4992145875 0.134108065  4.2803521445  4.707478562 1.0010875
a_listing[332]   4.5792129222 0.137519647  4.3590008940  4.800915134 1.0023920
a_listing[333]   4.6142965089 0.162555749  4.3533520205  4.872622208 1.0022961
a_listing[334]   4.5418476372 0.153268891  4.2916625530  4.784896620 1.0023667
a_listing[335]   4.4978333465 0.157731145  4.2479284995  4.747503966 1.0006313
a_listing[336]   4.4946525853 0.163736654  4.2293972670  4.746566105 1.0005873
a_listing[337]   4.5515998321 0.156551091  4.3031412160  4.796763180 1.0013574
a_listing[338]   4.5546926057 0.148833603  4.3195866560  4.792598833 1.0026071
a_listing[339]   4.6016367445 0.154666290  4.3600111130  4.848278588 1.0002735
a_listing[340]   4.6687838429 0.148739535  4.4273777250  4.904683646 0.9998272
a_listing[341]   4.5714982630 0.158084137  4.3251776660  4.829667019 1.0012154
a_listing[342]   4.6346792809 0.152210326  4.3948571845  4.878923347 1.0024108
a_listing[343]   4.5751831430 0.134636320  4.3630764870  4.787917288 1.0005590
a_listing[344]   4.5235281070 0.144450694  4.2957225025  4.754015981 1.0012543
a_listing[345]   4.6619278061 0.149435192  4.4209167845  4.900218656 1.0010891
a_listing[346]   4.6499635329 0.162423486  4.3918139095  4.913160627 1.0005324
a_listing[347]   4.6627932870 0.148480158  4.4250134775  4.899518864 1.0032842
a_listing[348]   4.6304492516 0.152334101  4.3855682125  4.871419321 1.0008192
a_listing[349]   4.6604912778 0.151028271  4.4214862565  4.906592868 1.0016768
a_listing[350]   4.6255460974 0.147211311  4.3916081370  4.865765171 1.0003032
a_listing[351]   4.6468229971 0.157558944  4.3913291620  4.898651071 0.9993596
a_listing[352]   4.6498428590 0.153957340  4.3983780695  4.894978531 1.0018531
a_listing[353]   4.6319533879 0.158528860  4.3744919435  4.884028851 1.0001235
a_listing[354]   4.6584779569 0.153668535  4.4121362050  4.907723636 1.0013953
a_listing[355]   4.7413942344 0.110644234  4.5640152330  4.913372092 1.0000875
a_listing[356]   4.6517728330 0.093669999  4.5040141220  4.801214541 1.0009114
a_listing[357]   4.6240056890 0.155417208  4.3799998690  4.871492161 1.0001237
a_listing[358]   4.6229421175 0.151083634  4.3816000450  4.866800137 0.9998665
a_listing[359]   4.4567417572 0.148993474  4.2186709480  4.694253171 1.0020770
a_listing[360]   4.7226678591 0.128363184  4.5159095255  4.930557682 1.0000363
a_listing[361]   4.6243807560 0.157889754  4.3780117630  4.874226369 1.0016151
a_listing[362]   4.6138084557 0.148155966  4.3730086655  4.847711192 1.0020939
a_listing[363]   4.6178141940 0.150763113  4.3733063795  4.862837924 1.0000383
a_listing[364]   4.6610085374 0.152726673  4.4165728470  4.908767990 0.9998450
a_listing[365]   4.6612113118 0.127233177  4.4577692205  4.863927611 1.0030772
a_listing[366]   4.4535935630 0.115713394  4.2688684590  4.634770828 1.0004551
a_listing[367]   4.6308420688 0.152626537  4.3880087005  4.868282798 1.0013755
a_listing[368]   4.6723634036 0.146512522  4.4390216615  4.906366016 1.0018503
a_listing[369]   4.6432952602 0.151556957  4.3985359490  4.890366782 1.0007162
a_listing[370]   4.6402456298 0.158715903  4.3886001765  4.894113885 1.0017779
a_listing[371]   4.6903092956 0.095310804  4.5380326885  4.843970742 1.0023061
a_listing[372]   4.6438429651 0.145486501  4.4021338815  4.880538044 1.0011046
a_listing[373]   4.6295469054 0.140928183  4.3994495915  4.851323460 1.0013928
a_listing[374]   4.5430461317 0.111703835  4.3671899145  4.723769681 1.0011623
a_listing[375]   4.5022952808 0.107648902  4.3299382025  4.671387124 1.0015595
a_listing[376]   4.5438370327 0.157128342  4.3000465265  4.792910388 1.0004683
a_listing[377]   4.6971298511 0.134005617  4.4850465240  4.909203194 1.0010676
a_listing[378]   4.7254325358 0.058975466  4.6310900120  4.818721467 1.0004228
a_listing[379]   4.5620513484 0.129934059  4.3501999130  4.764877282 1.0002167
a_listing[380]   4.6615392340 0.130136102  4.4533603655  4.869714443 1.0016461
a_listing[381]   4.7286122752 0.062381395  4.6296290305  4.826389008 1.0016219
a_listing[382]   4.6493923754 0.157503450  4.3931969675  4.900496844 1.0010001
a_listing[383]   4.5641361926 0.143272037  4.3328718645  4.792159415 0.9994065
a_listing[384]   4.6502316786 0.142602092  4.4232261585  4.881673806 1.0035343
a_listing[385]   4.5810964477 0.159952214  4.3288061470  4.843456442 1.0026212
a_listing[386]   4.5411094831 0.155927204  4.2841279355  4.788898965 0.9999297
a_listing[387]   4.3821004055 0.150603827  4.1408251680  4.621602249 1.0014353
a_listing[388]   4.6379469322 0.155997185  4.3869798895  4.889642014 1.0020676
a_listing[389]   4.6394747191 0.158908360  4.3874044645  4.891984724 1.0008644
a_listing[390]   4.5807736185 0.139689969  4.3584161540  4.799969757 1.0003712
a_listing[391]   4.6890666610 0.135995120  4.4715950055  4.910749641 1.0028585
a_listing[392]   4.5873274799 0.127884142  4.3795634425  4.792345219 1.0014712
a_listing[393]   4.6505777741 0.156498419  4.3968185940  4.893831892 1.0007538
a_listing[394]   4.6031379629 0.144147969  4.3712440095  4.827506407 1.0014103
a_listing[395]   4.5102407421 0.151464421  4.2683067115  4.751715418 1.0002800
a_listing[396]   4.6104543780 0.160958955  4.3497167675  4.863510415 1.0004563
a_listing[397]   4.5921678082 0.129098597  4.3876838880  4.796648878 1.0013827
a_listing[398]   4.6707550587 0.147688578  4.4395142425  4.905665240 0.9999140
a_listing[399]   4.6233170655 0.158904932  4.3668581830  4.873888120 1.0010696
a_listing[400]   4.6212742212 0.154380393  4.3723452665  4.870692761 1.0013689
a_listing[401]   4.6600521047 0.117447070  4.4690996640  4.842701579 0.9997075
a_listing[402]   4.6005721541 0.154625364  4.3525308215  4.847467617 1.0010408
a_listing[403]   4.6324351469 0.154668966  4.3824023885  4.875961189 1.0013464
a_listing[404]   4.6669364652 0.156897586  4.4123082780  4.920095316 0.9996575
a_listing[405]   4.6409811264 0.158624159  4.3836844695  4.897983433 1.0007582
a_listing[406]   4.5513468521 0.158573274  4.2957490470  4.804159189 1.0015812
a_listing[407]   4.6804786700 0.135562173  4.4668921020  4.893327736 1.0003312
a_listing[408]   4.6488061461 0.144300031  4.4233767925  4.880948411 1.0012233
a_listing[409]   4.6336996875 0.149117577  4.3966586595  4.870030109 1.0016808
a_listing[410]   4.6249925640 0.130164377  4.4143319465  4.828484958 1.0030029
a_listing[411]   4.5706146657 0.143789516  4.3400582060  4.802183966 1.0015811
a_listing[412]   4.5081845261 0.129330325  4.3032205075  4.718773816 1.0007971
a_listing[413]   4.6712603116 0.149886837  4.4273921550  4.913117565 1.0002938
a_listing[414]   4.6593394842 0.151253257  4.4179234330  4.901558866 1.0003566
a_listing[415]   4.6026480216 0.158889732  4.3471375855  4.857127491 1.0032934
a_listing[416]   4.5923295217 0.159796699  4.3336713480  4.845486330 1.0004235
a_listing[417]   4.4340165499 0.126983827  4.2281363260  4.638194432 1.0008247
a_listing[418]   4.7221365091 0.124218858  4.5256552960  4.925447587 1.0020733
a_listing[419]   4.5737594119 0.143210338  4.3432390525  4.802953747 1.0012753
a_listing[420]   4.6560559626 0.153800297  4.4104466745  4.902567366 1.0003087
a_listing[421]   4.6098868353 0.119957657  4.4199857410  4.800194399 1.0002709
a_listing[422]   4.6430765597 0.149369646  4.4077115570  4.882422036 0.9997971
a_listing[423]   4.6239959143 0.150011133  4.3857690440  4.869556041 1.0014168
a_listing[424]   4.5550129649 0.148781193  4.3140680450  4.793437863 1.0004793
a_listing[425]   4.6233568067 0.157828778  4.3687238980  4.876882310 1.0001612
a_listing[426]   4.7005218821 0.137999115  4.4773888965  4.920150533 0.9999349
a_listing[427]   4.6042030562 0.131953231  4.3940502880  4.814907505 1.0011633
a_listing[428]   4.6235184703 0.158605187  4.3702647475  4.875755123 1.0001735
a_listing[429]   4.6144025926 0.153400476  4.3725712235  4.859898894 1.0019109
a_listing[430]   4.6468814450 0.121573882  4.4559534270  4.839319951 1.0005516
a_listing[431]   4.7120512694 0.106591120  4.5411226565  4.878664721 0.9998207
a_listing[432]   4.5627504194 0.122145605  4.3682408275  4.756506969 1.0016337
a_listing[433]   4.6946481986 0.108923676  4.5207688185  4.868941629 1.0012531
a_listing[434]   4.5591250852 0.135032431  4.3456038515  4.770883024 1.0019991
a_listing[435]   4.6660591782 0.152306865  4.4232443485  4.908713438 1.0015555
a_listing[436]   4.6121873740 0.150403818  4.3688124350  4.854105606 1.0022488
a_listing[437]   4.6439473403 0.114251354  4.4646679670  4.830354151 1.0009758
a_listing[438]   4.5725895629 0.158165587  4.3127992690  4.824428563 1.0034014
a_listing[439]   4.6201831570 0.156828850  4.3693011630  4.863816072 1.0017044
a_listing[440]   4.6578906605 0.145649334  4.4272189160  4.889826245 1.0006614
a_listing[441]   4.6562723904 0.154781985  4.4112092395  4.900826895 1.0047786
a_listing[442]   4.6874360389 0.130740966  4.4733998320  4.895276171 1.0003858
a_listing[443]   4.6251663796 0.158570645  4.3741447755  4.879680997 1.0012525
a_listing[444]   4.5963444077 0.149206615  4.3570983535  4.829362268 1.0001483
a_listing[445]   4.5786668161 0.151019648  4.3416103425  4.819352515 1.0005372
a_listing[446]   4.5930548659 0.157416631  4.3389665490  4.846918523 1.0017502
a_listing[447]   4.6253515087 0.153370278  4.3796574795  4.871135437 1.0024007
a_listing[448]   4.6332034917 0.157248823  4.3822470595  4.885367457 1.0002578
a_listing[449]   4.6310944005 0.159577910  4.3757488060  4.891011187 1.0001286
a_listing[450]   4.5925787954 0.166043266  4.3305938090  4.855236762 1.0012873
a_listing[451]   4.6022975789 0.155426891  4.3513677995  4.848894993 1.0021957
a_listing[452]   4.6414803446 0.158637045  4.3898681705  4.898090687 1.0016800
a_listing[453]   4.6110206889 0.159361004  4.3567468780  4.861255604 1.0004032
a_listing[454]   4.6124887373 0.162799842  4.3496606035  4.871721074 1.0010544
a_listing[455]   4.6353632936 0.161521781  4.3782669030  4.896125204 1.0005851
a_listing[456]   4.6364900024 0.157725586  4.3848599500  4.885098354 1.0018592
a_listing[457]   4.7246558349 0.137713480  4.5069250400  4.940670556 1.0000146
a_listing[458]   4.6943633125 0.129659228  4.4900193210  4.902856146 1.0002689
a_listing[459]   4.6766493447 0.138495321  4.4595814150  4.899681615 1.0016361
a_listing[460]   4.6884882603 0.144453216  4.4537995230  4.916899589 1.0014507
a_listing[461]   4.6662628454 0.150564427  4.4268623540  4.904503943 1.0006358
a_listing[462]   4.6343156286 0.158913657  4.3778866410  4.885575093 0.9995871
a_listing[463]   4.6191446548 0.137647690  4.3970934350  4.837463605 1.0019695
a_listing[464]   4.6313841580 0.162952908  4.3694167965  4.891220548 1.0024581
a_listing[465]   4.6533788479 0.153354495  4.4118192715  4.906270908 0.9998047
a_listing[466]   4.6573005040 0.153609801  4.4123667745  4.904624614 1.0006346
a_listing[467]   4.6674956862 0.145458038  4.4268602090  4.901456938 0.9998925
a_listing[468]   4.6602594400 0.146670771  4.4280844150  4.900376651 1.0001816
a_listing[469]   4.6414180435 0.153080376  4.3975720630  4.881388123 1.0010594
a_listing[470]   4.4998604302 0.131048215  4.2917486185  4.704204517 1.0007100
a_listing[471]   4.6322985893 0.152798395  4.3882497010  4.879046088 1.0010102
a_listing[472]   4.7168594722 0.130451313  4.5067129580  4.923310515 1.0012131
a_listing[473]   4.6458952631 0.139785196  4.4252001710  4.868513503 1.0008429
a_listing[474]   4.4454084867 0.155143947  4.1919714740  4.692772033 1.0042917
a_listing[475]   4.5327612012 0.152577192  4.2931249500  4.771501071 1.0033863
a_listing[476]   4.6966758794 0.143203839  4.4688077195  4.923053038 1.0019077
a_listing[477]   4.6937808209 0.136299593  4.4736954440  4.917333777 1.0011024
a_listing[478]   4.5799439634 0.149225384  4.3462774910  4.818378365 1.0001608
a_listing[479]   4.6071748579 0.143742484  4.3786015720  4.835025383 0.9999660
a_listing[480]   4.5834976519 0.148777742  4.3446896985  4.821928446 1.0002595
a_listing[481]   4.4796577044 0.129366134  4.2752216430  4.684307350 1.0005020
a_listing[482]   4.6512321630 0.153883840  4.4090064605  4.900081827 1.0011040
a_listing[483]   4.6407480661 0.149089220  4.4050572625  4.873122592 1.0018168
a_listing[484]   4.6144473747 0.163992098  4.3487905020  4.875023381 1.0020418
a_listing[485]   4.6636171598 0.148377241  4.4263760160  4.896932699 1.0001902
a_listing[486]   4.6748122649 0.148610051  4.4407655315  4.918922455 1.0008151
a_listing[487]   4.6631322459 0.155393285  4.4168622700  4.909953704 1.0027367
a_listing[488]   4.6550153234 0.149991405  4.4171733195  4.898762426 1.0009104
a_listing[489]   4.6880206001 0.146997811  4.4532684790  4.931166479 1.0035405
a_listing[490]   4.6628620649 0.146734278  4.4288723860  4.895204649 1.0008427
a_listing[491]   4.6823038364 0.146768380  4.4493131415  4.913131387 1.0017597
a_listing[492]   4.6046802444 0.139927890  4.3857137970  4.825536876 1.0001386
a_listing[493]   4.6494315263 0.153235966  4.4084532380  4.894140296 1.0001001
a_listing[494]   4.6571680114 0.152084435  4.4164147200  4.900742074 1.0010416
a_listing[495]   4.5931113299 0.137971194  4.3698060900  4.810390359 1.0018263
a_listing[496]   4.6933567100 0.143973467  4.4638396055  4.924718645 1.0001304
a_listing[497]   4.6763536270 0.143201230  4.4483645950  4.902013058 1.0017571
a_listing[498]   4.6330986822 0.161281195  4.3752420450  4.888776903 1.0018466
a_listing[499]   4.6314326413 0.161502246  4.3718937880  4.887510698 1.0034364
a_listing[500]   4.5779523461 0.137741401  4.3573234235  4.794661358 1.0009469
a_listing[501]   4.5906561497 0.131404699  4.3820449515  4.802490757 0.9998440
a_listing[502]   4.5965643769 0.132600479  4.3856255430  4.807502181 1.0024020
a_listing[503]   4.6553705255 0.157032789  4.4116109815  4.903305769 1.0016170
a_listing[504]   4.5916184358 0.151450803  4.3496507990  4.833896558 1.0013129
a_listing[505]   4.6858396823 0.149109264  4.4510626590  4.927252057 1.0014619
a_listing[506]   4.5897750567 0.146927578  4.3550745155  4.822840737 1.0004489
a_listing[507]   4.5698025031 0.157314637  4.3196734655  4.821052861 1.0005380
a_listing[508]   4.6950797814 0.136147975  4.4797780390  4.911951198 0.9997203
a_listing[509]   4.6342355403 0.161461362  4.3754211600  4.891059292 1.0015122
a_listing[510]   4.6361085259 0.160739203  4.3836459440  4.895442669 1.0004304
a_listing[511]   4.6671563196 0.097426866  4.5112900410  4.824238481 0.9998237
a_listing[512]   4.6651940556 0.139428651  4.4439463935  4.889735186 1.0009567
a_listing[513]   4.6063804799 0.152311945  4.3633039045  4.850728342 1.0041296
a_listing[514]   4.6345382840 0.160961763  4.3837315045  4.887124061 1.0009109
a_listing[515]   4.6819314070 0.142752056  4.4559155740  4.913283012 1.0004394
a_listing[516]   4.5817762163 0.146003859  4.3510152700  4.816439759 1.0025788
a_listing[517]   4.5407911381 0.144858762  4.3091676035  4.767766930 1.0012357
a_listing[518]   4.6260539163 0.151950444  4.3820074120  4.862677697 1.0006905
a_listing[519]   4.6693578217 0.136561384  4.4514344355  4.888821403 1.0016993
a_listing[520]   4.5934942177 0.161425318  4.3390725340  4.846226688 1.0012189
a_listing[521]   4.5747492552 0.157537331  4.3205068820  4.825912972 1.0004533
a_listing[522]   4.6353419053 0.159359102  4.3812968715  4.893752013 0.9998782
a_listing[523]   4.6302896413 0.147044598  4.3937260995  4.862586848 1.0045656
a_listing[524]   4.5833249968 0.143949575  4.3465635820  4.813922917 1.0013308
a_listing[525]   4.6353605316 0.152627337  4.3992791215  4.878029065 1.0037089
a_listing[526]   4.6832536897 0.142211860  4.4509316970  4.913473720 1.0005566
a_listing[527]   4.6483461021 0.149587170  4.4098189785  4.888064711 1.0006398
a_listing[528]   4.6191711600 0.143859310  4.3905158165  4.847478149 1.0009056
a_listing[529]   4.6089237805 0.146567637  4.3732132365  4.846279586 1.0016316
a_listing[530]   4.6359409057 0.159072315  4.3785007195  4.890075943 1.0013795
a_listing[531]   4.6500464606 0.151244016  4.4061569385  4.888525844 1.0008589
a_listing[532]   4.6529598833 0.154502819  4.4032247275  4.893326698 1.0002721
a_listing[533]   4.6289477638 0.142947627  4.4005739600  4.856831511 1.0005660
a_listing[534]   4.6228593548 0.156942565  4.3792039330  4.874294844 1.0020790
a_listing[535]   4.6423674735 0.157180354  4.3873510760  4.889370263 0.9995102
a_listing[536]   4.6645091076 0.145312361  4.4336164755  4.894510472 1.0051159
a_listing[537]   4.4643259684 0.158381730  4.2058483480  4.715653076 0.9998906
a_listing[538]   4.5938690126 0.149706593  4.3576697415  4.833284850 1.0002539
a_listing[539]   4.6335180858 0.148873993  4.3939186770  4.864359595 1.0009085
a_listing[540]   4.6370509258 0.158942797  4.3831221100  4.891042958 1.0008460
a_listing[541]   4.5558740490 0.163253830  4.2916688920  4.811530955 1.0028880
a_listing[542]   4.6225936311 0.156550168  4.3653788965  4.875965103 1.0000080
a_listing[543]   4.6282943880 0.157741558  4.3800830370  4.874813018 1.0005871
a_listing[544]   4.6672367901 0.149498159  4.4289549600  4.905949731 1.0017787
a_listing[545]   4.6560665285 0.148319242  4.4214980105  4.894331597 1.0016562
a_listing[546]   4.6556232061 0.148041073  4.4208662220  4.893134516 1.0030773
a_listing[547]   4.6653933683 0.155571260  4.4199850965  4.911816035 1.0006428
a_listing[548]   4.5420796142 0.155808399  4.2911935370  4.791696400 1.0003743
a_listing[549]   4.6133047309 0.151285779  4.3756111015  4.847427353 0.9999634
a_listing[550]   4.6695695626 0.143114135  4.4354248765  4.897352492 1.0030052
a_listing[551]   4.6337961207 0.154231103  4.3856389030  4.885588639 1.0006613
a_listing[552]   4.5719036904 0.151106688  4.3315042510  4.808984938 1.0000887
a_listing[553]   4.6518560250 0.151435348  4.4067556865  4.894071109 1.0027781
a_listing[554]   4.5850161418 0.162039249  4.3240652820  4.844752919 1.0002412
a_listing[555]   4.6256097941 0.158598053  4.3681199910  4.880438484 1.0003182
a_listing[556]   4.6797056605 0.144177650  4.4469673740  4.909952076 1.0022936
a_listing[557]   4.5615983844 0.160078224  4.3061589915  4.821393712 1.0018679
a_listing[558]   4.5894170178 0.159139664  4.3424957210  4.844126639 1.0019436
a_listing[559]   4.6575879871 0.152449203  4.4127539210  4.901721811 1.0028558
a_listing[560]   4.6426404612 0.155828343  4.3951342005  4.891279784 1.0029772
a_listing[561]   4.6138298143 0.148827078  4.3784307740  4.848986518 0.9997813
a_listing[562]   4.6425657829 0.158933165  4.3894753790  4.890460252 1.0007958
a_listing[563]   4.5110539790 0.150900929  4.2650837985  4.749612530 1.0004299
a_listing[564]   4.6126428990 0.155479951  4.3632587430  4.865923156 1.0034998
a_listing[565]   4.5705916214 0.143560794  4.3342057340  4.798515016 1.0015938
a_listing[566]   4.5427518085 0.141353495  4.3126140405  4.762116106 1.0003310
a_listing[567]   4.6357440499 0.160183127  4.3829517885  4.887112963 1.0019974
a_listing[568]   4.6657385507 0.148451970  4.4258122065  4.902550938 1.0024527
a_listing[569]   4.6672097463 0.151817464  4.4248099745  4.915739066 1.0009774
a_listing[570]   4.6141796504 0.166194803  4.3560351880  4.877729728 1.0024480
a_listing[571]   4.6364302429 0.156720469  4.3906395350  4.878524964 1.0005830
a_listing[572]   4.5625305260 0.146762313  4.3260397075  4.794701690 1.0005779
a_listing[573]   4.6209040463 0.152976056  4.3726810020  4.867021156 1.0042524
a_listing[574]   4.6344112290 0.142547759  4.4063380315  4.867347882 1.0008339
a_listing[575]   4.6114086700 0.163574705  4.3528558735  4.868583756 1.0022736
a_listing[576]   4.5537736583 0.157461176  4.3051137925  4.807951141 1.0011999
a_listing[577]   4.6207380946 0.148172063  4.3881188995  4.860070364 1.0014002
a_listing[578]   4.6182784337 0.151443680  4.3789220680  4.863007209 1.0021123
a_listing[579]   4.6561017708 0.151439659  4.4122833980  4.899184407 1.0018426
a_listing[580]   4.6355983089 0.161076270  4.3699882530  4.889185960 1.0004289
a_listing[581]   4.6553596949 0.152685280  4.4081492655  4.900861449 1.0008812
a_listing[582]   4.6411519653 0.158606824  4.3880717435  4.896642165 1.0017103
a_listing[583]   4.5996742577 0.156590439  4.3415158765  4.848169852 1.0012700
a_listing[584]   4.6862290007 0.086161227  4.5475778450  4.824283600 1.0005887
a_listing[585]   4.6375890199 0.158162615  4.3854955595  4.883564760 1.0002866
a_listing[586]   4.6317787844 0.159599909  4.3772660805  4.886189811 1.0009283
a_listing[587]   4.6052438380 0.151937772  4.3636999030  4.844148717 1.0013557
a_listing[588]   4.6273360622 0.157467093  4.3760582960  4.879261195 1.0011160
a_listing[589]   4.6170988263 0.151505012  4.3783385295  4.859990914 1.0008809
a_listing[590]   4.6431856695 0.159164153  4.3915498275  4.899695794 1.0008899
a_listing[591]   4.6337446142 0.157136523  4.3844284400  4.881456305 1.0010042
a_listing[592]   4.6344802888 0.160084723  4.3745794505  4.889819756 0.9997800
a_listing[593]   4.5639424127 0.159397482  4.3091420695  4.814082859 1.0046590
a_listing[594]   4.6431907130 0.158708507  4.3867052810  4.894802386 1.0036564
a_listing[595]   4.6320504219 0.158235639  4.3738661215  4.883948605 0.9995376
a_listing[596]   4.6095968713 0.158794056  4.3569865805  4.864744042 1.0001488
a_listing[597]   4.6464324040 0.157240554  4.3990637035  4.897531628 0.9998458
a_listing[598]   4.6282988981 0.154532616  4.3835757535  4.872201794 1.0002799
a_listing[599]   4.6364147972 0.160374791  4.3761389195  4.899447026 0.9998346
a_listing[600]   4.6244621484 0.159101320  4.3787561335  4.878101036 1.0027420
a_listing[601]   4.6356182016 0.157739070  4.3769689080  4.893945559 1.0026495
a_listing[602]   4.6411090358 0.159393908  4.3877817665  4.896625361 1.0009699
a_listing[603]   4.6400366392 0.158268023  4.3869579270  4.892447291 1.0003045
a_listing[604]   4.6163734646 0.159940054  4.3560627310  4.874807549 1.0009337
a_listing[605]   4.6182719860 0.151835646  4.3774398690  4.860618111 1.0003986
a_listing[606]   4.5939722619 0.161193751  4.3393979050  4.852061700 1.0002145
a_listing[607]   4.6013302133 0.159036835  4.3494406635  4.856251837 1.0001047
a_listing[608]   4.6352042493 0.156825049  4.3890089790  4.887142344 1.0008684
a_listing[609]   4.6422761427 0.160927949  4.3874108250  4.899466712 1.0023125
a_listing[610]   4.6013044891 0.156522535  4.3469685310  4.856307125 1.0007111
a_listing[611]   4.5869887003 0.126009214  4.3850392570  4.790567052 1.0011050
a_listing[612]   4.6331906222 0.162414528  4.3805158085  4.892520521 0.9997008
a_listing[613]   4.6519416976 0.157325604  4.4025547430  4.904620285 1.0022037
a_listing[614]   4.6111170103 0.159638720  4.3606678390  4.871203272 1.0016191
a_listing[615]   4.6213568992 0.161032567  4.3608311030  4.881518055 1.0011802
a_listing[616]   4.6375569813 0.150126799  4.3933674645  4.875782755 1.0010083
a_listing[617]   4.6982253321 0.138572852  4.4761621175  4.920014191 1.0023650
a_listing[618]   4.6348280656 0.159884924  4.3823875585  4.891311176 0.9993256
a_listing[619]   4.6686235462 0.150258672  4.4290513605  4.913021314 1.0002835
a_listing[620]   4.6608298733 0.152856711  4.4183390710  4.905095253 1.0018464
a_listing[621]   4.6474041085 0.150612244  4.4062006615  4.887232809 1.0008717
a_listing[622]   4.4188549645 0.085721140  4.2828093820  4.558652975 1.0015981
a_listing[623]   4.7060961014 0.078759665  4.5780692830  4.833215784 1.0004417
a_listing[624]   4.6330259118 0.160940516  4.3708210225  4.893758874 1.0024461
a_listing[625]   4.6738597323 0.153411427  4.4300042090  4.922313009 1.0014386
a_listing[626]   4.5851703593 0.121545482  4.3960328730  4.784338817 1.0024065
a_listing[627]   4.6261433191 0.155953184  4.3808955320  4.877676286 1.0010286
a_listing[628]   4.6237618253 0.146813932  4.3919737855  4.856905679 1.0030156
a_listing[629]   4.6331457739 0.155096559  4.3798544765  4.882595431 1.0001330
a_listing[630]   4.6814542232 0.142231642  4.4527783195  4.906946243 1.0037914
a_listing[631]   4.6026303958 0.142252072  4.3775120230  4.831783979 1.0024641
a_listing[632]   4.7416101179 0.087050082  4.6032789960  4.883252489 1.0027906
a_listing[633]   4.6574527952 0.142654512  4.4346520145  4.882877538 1.0010082
a_listing[634]   4.6349525685 0.161770001  4.3709547055  4.896309906 1.0039751
a_listing[635]   4.6455441614 0.158993672  4.3910350905  4.901927212 0.9998528
a_listing[636]   4.6129673566 0.145370058  4.3773689035  4.846187434 1.0004597
a_listing[637]   4.6755713538 0.147163783  4.4428899540  4.906498563 1.0005218
a_listing[638]   4.6820507961 0.124304301  4.4791975795  4.877411329 1.0005792
a_listing[639]   4.6857780488 0.120828407  4.4922788350  4.880122834 1.0008218
a_listing[640]   4.6190211216 0.132872328  4.4071875615  4.826846876 1.0021492
a_listing[641]   4.6347158149 0.150834941  4.3939364495  4.874461720 1.0000694
a_listing[642]   4.6887448025 0.143321204  4.4653474090  4.913588099 1.0005134
a_listing[643]   4.6333457677 0.164184962  4.3749078595  4.888469718 1.0001988
a_listing[644]   4.6469218575 0.148379246  4.4141507060  4.880473162 0.9997146
a_listing[645]   4.5336588982 0.138396661  4.3122805660  4.747849952 1.0013065
a_listing[646]   4.6424128296 0.148187312  4.4106690095  4.881685727 1.0002019
a_listing[647]   4.6329103323 0.161972521  4.3716531175  4.891457894 1.0013347
a_listing[648]   4.6448004983 0.144814147  4.4127420635  4.873610407 1.0014663
a_listing[649]   4.6178931944 0.129498441  4.4097178975  4.825957833 1.0016428
a_listing[650]   4.6466616704 0.150772687  4.4085006265  4.891023891 1.0003832
a_listing[651]   4.5923686508 0.112217976  4.4148140605  4.772094641 1.0031947
a_listing[652]   4.6434765035 0.156106840  4.3957267400  4.893787911 0.9994207
a_listing[653]   4.6178144525 0.118961643  4.4282193380  4.805711293 1.0032311
a_listing[654]   4.6918731830 0.141074816  4.4623084375  4.917486074 1.0016299
a_listing[655]   4.6916545455 0.147606023  4.4557458780  4.921238721 0.9999424
a_listing[656]   4.5899244952 0.090405744  4.4442755945  4.734700079 1.0004472
a_listing[657]   4.7396960733 0.106961049  4.5709824025  4.910929626 1.0008922
a_listing[658]   4.7213004883 0.124933902  4.5224839790  4.918744551 1.0030832
a_listing[659]   4.6376348667 0.161541995  4.3729449170  4.890621644 1.0008026
a_listing[660]   4.5790586862 0.153690460  4.3337966860  4.818436813 1.0003879
a_listing[661]   4.6731608280 0.068296759  4.5667905020  4.783756248 1.0005364
a_listing[662]   4.6157960035 0.161209106  4.3534838555  4.878276850 1.0003274
a_listing[663]   4.6234104832 0.159972134  4.3673683330  4.877951352 1.0003834
a_listing[664]   4.6530451563 0.145658577  4.4211126435  4.884416213 1.0025343
a_listing[665]   4.6723894158 0.098781836  4.5148334885  4.831419518 1.0006729
a_listing[666]   4.6366932569 0.122622258  4.4390131710  4.835219792 1.0005338
a_listing[667]   4.6565570458 0.155171181  4.4109665590  4.908408872 1.0010601
a_listing[668]   4.6438392247 0.163868596  4.3848941330  4.908933282 1.0006512
a_listing[669]   4.6155479767 0.137870645  4.3894401085  4.833687888 1.0005708
a_listing[670]   4.5353331169 0.134917300  4.3188726120  4.749625943 1.0023004
a_listing[671]   4.5836451340 0.065235000  4.4773473610  4.686348050 1.0024885
a_listing[672]   4.2874857509 0.098018801  4.1339805915  4.443253714 1.0010725
a_listing[673]   4.6868622737 0.140585139  4.4581956435  4.916998682 1.0002787
a_listing[674]   4.6847573654 0.143219630  4.4528814940  4.912103513 1.0014309
a_listing[675]   4.5620416639 0.122184726  4.3675569580  4.755715427 1.0001723
a_listing[676]   4.6685311864 0.142508541  4.4434131910  4.900950670 1.0025058
a_listing[677]   4.6340694425 0.161078791  4.3771203720  4.896582648 1.0008082
a_listing[678]   4.5911753149 0.141935924  4.3648140450  4.818461107 1.0008763
a_listing[679]   4.3076346979 0.067819930  4.1993734245  4.416483739 1.0010759
a_listing[680]   4.5908871294 0.119455499  4.3989421305  4.780175633 1.0025346
a_listing[681]   4.6364449161 0.158491968  4.3857599745  4.889727170 1.0012076
a_listing[682]   4.6858821273 0.084231913  4.5537403925  4.821447479 1.0012158
a_listing[683]   4.5843644429 0.115190031  4.4042994940  4.769244760 1.0000132
a_listing[684]   4.6560734725 0.151269991  4.4165022495  4.897975731 1.0002296
a_listing[685]   4.6614599899 0.150059891  4.4207577410  4.903965435 1.0007108
a_listing[686]   4.7103652213 0.142094587  4.4853780270  4.932898042 1.0011009
a_listing[687]   4.6331299120 0.162439606  4.3754827255  4.889492496 1.0016318
a_listing[688]   4.7280622635 0.131943513  4.5234653945  4.937581941 1.0010517
a_listing[689]   4.6499530793 0.161787462  4.3890793515  4.905495309 1.0016291
a_listing[690]   4.6036886932 0.156599918  4.3533288315  4.855965311 1.0023772
a_listing[691]   4.6433282098 0.123631507  4.4422599445  4.838541960 1.0001586
a_listing[692]   4.6580244728 0.155763086  4.4110084450  4.906859674 1.0004065
a_listing[693]   4.5970102117 0.147126347  4.3592264640  4.829250946 1.0012442
a_listing[694]   4.6318785272 0.152704434  4.3900208430  4.875950727 0.9995036
a_listing[695]   4.6782143415 0.145462564  4.4434682855  4.913662630 0.9993603
a_listing[696]   4.5860271047 0.074940509  4.4640898310  4.707986636 0.9996647
a_listing[697]   4.6732225614 0.098086854  4.5187228355  4.830586867 1.0009109
a_listing[698]   4.6130469659 0.157932688  4.3586646675  4.869197727 1.0012159
a_listing[699]   4.5637763106 0.144708786  4.3267809175  4.788804429 1.0007532
a_listing[700]   4.6524847578 0.148341484  4.4153773525  4.897468505 1.0012340
a_listing[701]   4.7155286293 0.137754460  4.4975354215  4.938821719 1.0009878
a_listing[702]   4.5369524624 0.098739955  4.3775958345  4.694262040 1.0037649
a_listing[703]   4.6336736888 0.163455822  4.3716385265  4.891441405 1.0028107
a_listing[704]   4.6641852752 0.142423277  4.4441010105  4.895870162 1.0010262
a_listing[705]   4.6540840008 0.160162586  4.3975593620  4.911044228 1.0023271
a_listing[706]   4.6090881894 0.087599090  4.4645404740  4.745415553 1.0024315
a_listing[707]   4.6359909514 0.083569893  4.5028722265  4.768745343 1.0013627
a_listing[708]   4.6594848127 0.152540200  4.4176831955  4.909122733 1.0020918
a_listing[709]   4.5817776677 0.152134889  4.3326968315  4.824851010 1.0026845
a_listing[710]   4.7021531190 0.142538257  4.4757826975  4.928623384 1.0010491
a_listing[711]   4.5837135506 0.124949048  4.3783581885  4.783352059 1.0023832
a_listing[712]   4.7125921530 0.083672454  4.5812451390  4.845251013 1.0003787
a_listing[713]   4.6104746009 0.156819015  4.3599423250  4.858382230 1.0011307
a_listing[714]   4.6821853157 0.076251518  4.5601764080  4.804433614 1.0014197
a_listing[715]   4.6821520226 0.141729129  4.4554072340  4.909975674 1.0015723
a_listing[716]   4.7019786458 0.110100408  4.5294684040  4.875616670 1.0002028
a_listing[717]   4.6609951855 0.153469200  4.4158905170  4.903518084 1.0005390
a_listing[718]   4.6857996575 0.136753844  4.4692617965  4.903268405 1.0017548
a_listing[719]   4.6307977546 0.160416886  4.3746821615  4.887492875 1.0011232
a_listing[720]   4.6691349113 0.141394914  4.4383219530  4.891786109 1.0001821
a_listing[721]   4.6602839708 0.125896072  4.4578011310  4.859463037 1.0009243
a_listing[722]   4.6566201133 0.142838502  4.4367104660  4.887321774 1.0003435
a_listing[723]   4.6314974593 0.161200006  4.3758102580  4.890740866 0.9999767
a_listing[724]   4.5715012290 0.146062245  4.3364635500  4.806472741 1.0002560
a_listing[725]   4.6043269354 0.155392999  4.3558986670  4.854424082 1.0015198
a_listing[726]   4.6810528402 0.143557048  4.4507130250  4.906462117 1.0021064
a_listing[727]   4.6699263020 0.145686030  4.4385752710  4.905201542 1.0004970
a_listing[728]   4.7402934934 0.113126678  4.5586864755  4.919439170 1.0008556
a_listing[729]   4.6077410325 0.115196653  4.4217151345  4.797254501 0.9998318
a_listing[730]   4.6317118498 0.159511667  4.3690354300  4.885510776 1.0000904
a_listing[731]   4.7014867474 0.140509565  4.4780242900  4.927036889 0.9997166
a_listing[732]   4.6630886738 0.108095680  4.4935480880  4.837556105 1.0027708
a_listing[733]   4.5706805225 0.099140584  4.4109429780  4.728725322 0.9996354
a_listing[734]   4.7512799597 0.107413522  4.5826187860  4.924821599 1.0014717
a_listing[735]   4.5998309066 0.133241255  4.3879339155  4.811731901 1.0038292
a_listing[736]   4.6568595088 0.102280731  4.4979595135  4.822310983 1.0003432
a_listing[737]   4.6710411329 0.085312233  4.5367593230  4.809134280 1.0022862
a_listing[738]   4.6275632418 0.156485778  4.3732453125  4.874980320 1.0009568
a_listing[739]   4.6471579030 0.156499319  4.3990408625  4.899986989 1.0022287
a_listing[740]   4.6616925898 0.141002409  4.4370384085  4.885750895 1.0006925
a_listing[741]   4.6422207189 0.159818132  4.3884354170  4.899312157 1.0018119
a_listing[742]   4.6708437146 0.123902854  4.4756807095  4.870415547 1.0003068
a_listing[743]   4.6756059637 0.150404703  4.4384750005  4.919308631 1.0012433
a_listing[744]   4.6997997973 0.124560826  4.5001850220  4.898324967 0.9997695
a_listing[745]   4.5580847288 0.150525552  4.3200920015  4.799497224 1.0016190
a_listing[746]   4.2894453783 0.099559929  4.1311577195  4.450028952 1.0011264
a_listing[747]   4.6687089414 0.150331130  4.4255762380  4.907543091 1.0026513
a_listing[748]   4.6408095491 0.123935502  4.4419661495  4.837727333 1.0007102
a_listing[749]   4.2855039936 0.083257619  4.1474174550  4.418161444 1.0021413
a_listing[750]   4.6408833043 0.159868844  4.3855310930  4.900929740 1.0010301
a_listing[751]   4.6597966567 0.076832866  4.5379074945  4.780416694 0.9996496
a_listing[752]   4.6319445564 0.159624116  4.3759511115  4.887805261 1.0016374
a_listing[753]   4.6948078947 0.095159470  4.5397529975  4.846151382 1.0004364
a_listing[754]   4.6311867588 0.158581978  4.3774069705  4.886734020 1.0018725
a_listing[755]   4.6236023315 0.157445969  4.3745891965  4.873832303 1.0008964
a_listing[756]   4.7023217170 0.124683953  4.5024897885  4.895336294 1.0018027
a_listing[757]   4.6358201183 0.153518464  4.3932700930  4.882030943 1.0011020
a_listing[758]   4.6731309625 0.152318739  4.4279578330  4.916309051 1.0002000
a_listing[759]   4.6568264617 0.148247156  4.4212300615  4.896651210 1.0005111
a_listing[760]   4.6600068688 0.157413797  4.4105985530  4.913347109 1.0008105
a_listing[761]   4.6300703483 0.142740126  4.4010095450  4.863792957 0.9999644
a_listing[762]   4.7195438661 0.135244673  4.5030945800  4.936184832 1.0000413
a_listing[763]   4.6930699007 0.140895414  4.4720279850  4.920131988 0.9995194
a_listing[764]   4.7109028315 0.138439190  4.4905850285  4.931499362 1.0004573
a_listing[765]   4.6324264912 0.158344711  4.3802987850  4.881637224 1.0006340
a_listing[766]   4.6359315686 0.167255982  4.3656970705  4.902738837 1.0006097
a_listing[767]   4.6172244933 0.160888868  4.3600991755  4.874843439 1.0010512
a_listing[768]   4.7060330693 0.133222599  4.4899170105  4.922456741 1.0009495
a_listing[769]   4.7604002525 0.094543715  4.6105287850  4.912376769 1.0007622
a_listing[770]   4.5984976179 0.141879159  4.3660238700  4.824598324 1.0019154
a_listing[771]   4.6272081662 0.141324739  4.4009209990  4.850065765 1.0004293
a_listing[772]   4.7172287889 0.115668900  4.5311781310  4.899991053 1.0007011
a_listing[773]   4.6142396613 0.098860641  4.4525518080  4.771467226 1.0009373
a_listing[774]   4.6420788384 0.144723358  4.4082730700  4.872356427 1.0011014
a_listing[775]   4.6314210372 0.111686860  4.4505446040  4.808318414 1.0023020
a_listing[776]   4.6474035603 0.152311673  4.4045958790  4.895563667 1.0009568
a_listing[777]   4.7514797675 0.108153385  4.5800476165  4.924088042 1.0014905
a_listing[778]   4.7233820505 0.118887375  4.5304082495  4.914312939 1.0005667
a_listing[779]   4.6712638503 0.120144565  4.4771330345  4.859979961 1.0021509
a_listing[780]   4.6805636634 0.146244295  4.4456505315  4.914693596 1.0004961
a_listing[781]   4.6171654421 0.163583818  4.3499254740  4.877469519 1.0005817
a_listing[782]   4.5738716494 0.140173319  4.3461786145  4.800662091 1.0002097
a_listing[783]   4.4676997050 0.114044165  4.2826229880  4.647130810 1.0010641
a_listing[784]   4.7175431970 0.136917609  4.4993821130  4.935042128 1.0013240
a_listing[785]   4.6425822243 0.156319085  4.3951944120  4.893547792 1.0000593
a_listing[786]   4.5336100782 0.067676158  4.4262980475  4.639945521 1.0011903
a_listing[787]   4.7362611149 0.127812130  4.5305212480  4.937979175 1.0011964
a_listing[788]   4.6320708717 0.160129650  4.3817598640  4.882008136 1.0047521
a_listing[789]   4.6899791718 0.124588993  4.4898929615  4.889303283 1.0003608
a_listing[790]   4.6335000644 0.159876728  4.3779940660  4.886937846 1.0018109
a_listing[791]   4.6431683020 0.160283472  4.3889492610  4.900528255 1.0021519
a_listing[792]   4.7545154109 0.118933671  4.5644567465  4.945431777 1.0009955
a_listing[793]   4.6383359933 0.126792661  4.4341757355  4.837044828 1.0030965
a_listing[794]   4.6071848417 0.126888485  4.4060947895  4.808906433 1.0009333
a_listing[795]   4.6645413239 0.144150234  4.4374857180  4.894958489 1.0017781
a_listing[796]   4.6620676825 0.132170077  4.4510352415  4.874764121 1.0000317
a_listing[797]   4.6441462867 0.160531546  4.3883186380  4.902026508 1.0007814
a_listing[798]   4.6433812949 0.157368214  4.3875172020  4.895120204 1.0007220
a_listing[799]   4.6730723297 0.119377658  4.4852483120  4.866704507 1.0015448
a_listing[800]   4.6484896067 0.155139040  4.4007894355  4.895082686 1.0002738
a_listing[801]   4.6438802661 0.157952805  4.3913705665  4.896926299 1.0018391
a_listing[802]   4.6453551166 0.074462701  4.5243957015  4.766863284 1.0008472
a_listing[803]   4.6186456293 0.156620847  4.3651927725  4.868398758 1.0023288
a_listing[804]   4.6135153012 0.154736318  4.3669268265  4.855248921 1.0026879
a_listing[805]   4.6598500135 0.152304012  4.4167402770  4.905233471 1.0030696
a_listing[806]   4.7037508622 0.139202320  4.4832147005  4.921958049 1.0006939
a_listing[807]   4.6336193857 0.102303075  4.4704100025  4.795831042 1.0001678
a_listing[808]   4.6268556529 0.136115716  4.4033643355  4.844440085 1.0017769
a_listing[809]   4.6734712054 0.151675033  4.4289949445  4.911831833 0.9999008
a_listing[810]   4.6332432006 0.151688575  4.3939248410  4.875140163 1.0007373
a_listing[811]   4.6581972047 0.137578939  4.4437129545  4.879426639 1.0014379
a_listing[812]   4.6940517718 0.111591094  4.5182298870  4.867961236 1.0061326
a_listing[813]   4.6767419669 0.119354704  4.4903382475  4.870525612 1.0018025
a_listing[814]   4.4966968050 0.075247860  4.3794764535  4.617008195 0.9998604
a_listing[815]   4.6338923666 0.154867517  4.3867488885  4.883035699 1.0020329
a_listing[816]   4.6549066932 0.155548424  4.4046258305  4.904167032 0.9997828
a_listing[817]   4.6183156538 0.153132706  4.3756905515  4.861076117 1.0005733
a_listing[818]   4.6444876644 0.157022484  4.3981162125  4.891566733 1.0042604
a_listing[819]   4.5763620915 0.148092845  4.3378957690  4.807807991 1.0018969
a_listing[820]   4.6569588631 0.150617359  4.4178563820  4.905601411 1.0031617
a_listing[821]   4.6370544002 0.159691258  4.3840022205  4.895994010 1.0025217
a_listing[822]   4.6806625528 0.147218212  4.4418209510  4.918058624 0.9996662
a_listing[823]   4.5863947150 0.132280955  4.3740259440  4.794569085 1.0017510
a_listing[824]   4.6501709317 0.163243661  4.3835773000  4.906326179 1.0012109
a_listing[825]   4.6958751994 0.132989655  4.4874648185  4.906939212 1.0014653
a_listing[826]   4.6427835960 0.125853386  4.4399633830  4.843882515 1.0032130
a_listing[827]   4.7138745402 0.139679233  4.4932153160  4.934278821 1.0001009
a_listing[828]   4.3014197789 0.098105453  4.1389629490  4.460529672 1.0016517
a_listing[829]   4.6182063021 0.147264955  4.3843971465  4.853372108 1.0011080
a_listing[830]   4.7567378740 0.111860474  4.5800651205  4.935385893 1.0001334
a_listing[831]   4.6339081101 0.158374451  4.3765495405  4.892982511 1.0029835
a_listing[832]   4.7086914134 0.125400526  4.5078240420  4.909426856 1.0009371
a_listing[833]   4.6132251897 0.157578382  4.3635343110  4.864494927 1.0057400
a_listing[834]   4.6295446289 0.139784037  4.4092817810  4.848855896 1.0018644
a_listing[835]   4.6080939104 0.149274925  4.3710711335  4.845047315 1.0012455
a_listing[836]   4.6344322194 0.162967710  4.3723772750  4.895854775 1.0006400
a_listing[837]   4.5977704954 0.136485518  4.3820183760  4.815847689 1.0022707
a_listing[838]   4.6706951817 0.135401191  4.4531130435  4.886103240 1.0030803
a_listing[839]   4.6282975543 0.125706645  4.4297327945  4.826766792 1.0040120
a_listing[840]   4.6142901670 0.156708095  4.3529471255  4.861538031 1.0005509
a_listing[841]   4.5825223061 0.104489033  4.4133158645  4.749296277 1.0008132
a_listing[842]   4.6666009439 0.153914935  4.4198895240  4.913280169 1.0004274
a_listing[843]   4.6891340201 0.147319203  4.4505015235  4.918209959 1.0015271
a_listing[844]   4.6028235040 0.137239136  4.3791396075  4.821255659 1.0002117
a_listing[845]   4.6941631291 0.138441084  4.4721940340  4.916677437 1.0003866
a_listing[846]   4.4820925056 0.141060866  4.2534597300  4.707727383 1.0016737
a_listing[847]   4.5819917998 0.117910555  4.3915399930  4.767359080 1.0000959
a_listing[848]   4.5524255261 0.124373077  4.3546035385  4.748529159 1.0004645
a_listing[849]   4.5846174283 0.143680139  4.3544528970  4.814202394 1.0019596
a_listing[850]   4.5191467685 0.129905713  4.3149611445  4.726915657 1.0018937
a_listing[851]   4.5850355615 0.134535093  4.3682749365  4.800418206 1.0030665
a_listing[852]   4.4196378202 0.115418217  4.2345300560  4.599296568 1.0009127
a_listing[853]   4.7307058841 0.110341126  4.5551529090  4.907682799 1.0015280
a_listing[854]   4.6062219596 0.154097788  4.3595205565  4.851783054 0.9998822
a_listing[855]   4.7027346296 0.107993330  4.5277022140  4.874689996 1.0015151
a_listing[856]   4.6606820961 0.151966015  4.4195841745  4.902299636 1.0013445
a_listing[857]   4.5433000465 0.139755917  4.3174980750  4.769496270 1.0014798
a_listing[858]   4.5271994668 0.117555926  4.3394388605  4.712189266 1.0001223
a_listing[859]   4.6371320603 0.156437463  4.3876361225  4.890517370 1.0011933
a_listing[860]   4.6512419051 0.132489966  4.4409760550  4.861747168 1.0007130
a_listing[861]   4.6104806139 0.114808687  4.4238223720  4.792726440 1.0025876
a_listing[862]   4.5758723821 0.137625399  4.3538105280  4.792246189 1.0019285
a_listing[863]   4.6250206336 0.122076250  4.4300915485  4.822362924 1.0020269
a_listing[864]   4.4334628920 0.124244852  4.2349880565  4.634836605 1.0006023
a_listing[865]   4.6082464008 0.140080329  4.3845315690  4.831633332 1.0001382
a_listing[866]   4.4653194942 0.131012133  4.2576471390  4.669323443 1.0015503
a_listing[867]   4.4511307640 0.156031887  4.1988452055  4.691375407 0.9996175
a_listing[868]   4.3528992270 0.109556492  4.1754031990  4.527198524 1.0005891
a_listing[869]   4.5724846746 0.143678522  4.3434787495  4.793045713 1.0002730
a_listing[870]   4.5243052066 0.114838719  4.3421665340  4.708501183 1.0029558
a_listing[871]   4.7111388838 0.094976908  4.5591247260  4.859420569 1.0009086
a_listing[872]   4.6351432804 0.158730838  4.3775290645  4.890492960 1.0027332
a_listing[873]   4.5832252191 0.133723681  4.3656281865  4.801246392 1.0027477
a_listing[874]   4.4755806021 0.138026200  4.2524623685  4.688446338 1.0020108
a_listing[875]   4.5968808111 0.128304163  4.3897900650  4.800377218 1.0010887
a_listing[876]   4.5761713710 0.130112572  4.3637948995  4.784442144 1.0007818
a_listing[877]   4.5191187553 0.114366183  4.3339499890  4.707681964 1.0022453
a_listing[878]   4.5698633520 0.135531379  4.3520187815  4.786868867 1.0020083
a_listing[879]   4.6637506841 0.137376526  4.4470597505  4.883846833 1.0005163
a_listing[880]   4.6154102956 0.119090328  4.4246503630  4.806055078 1.0015703
a_listing[881]   4.6948369629 0.090524104  4.5491799785  4.838261268 0.9994333
a_listing[882]   4.4447365911 0.131106077  4.2348871380  4.657151395 0.9999960
a_listing[883]   4.7238628713 0.137178186  4.5058414890  4.946382495 1.0008178
a_listing[884]   4.3460137335 0.105864439  4.1763704875  4.513636698 1.0020531
a_listing[885]   4.6193632653 0.117943981  4.4304146415  4.807746591 1.0008877
a_listing[886]   4.6649202980 0.112412956  4.4857552020  4.845156193 1.0015353
a_listing[887]   4.4161133693 0.091361446  4.2720367860  4.566100895 1.0013884
a_listing[888]   4.7062042133 0.141832628  4.4761362310  4.934627973 1.0000521
a_listing[889]   4.6256896970 0.152655161  4.3803146775  4.868014799 1.0004732
a_listing[890]   4.6212609933 0.114631923  4.4376037025  4.810076624 1.0027333
a_listing[891]   4.5503468076 0.126566769  4.3450053575  4.751458175 1.0013980
a_listing[892]   4.5883327889 0.128222125  4.3821939840  4.801362735 1.0001465
a_listing[893]   4.7308874019 0.114240687  4.5505598400  4.910011721 1.0028842
a_listing[894]   4.4698892438 0.137445868  4.2457023650  4.685638772 0.9997569
a_listing[895]   4.6572240019 0.142176888  4.4311776705  4.880976895 1.0032229
a_listing[896]   4.5450859184 0.118553197  4.3563007175  4.734416251 1.0023372
a_listing[897]   4.6472376852 0.098674299  4.4948293510  4.806801412 1.0052950
a_listing[898]   4.7554124749 0.104554459  4.5895639615  4.925772014 1.0007759
a_listing[899]   4.5519964421 0.137347466  4.3333585565  4.777062956 1.0005966
a_listing[900]   4.4709594649 0.136420471  4.2503423720  4.689627652 1.0001637
a_listing[901]   4.5778789266 0.138912408  4.3562996885  4.803235812 1.0034402
a_listing[902]   4.5587958582 0.141649101  4.3326609980  4.791485895 1.0011387
a_listing[903]   4.4557492628 0.131075531  4.2476786465  4.661142706 1.0017816
a_listing[904]   4.5146666723 0.137577447  4.2883211100  4.736772504 1.0008709
a_listing[905]   4.6649560160 0.151322028  4.4337726215  4.907294961 1.0001135
a_listing[906]   4.6016805059 0.143658551  4.3647850250  4.825048800 1.0019454
a_listing[907]   4.5303888622 0.138965108  4.3044469415  4.752610911 1.0005400
a_listing[908]   4.5283306635 0.129888006  4.3216679585  4.736965524 1.0036911
a_listing[909]   4.5009707778 0.148800174  4.2624305840  4.739622557 1.0008094
a_listing[910]   4.4856924061 0.141515693  4.2604823085  4.709434697 1.0006746
a_listing[911]   4.7145096429 0.129932957  4.5039620315  4.927586364 1.0008812
a_listing[912]   4.7241882486 0.096228468  4.5695529220  4.873741808 1.0014017
a_listing[913]   4.5884149761 0.153088248  4.3439768965  4.830633160 1.0034796
a_listing[914]   4.6266745459 0.138704471  4.4053267660  4.851862168 0.9995084
a_listing[915]   4.6349040927 0.157994526  4.3855757815  4.884487077 1.0000252
a_listing[916]   4.6511606908 0.151788447  4.4074038750  4.889623433 1.0007436
a_listing[917]   4.4363589970 0.084453025  4.3018459155  4.569138053 1.0022128
a_listing[918]   4.5756857486 0.138399472  4.3555872655  4.800369428 1.0010363
a_listing[919]   4.6175288325 0.121279725  4.4237188705  4.815061873 0.9994871
a_listing[920]   4.6358346554 0.157251872  4.3894922490  4.886808494 0.9999894
a_listing[921]   4.7667028397 0.110282333  4.5900736720  4.946986852 1.0022729
a_listing[922]   4.6698209224 0.140900540  4.4482728200  4.898244097 1.0018464
a_listing[923]   4.7444008107 0.093149204  4.5945223005  4.893744745 1.0001626
a_listing[924]   4.5851091827 0.073965055  4.4673916280  4.701939831 1.0041735
a_listing[925]   4.6420896551 0.154283254  4.3985727915  4.892108643 1.0030919
a_listing[926]   4.6430842034 0.159911025  4.3849711715  4.896063926 1.0010743
a_listing[927]   4.6507912417 0.157216079  4.4033267385  4.899309262 1.0026486
a_listing[928]   4.5875283730 0.138333841  4.3619187960  4.806208313 0.9994568
a_listing[929]   4.6285124863 0.156679261  4.3741437900  4.878804436 1.0009250
a_listing[930]   4.6260345750 0.146556803  4.3901230385  4.860295664 1.0007013
a_listing[931]   4.7029506985 0.117629987  4.5137098005  4.890557870 1.0009850
a_listing[932]   4.7504858230 0.119351878  4.5659379325  4.948216010 1.0032611
a_listing[933]   4.6533425546 0.147558438  4.4143006965  4.886947992 1.0006332
a_listing[934]   4.6314761231 0.151571903  4.3921556270  4.872667769 1.0024487
a_listing[935]   4.6325918261 0.155068210  4.3797581620  4.877161593 1.0012013
a_listing[936]   4.6798986393 0.134654741  4.4611238405  4.890282540 1.0000475
a_listing[937]   4.7207160322 0.086351227  4.5858389195  4.858507867 1.0008616
a_listing[938]   4.6416257511 0.158464501  4.3945925340  4.895019708 1.0029099
a_listing[939]   4.7443092546 0.119244752  4.5548118445  4.936028919 1.0009987
a_listing[940]   4.6429813448 0.151239292  4.3979518140  4.882277516 1.0017100
a_listing[941]   4.7185970137 0.119960923  4.5305482420  4.912940934 1.0000401
a_listing[942]   4.6305684170 0.130129744  4.4223668930  4.838408452 0.9996192
a_listing[943]   4.7313293968 0.094359163  4.5790008560  4.880483730 1.0009046
a_listing[944]   4.5124198866 0.154308121  4.2630166955  4.764928677 0.9994594
a_listing[945]   4.6492561861 0.140474343  4.4257691325  4.874811717 1.0026636
a_listing[946]   4.6013145678 0.129667021  4.3907135700  4.809132614 1.0002581
a_listing[947]   4.3914088948 0.095718349  4.2396937190  4.542111593 1.0008241
a_listing[948]   4.6257478848 0.147465429  4.3998883720  4.863327138 1.0006411
a_listing[949]   4.6883126095 0.135414148  4.4720452620  4.904878124 1.0008573
a_listing[950]   4.6157114485 0.158442166  4.3674721125  4.867650204 1.0009400
a_listing[951]   4.6551220669 0.152664515  4.4123719955  4.898817357 1.0005086
a_listing[952]   4.6354016400 0.160358636  4.3782121465  4.893000841 1.0032888
a_listing[953]   4.3472211499 0.104370525  4.1820979830  4.513628206 1.0002949
a_listing[954]   4.7236432351 0.092131878  4.5787200290  4.873215312 1.0006751
a_listing[955]   4.6833889795 0.072595930  4.5654449715  4.799714781 1.0015635
a_listing[956]   4.6445599918 0.143822259  4.4167578040  4.876112728 1.0024578
a_listing[957]   4.5363488324 0.123119794  4.3401933185  4.730044943 1.0009605
a_listing[958]   4.6411163774 0.149883841  4.4009890995  4.880804571 1.0002116
a_listing[959]   4.4657649752 0.114444230  4.2838222135  4.646439641 1.0008037
a_listing[960]   4.7464247561 0.080925996  4.6144231615  4.874484230 1.0026916
a_listing[961]   4.7156174931 0.118137990  4.5278541225  4.905908580 1.0020506
a_listing[962]   4.5676224779 0.077212320  4.4432503710  4.687846933 1.0017646
a_listing[963]   4.5210740270 0.114573934  4.3362175230  4.707949741 1.0009615
a_listing[964]   4.6359926589 0.159121892  4.3836470895  4.886073697 1.0004583
a_listing[965]   4.1164775836 0.078480295  3.9903454580  4.241819308 1.0003813
a_listing[966]   4.6464334447 0.147426716  4.4156859825  4.881276966 0.9996090
a_listing[967]   4.7357965374 0.104117074  4.5697821360  4.900588196 1.0015995
a_listing[968]   4.6569892715 0.156048554  4.4063954570  4.902796410 1.0020029
a_listing[969]   4.7153711082 0.091378163  4.5669903040  4.858859839 1.0018059
a_listing[970]   4.6607097376 0.145764405  4.4266109340  4.896508756 1.0015255
a_listing[971]   4.6364561578 0.158841341  4.3818684840  4.892171536 1.0004096
a_listing[972]   4.6444611547 0.157351988  4.3916634860  4.896740379 1.0001816
a_listing[973]   4.6361776121 0.127459884  4.4284161745  4.840350781 1.0024950
a_listing[974]   4.7189025155 0.123430447  4.5246994430  4.918952773 1.0000721
a_listing[975]   4.6847842139 0.146759446  4.4570015805  4.919639405 1.0007362
a_listing[976]   4.6755003272 0.093912291  4.5260184515  4.823486222 1.0015258
a_listing[977]   4.5517103204 0.158782831  4.2995383080  4.807898097 1.0022128
a_listing[978]   4.6351895671 0.154217878  4.3894186315  4.886210323 1.0019655
a_listing[979]   4.6762033033 0.073312821  4.5585785990  4.790331830 1.0003316
a_listing[980]   4.6396167796 0.127777814  4.4402275955  4.841695881 1.0028292
a_listing[981]   4.6641326031 0.153874665  4.4254001030  4.904698994 1.0005217
a_listing[982]   4.6354918896 0.157909169  4.3878053510  4.886529696 1.0006587
a_listing[983]   4.6720515080 0.149589900  4.4336333515  4.915139015 1.0002649
a_listing[984]   4.7285467863 0.065481818  4.6242843470  4.833535530 1.0003778
a_listing[985]   4.6202933310 0.147907668  4.3836685400  4.856141054 1.0012810
a_listing[986]   4.6428878990 0.138731823  4.4224395655  4.871398347 1.0004243
a_listing[987]   4.6442670652 0.146407549  4.4134676595  4.882812404 0.9998326
a_listing[988]   4.7207214671 0.130897987  4.5124344925  4.931703126 1.0009295
a_listing[989]   4.6478871227 0.160123374  4.3978406970  4.904710907 1.0008524
a_listing[990]   4.7046766409 0.133125036  4.4929920380  4.919014850 1.0034923
a_listing[991]   4.7642672620 0.082512734  4.6289430445  4.894534326 0.9999339
a_listing[992]   4.6364110499 0.093242602  4.4876193480  4.785147816 1.0005282
a_listing[993]   4.6682632737 0.129186985  4.4662044685  4.878018899 0.9999110
a_listing[994]   4.7108733996 0.139325162  4.4903578845  4.934775326 1.0005139
a_listing[995]   4.4751691433 0.149083871  4.2382161420  4.712916906 1.0004104
a_listing[996]   4.2345023691 0.134422047  4.0255389790  4.449889876 1.0008196
a_listing[997]   4.1300351212 0.116877062  3.9438671545  4.315529194 1.0014920
a_listing[998]   4.4141210794 0.127615750  4.2080843700  4.617568459 0.9997585
a_listing[999]   4.5432125278 0.125772441  4.3414526835  4.743125680 1.0003314
a_listing[1000]  4.5722629863 0.157469671  4.3214340710  4.822090412 1.0030076
a_listing[1001]  4.3861734489 0.136323909  4.1706584345  4.600904007 1.0004334
a_listing[1002]  4.5017162402 0.060472351  4.4052923815  4.599981025 1.0025077
a_listing[1003]  4.6624762102 0.146955067  4.4209872180  4.900688619 1.0014566
a_listing[1004]  4.6822084708 0.062142526  4.5818672005  4.780142535 1.0020920
a_listing[1005]  4.6012308895 0.140451860  4.3758035050  4.828665251 1.0033844
a_listing[1006]  4.6420417959 0.158979371  4.3895493040  4.895467683 1.0017076
a_listing[1007]  4.7148289040 0.075191725  4.5962281235  4.835120341 1.0003208
a_listing[1008]  4.6340737970 0.157165174  4.3886397900  4.892330010 0.9998830
a_listing[1009]  4.6980021097 0.142455434  4.4735424370  4.925943300 1.0019803
a_listing[1010]  4.5700106477 0.155429781  4.3253655770  4.812332466 1.0012757
a_listing[1011]  4.6430704305 0.159227661  4.3909966880  4.900217473 1.0032365
a_listing[1012]  4.6504450736 0.155121687  4.4024863475  4.895374729 1.0016602
a_listing[1013]  4.7211161988 0.121032018  4.5267684940  4.912982129 1.0012288
a_listing[1014]  4.6424912080 0.152411509  4.3968765325  4.886157267 1.0001478
a_listing[1015]  4.6644325535 0.149643177  4.4226471115  4.899580710 1.0006933
a_listing[1016]  4.7645375426 0.099009617  4.6048286950  4.921603843 1.0011162
a_listing[1017]  4.7372792870 0.094843134  4.5869074150  4.886927810 1.0003710
a_listing[1018]  4.6051218308 0.115900437  4.4227178090  4.789695821 1.0008423
a_listing[1019]  4.6247811623 0.155038737  4.3856618245  4.865374001 1.0002372
a_listing[1020]  4.6824531198 0.132128181  4.4676047270  4.897262039 1.0031780
a_listing[1021]  4.6418726014 0.154882448  4.3970690700  4.890101321 1.0017812
a_listing[1022]  4.7080099797 0.138871737  4.4851562160  4.933283986 1.0029060
a_listing[1023]  4.7302030493 0.126205983  4.5291496560  4.936417149 1.0006134
a_listing[1024]  4.6176625146 0.072299216  4.5017871390  4.730404926 1.0008162
a_listing[1025]  4.6816637463 0.141936657  4.4609513960  4.909627924 1.0003980
a_listing[1026]  4.6492221106 0.155928828  4.4026780075  4.900271924 1.0012397
a_listing[1027]  4.6238114646 0.130298579  4.4190311595  4.830175120 1.0003707
a_listing[1028]  4.6427050107 0.153552825  4.4059591285  4.888461836 1.0038086
a_listing[1029]  4.6205498408 0.129571982  4.4160696725  4.822793823 1.0027345
a_listing[1030]  4.6166502204 0.151469402  4.3789372180  4.852195653 1.0005164
a_listing[1031]  4.6678680470 0.127376136  4.4681281315  4.870184857 1.0002805
a_listing[1032]  4.6566900903 0.131109725  4.4452771840  4.859080560 1.0018326
a_listing[1033]  4.6539963042 0.157167187  4.4044219025  4.905395643 1.0006747
a_listing[1034]  4.6887227687 0.148725768  4.4534740785  4.929461057 1.0027506
a_listing[1035]  4.6733523610 0.064509360  4.5695862275  4.776240473 1.0030013
a_listing[1036]  4.5555164432 0.129167002  4.3504744340  4.761602822 1.0028396
a_listing[1037]  4.6826780275 0.122460825  4.4821586460  4.877814891 1.0001620
a_listing[1038]  4.6851967726 0.139433230  4.4579992780  4.899737394 1.0035729
a_listing[1039]  4.6133370883 0.144120559  4.3794463115  4.841236120 1.0029197
a_listing[1040]  4.6330432321 0.159330936  4.3784145720  4.886025745 1.0049676
a_listing[1041]  4.6147489471 0.157552477  4.3615886790  4.860756484 1.0005952
a_listing[1042]  4.6679065480 0.149708238  4.4282103875  4.912809659 1.0017571
a_listing[1043]  4.6426591504 0.160123232  4.3844678825  4.900504602 1.0005134
a_listing[1044]  4.5660871441 0.135804106  4.3451551795  4.779363287 1.0001022
a_listing[1045]  4.6790036165 0.145262779  4.4477686905  4.906854919 1.0017543
a_listing[1046]  4.6430232772 0.156560660  4.3946600000  4.893708546 1.0007693
a_listing[1047]  4.6919342546 0.145389847  4.4548171650  4.921357890 1.0006792
a_listing[1048]  4.6619560653 0.147987048  4.4154141135  4.903003681 1.0016835
a_listing[1049]  4.7241031401 0.091085948  4.5810925425  4.869976484 1.0011521
a_listing[1050]  4.6348583795 0.162244213  4.3789385855  4.892415908 0.9997580
a_listing[1051]  4.6351768945 0.144672454  4.4062691545  4.870690649 0.9998040
a_listing[1052]  4.5741273722 0.132039536  4.3664439185  4.786885618 1.0026756
a_listing[1053]  4.6898494426 0.084422622  4.5534492365  4.828045670 1.0035718
a_listing[1054]  4.5719890168 0.154778312  4.3166397685  4.814365942 1.0031917
a_listing[1055]  4.4018130469 0.094857618  4.2481269575  4.553595317 1.0010056
a_listing[1056]  4.7493049891 0.115510201  4.5656010290  4.936823808 1.0000275
a_listing[1057]  4.6516629141 0.150247650  4.4098071980  4.889785394 1.0016536
a_listing[1058]  4.4265350264 0.086886728  4.2895307020  4.565523924 1.0001986
a_listing[1059]  4.4049773060 0.078832067  4.2761572270  4.530999389 1.0015817
a_listing[1060]  4.4568525876 0.148723558  4.2185701235  4.699212314 1.0019868
a_listing[1061]  4.6355293530 0.158731894  4.3823096190  4.896311019 1.0020200
a_listing[1062]  4.6940657029 0.122590813  4.5009652320  4.889213903 1.0007666
a_listing[1063]  4.6719546163 0.114792919  4.4915234920  4.854760501 1.0005181
a_listing[1064]  4.6539226392 0.153504286  4.4074551735  4.903226921 1.0009910
a_listing[1065]  4.5443383598 0.071947790  4.4322586040  4.661088016 1.0023568
a_listing[1066]  4.6424721455 0.155877212  4.3911342165  4.891619754 1.0007393
a_listing[1067]  4.7486046907 0.114590332  4.5643648185  4.931446784 1.0004079
a_listing[1068]  4.6490064071 0.154124984  4.3988821675  4.894500203 0.9999514
a_listing[1069]  4.7465331104 0.118203762  4.5566198780  4.930055828 0.9998379
a_listing[1070]  4.6900433213 0.129151288  4.4821798905  4.898814514 1.0017579
a_listing[1071]  4.6805107879 0.099349017  4.5235610910  4.838749610 1.0018968
a_listing[1072]  4.5605414381 0.158902002  4.3087403715  4.815534319 1.0036926
a_listing[1073]  4.6317554125 0.157321181  4.3774579715  4.882843983 1.0016973
a_listing[1074]  4.6066994657 0.146491188  4.3724710450  4.846815249 1.0022665
a_listing[1075]  4.5512668240 0.156820169  4.3033799055  4.798923778 1.0006185
a_listing[1076]  4.6210816547 0.163831991  4.3619597625  4.879017103 1.0022912
a_listing[1077]  4.5732443424 0.134089991  4.3615533090  4.786419737 1.0006333
a_listing[1078]  4.5627633691 0.143273921  4.3297929625  4.793183576 1.0006817
a_listing[1079]  4.5188185762 0.150116943  4.2794536070  4.757397356 1.0034732
a_listing[1080]  4.5052028390 0.154226400  4.2634131950  4.750676780 1.0031663
a_listing[1081]  4.7466889063 0.117641733  4.5593489985  4.936723663 1.0015311
a_listing[1082]  4.6235030071 0.099857907  4.4640714910  4.781733294 1.0015883
a_listing[1083]  4.6969360867 0.143196921  4.4699906860  4.925288033 1.0032825
a_listing[1084]  4.5023119669 0.120899254  4.3047515595  4.694949564 1.0034316
a_listing[1085]  4.6458401616 0.157483087  4.3925036580  4.901458383 1.0007670
a_listing[1086]  4.6353194349 0.156925661  4.3842559235  4.884104869 1.0007871
a_listing[1087]  4.6972770417 0.128075028  4.4932096950  4.901935438 1.0018325
a_listing[1088]  4.6386219593 0.153166779  4.3966679430  4.884917095 1.0004478
a_listing[1089]  4.6493170651 0.155847818  4.3993495785  4.894553530 0.9999157
a_listing[1090]  4.6312126552 0.154115048  4.3892258010  4.880182270 1.0007782
a_listing[1091]  4.7351139521 0.129407907  4.5307172180  4.940951035 1.0007487
a_listing[1092]  4.6850869728 0.130118104  4.4729798730  4.893414101 1.0025853
a_listing[1093]  4.6021544500 0.154133978  4.3553962035  4.842580354 1.0021949
a_listing[1094]  4.6427993978 0.151702919  4.4017022585  4.880584391 1.0016802
a_listing[1095]  4.6354362087 0.139738281  4.4128854200  4.865182969 1.0000170
a_listing[1096]  4.6483454155 0.139084390  4.4285493440  4.869571061 1.0024010
a_listing[1097]  4.7278182399 0.110913017  4.5491360030  4.905040191 1.0032810
a_listing[1098]  4.6283856324 0.111906800  4.4504730175  4.802876435 1.0016564
a_listing[1099]  4.7149656961 0.113971467  4.5336622380  4.897856163 1.0006084
a_listing[1100]  4.6617650083 0.151856922  4.4147106120  4.909634618 1.0019384
a_listing[1101]  4.6811530441 0.122448381  4.4900683470  4.878602269 1.0024124
a_listing[1102]  4.6572448882 0.154904436  4.4089321280  4.905345937 1.0014546
a_listing[1103]  4.5910185964 0.148175373  4.3528016675  4.826715150 1.0004014
a_listing[1104]  4.6428952114 0.152688889  4.3964283845  4.890415583 0.9998488
a_listing[1105]  4.6302583749 0.162005886  4.3782526130  4.897890429 1.0017574
a_listing[1106]  4.6073761328 0.122916289  4.4162317995  4.803437397 1.0000909
a_listing[1107]  4.6502820411 0.158988860  4.4024933960  4.902291395 1.0020676
a_listing[1108]  4.6546080600 0.097684746  4.5002126585  4.808970346 1.0027521
a_listing[1109]  4.7737882549 0.098400083  4.6143139230  4.931084192 1.0021956
a_listing[1110]  4.7414539378 0.085264373  4.6076246195  4.878719848 1.0009184
a_listing[1111]  4.6330684628 0.164730490  4.3717764545  4.898432669 1.0003594
a_listing[1112]  4.6385724302 0.156591674  4.3889856755  4.893034745 1.0006172
a_listing[1113]  4.6220389531 0.158139991  4.3689030040  4.868645563 1.0026568
a_listing[1114]  4.6193805161 0.138699452  4.3951867610  4.837626412 0.9995820
a_listing[1115]  4.6034235339 0.154230831  4.3558964855  4.849557690 0.9999683
a_listing[1116]  4.6970909195 0.134007800  4.4850269260  4.914467941 1.0009942
a_listing[1117]  4.6597060464 0.151412393  4.4202934230  4.900995105 1.0032240
a_listing[1118]  4.6431307546 0.155816909  4.3918152920  4.889222938 1.0031192
a_listing[1119]  4.5719422271 0.158892794  4.3150449610  4.818389330 1.0021415
a_listing[1120]  4.4850559609 0.146690352  4.2473720865  4.719261572 1.0014601
a_listing[1121]  4.7200363872 0.128741315  4.5162285245  4.927646288 1.0032776
a_listing[1122]  4.6600431221 0.104461040  4.4942446030  4.824114159 1.0001449
a_listing[1123]  4.6588689713 0.140374148  4.4360291935  4.881652916 1.0012214
a_listing[1124]  4.6437523659 0.116803005  4.4547172355  4.830590925 1.0018186
a_listing[1125]  4.4520990485 0.149287695  4.2120677960  4.692502337 1.0004081
a_listing[1126]  4.5449362196 0.140531677  4.3196716810  4.766281382 1.0009586
a_listing[1127]  4.6588759732 0.153453177  4.4164604740  4.906033900 1.0031277
a_listing[1128]  4.6363194036 0.153530515  4.3925923605  4.878988397 1.0013635
a_listing[1129]  4.6199208399 0.157008434  4.3730733695  4.877147170 0.9998863
a_listing[1130]  4.6148274355 0.158122787  4.3628840210  4.868272498 1.0003650
a_listing[1131]  4.5996675901 0.160803286  4.3371232625  4.854954155 1.0037227
a_listing[1132]  4.6560658855 0.151799374  4.4106852545  4.894997184 1.0019579
a_listing[1133]  4.5517078407 0.164431177  4.2848498680  4.812929223 1.0007001
a_listing[1134]  4.6572764982 0.155824014  4.4080730280  4.904553886 1.0001217
a_listing[1135]  4.6310697691 0.153691882  4.3908592750  4.876635196 1.0010108
a_listing[1136]  4.6421162887 0.140081428  4.4172906070  4.866914594 1.0002919
a_listing[1137]  4.5832545295 0.152047250  4.3413176385  4.830413536 1.0021125
a_listing[1138]  4.5399067770 0.150681443  4.2957519955  4.772519777 1.0011073
a_listing[1139]  4.6489462910 0.156132992  4.3972401010  4.899814730 1.0023736
a_listing[1140]  4.5955878662 0.094462718  4.4479501885  4.747947031 1.0073551
a_listing[1141]  4.6357096064 0.105775771  4.4724512680  4.807504976 0.9996657
a_listing[1142]  4.6606328800 0.146261193  4.4304981480  4.887966806 1.0006568
a_listing[1143]  4.6215548145 0.073431487  4.5018980640  4.737463769 1.0003882
a_listing[1144]  4.5498266563 0.144172244  4.3212908945  4.777472136 0.9998551
a_listing[1145]  4.7466162607 0.122667137  4.5483620815  4.943921659 0.9994449
a_listing[1146]  4.6994534878 0.138942687  4.4785345965  4.927532876 0.9996600
a_listing[1147]  4.6669111741 0.147634253  4.4351126010  4.900278215 1.0006901
a_listing[1148]  4.6862346978 0.148644022  4.4488338525  4.914892011 1.0005247
a_listing[1149]  4.7159367419 0.130733541  4.5077320510  4.928792891 1.0058708
a_listing[1150]  4.6734839122 0.144250210  4.4457781300  4.905557392 1.0015411
a_listing[1151]  4.6385747155 0.162225103  4.3724016315  4.893420590 1.0005292
a_listing[1152]  4.6371015748 0.152915465  4.3903402615  4.882334378 1.0018118
a_listing[1153]  4.6405548631 0.117778191  4.4553351130  4.828016477 1.0003683
a_listing[1154]  4.6438707492 0.139460174  4.4224094535  4.870121690 1.0003339
a_listing[1155]  4.6705091128 0.114571180  4.4863261540  4.855060973 1.0002353
a_listing[1156]  4.6968217894 0.139659664  4.4732772745  4.918495909 1.0005964
a_listing[1157]  4.6336738424 0.145032722  4.4003175230  4.870688681 1.0000905
a_listing[1158]  4.5089272871 0.099640759  4.3476915930  4.666742255 1.0007942
a_listing[1159]  4.6092325570 0.157156143  4.3587759955  4.858130119 0.9995679
a_listing[1160]  4.6713495298 0.149550037  4.4294750050  4.911403047 1.0003458
a_listing[1161]  4.5937756253 0.108801538  4.4200214710  4.769090630 0.9998468
a_listing[1162]  4.6007234887 0.125879168  4.3956342040  4.801320743 1.0012593
a_listing[1163]  4.5710625112 0.109023121  4.3959639065  4.740562022 1.0015378
a_listing[1164]  4.5575094736 0.113170065  4.3748022415  4.738860178 1.0024113
a_listing[1165]  4.5856959966 0.129842126  4.3790826660  4.792966195 1.0030016
a_listing[1166]  4.6350371624 0.148393958  4.4056647360  4.872585777 1.0022628
a_listing[1167]  4.5285300056 0.140315573  4.3042284680  4.748924217 1.0020522
a_listing[1168]  4.6413071740 0.151290297  4.4046340810  4.879458333 0.9998440
a_listing[1169]  4.6047741220 0.153881221  4.3610695080  4.849728070 1.0000799
a_listing[1170]  4.5907285552 0.149909491  4.3513399935  4.824878040 1.0009175
a_listing[1171]  4.6320607055 0.163442075  4.3662637930  4.891431928 0.9996761
a_listing[1172]  4.6319427680 0.161785164  4.3742285755  4.885985070 1.0006705
a_listing[1173]  4.4979587810 0.148425626  4.2636910305  4.737403883 1.0005099
a_listing[1174]  4.5222031791 0.153892935  4.2795545295  4.766496785 1.0014181
a_listing[1175]  4.5801034378 0.157037308  4.3281791670  4.833249693 1.0003781
a_listing[1176]  4.7279957402 0.106262155  4.5626855505  4.898740572 1.0003243
a_listing[1177]  4.6370002378 0.162813825  4.3745915505  4.898870728 1.0008574
a_listing[1178]  4.6806113882 0.120473704  4.4867483130  4.872707350 1.0000913
a_listing[1179]  4.6324384587 0.157417675  4.3794405695  4.889259100 1.0018020
a_listing[1180]  4.6446677647 0.152774071  4.3970722725  4.884162584 1.0021639
a_listing[1181]  4.6428292033 0.123773829  4.4444406690  4.834150620 0.9997390
a_listing[1182]  4.6230988071 0.155746650  4.3743562605  4.872838058 1.0007473
a_listing[1183]  4.6235994028 0.153918639  4.3824981980  4.873712705 1.0003823
a_listing[1184]  4.7312022252 0.092484322  4.5830920125  4.879880620 1.0011063
a_listing[1185]  4.6366497107 0.156840711  4.3910474305  4.889872534 1.0007172
a_listing[1186]  4.6509527257 0.132854727  4.4408022435  4.860680189 1.0033024
a_listing[1187]  4.6792744817 0.109193526  4.5059806520  4.853137133 1.0003429
a_listing[1188]  4.6641065446 0.137182926  4.4450641295  4.882475855 1.0005094
a_listing[1189]  4.6494309083 0.158165933  4.3996486775  4.902445822 1.0009499
a_listing[1190]  4.6236821881 0.158083665  4.3681254740  4.880621292 1.0010618
a_listing[1191]  4.7542977711 0.117592154  4.5686678525  4.945072335 1.0018287
a_listing[1192]  4.7182163482 0.126307396  4.5119328475  4.917467435 1.0004064
a_listing[1193]  4.6030504379 0.124382812  4.4084818155  4.801916376 1.0041123
a_listing[1194]  4.7656771452 0.109554654  4.5901241800  4.942976751 1.0021570
a_listing[1195]  4.6516855912 0.157436093  4.3961461650  4.905694976 1.0005975
a_listing[1196]  4.6161139301 0.160472083  4.3600124520  4.874972321 0.9995616
a_listing[1197]  4.6736447567 0.107576252  4.5025870955  4.848297083 1.0019632
a_listing[1198]  4.2730632072 0.118659922  4.0845706290  4.465025080 1.0006360
a_listing[1199]  4.6372935762 0.156000050  4.3891119340  4.889855832 1.0009089
a_listing[1200]  4.6450730836 0.141703931  4.4214957185  4.869340535 1.0013926
                ess_bulk
z_listing[1]    7022.982
z_listing[2]    7168.113
z_listing[3]    7485.674
z_listing[4]    7497.778
z_listing[5]    5988.679
z_listing[6]    7752.380
z_listing[7]    6086.362
z_listing[8]    7298.031
z_listing[9]    6227.788
z_listing[10]   6380.669
z_listing[11]   6016.505
z_listing[12]   6092.568
z_listing[13]   6612.425
z_listing[14]   6887.914
z_listing[15]   6926.440
z_listing[16]   6669.018
z_listing[17]   6841.523
z_listing[18]   6533.212
z_listing[19]   7078.499
z_listing[20]   6062.589
z_listing[21]   5243.802
z_listing[22]   5495.602
z_listing[23]   6413.281
z_listing[24]   6652.530
z_listing[25]   6744.007
z_listing[26]   6322.698
z_listing[27]   6401.959
z_listing[28]   6439.914
z_listing[29]   6692.160
z_listing[30]   6410.713
z_listing[31]   6566.783
z_listing[32]   6851.242
z_listing[33]   7206.742
z_listing[34]   6837.627
z_listing[35]   8134.437
z_listing[36]   6703.973
z_listing[37]   8462.327
z_listing[38]   6932.040
z_listing[39]   6127.817
z_listing[40]   6926.931
z_listing[41]   6593.956
z_listing[42]   6603.276
z_listing[43]   3906.330
z_listing[44]   8404.755
z_listing[45]   5717.101
z_listing[46]   6322.837
z_listing[47]   6505.375
z_listing[48]   6438.222
z_listing[49]   6213.127
z_listing[50]   7107.269
z_listing[51]   7120.727
z_listing[52]   6691.379
z_listing[53]   6506.158
z_listing[54]   6131.221
z_listing[55]   7943.574
z_listing[56]   6034.195
z_listing[57]   6101.232
z_listing[58]   6972.195
z_listing[59]   7720.974
z_listing[60]   8615.798
z_listing[61]   7018.204
z_listing[62]   5473.568
z_listing[63]   6439.072
z_listing[64]   3153.140
z_listing[65]   5075.357
z_listing[66]   6114.718
z_listing[67]   3815.726
z_listing[68]   6527.728
z_listing[69]   7718.016
z_listing[70]   6240.314
z_listing[71]   7147.896
z_listing[72]   6899.304
z_listing[73]   7043.024
z_listing[74]   6515.570
z_listing[75]   6372.876
z_listing[76]   6683.122
z_listing[77]   6241.726
z_listing[78]   5915.023
z_listing[79]   7146.536
z_listing[80]   7066.071
z_listing[81]   6020.860
z_listing[82]   8293.194
z_listing[83]   6699.926
z_listing[84]   6040.207
z_listing[85]   7094.305
z_listing[86]   5996.219
z_listing[87]   7770.023
z_listing[88]   5458.384
z_listing[89]   6608.340
z_listing[90]   6936.491
z_listing[91]   5916.053
z_listing[92]   6872.853
z_listing[93]   6012.467
z_listing[94]   7637.336
z_listing[95]   7006.563
z_listing[96]   5401.191
z_listing[97]   7495.321
z_listing[98]   6870.934
z_listing[99]   6657.050
z_listing[100]  7504.238
z_listing[101]  6747.144
z_listing[102]  6493.573
z_listing[103]  5755.531
z_listing[104]  7062.234
z_listing[105]  5640.015
z_listing[106]  5693.463
z_listing[107]  6875.305
z_listing[108]  6673.954
z_listing[109]  6607.934
z_listing[110]  6198.289
z_listing[111]  6376.349
z_listing[112]  7531.278
z_listing[113]  6251.222
z_listing[114]  6427.879
z_listing[115]  6585.802
z_listing[116]  6205.314
z_listing[117]  5746.020
z_listing[118]  5986.708
z_listing[119]  6121.665
z_listing[120]  5710.089
z_listing[121]  6299.463
z_listing[122]  6210.809
z_listing[123]  7954.421
z_listing[124]  6868.313
z_listing[125]  6716.297
z_listing[126]  7369.974
z_listing[127]  5957.999
z_listing[128]  6930.156
z_listing[129]  6564.402
z_listing[130]  7356.455
z_listing[131]  4931.935
z_listing[132]  6963.296
z_listing[133]  5761.713
z_listing[134]  5319.414
z_listing[135]  5199.486
z_listing[136]  6904.137
z_listing[137]  6594.342
z_listing[138]  6996.805
z_listing[139]  5691.322
z_listing[140]  6981.948
z_listing[141]  5928.449
z_listing[142]  8001.937
z_listing[143]  6346.846
z_listing[144]  5621.812
z_listing[145]  6251.571
z_listing[146]  6903.290
z_listing[147]  6714.466
z_listing[148]  6319.726
z_listing[149]  6654.281
z_listing[150]  5242.538
z_listing[151]  6470.924
z_listing[152]  7567.046
z_listing[153]  6742.459
z_listing[154]  5590.633
z_listing[155]  5988.854
z_listing[156]  6874.226
z_listing[157]  6020.621
z_listing[158]  7598.298
z_listing[159]  6552.752
z_listing[160]  6934.930
z_listing[161]  6685.021
z_listing[162]  7720.255
z_listing[163]  6153.084
z_listing[164]  7035.731
z_listing[165]  6857.604
z_listing[166]  6899.830
z_listing[167]  4773.713
z_listing[168]  6375.474
z_listing[169]  6786.674
z_listing[170]  5035.290
z_listing[171]  5558.339
z_listing[172]  6574.662
z_listing[173]  6339.011
z_listing[174]  5651.508
z_listing[175]  4812.092
z_listing[176]  6958.220
z_listing[177]  6522.000
z_listing[178]  6166.525
z_listing[179]  7715.150
z_listing[180]  6735.928
z_listing[181]  6896.601
z_listing[182]  6754.337
z_listing[183]  8955.084
z_listing[184]  5906.993
z_listing[185]  7561.364
z_listing[186]  8158.946
z_listing[187]  5925.757
z_listing[188]  6516.050
z_listing[189]  7229.612
z_listing[190]  7055.798
z_listing[191]  6392.177
z_listing[192]  6688.547
z_listing[193]  8043.127
z_listing[194]  7737.413
z_listing[195]  6860.912
z_listing[196]  7724.331
z_listing[197]  6749.106
z_listing[198]  6823.582
z_listing[199]  6651.656
z_listing[200]  7132.610
z_listing[201]  6715.683
z_listing[202]  6901.928
z_listing[203]  7379.568
z_listing[204]  7650.918
z_listing[205]  7378.623
z_listing[206]  7010.358
z_listing[207]  6949.631
z_listing[208]  6479.028
z_listing[209]  6525.728
z_listing[210]  6990.516
z_listing[211]  6129.381
z_listing[212]  6483.286
z_listing[213]  6544.773
z_listing[214]  6924.007
z_listing[215]  6381.867
z_listing[216]  6951.272
z_listing[217]  7210.382
z_listing[218]  6345.297
z_listing[219]  6429.867
z_listing[220]  6379.439
z_listing[221]  6565.319
z_listing[222]  5721.254
z_listing[223]  6909.385
z_listing[224]  6615.544
z_listing[225]  6451.295
z_listing[226]  7991.132
z_listing[227]  6312.302
z_listing[228]  6689.639
z_listing[229]  6208.683
z_listing[230]  7305.492
z_listing[231]  5971.803
z_listing[232]  7968.653
z_listing[233]  6292.520
z_listing[234]  6420.536
z_listing[235]  7083.920
z_listing[236]  6859.964
z_listing[237]  6794.762
z_listing[238]  6892.570
z_listing[239]  7202.621
z_listing[240]  6541.765
z_listing[241]  5829.712
z_listing[242]  6203.959
z_listing[243]  6130.045
z_listing[244]  6551.660
z_listing[245]  6136.912
z_listing[246]  6021.631
z_listing[247]  6799.823
z_listing[248]  5488.232
z_listing[249]  6730.182
z_listing[250]  6394.891
z_listing[251]  7255.446
z_listing[252]  6985.930
z_listing[253]  6712.261
z_listing[254]  7136.170
z_listing[255]  6017.414
z_listing[256]  8534.102
z_listing[257]  6912.541
z_listing[258]  6122.649
z_listing[259]  7014.615
z_listing[260]  6586.185
z_listing[261]  5865.864
z_listing[262]  7577.698
z_listing[263]  6623.572
z_listing[264]  6705.293
z_listing[265]  6224.313
z_listing[266]  7298.769
z_listing[267]  6336.509
z_listing[268]  5507.957
z_listing[269]  6282.232
z_listing[270]  6544.437
z_listing[271]  6842.223
z_listing[272]  5705.970
z_listing[273]  6318.320
z_listing[274]  6410.770
z_listing[275]  5416.705
z_listing[276]  6918.149
z_listing[277]  5991.286
z_listing[278]  7010.245
z_listing[279]  8207.725
z_listing[280]  7126.719
z_listing[281]  4132.843
z_listing[282]  6452.842
z_listing[283]  7654.558
z_listing[284]  7220.151
z_listing[285]  3254.623
z_listing[286]  6263.959
z_listing[287]  7241.409
z_listing[288]  6402.072
z_listing[289]  6686.928
z_listing[290]  7273.230
z_listing[291]  6423.455
z_listing[292]  6683.313
z_listing[293]  6316.217
z_listing[294]  6964.390
z_listing[295]  5884.585
z_listing[296]  7259.241
z_listing[297]  6554.976
z_listing[298]  5815.601
z_listing[299]  6888.981
z_listing[300]  6858.608
z_listing[301]  7050.867
z_listing[302]  6358.009
z_listing[303]  6554.731
z_listing[304]  6886.366
z_listing[305]  5940.542
z_listing[306]  6987.102
z_listing[307]  7135.708
z_listing[308]  6292.746
z_listing[309]  8231.854
z_listing[310]  5870.908
z_listing[311]  6664.402
z_listing[312]  7737.847
z_listing[313]  5902.489
z_listing[314]  6315.628
z_listing[315]  6734.336
z_listing[316]  5674.418
z_listing[317]  6589.562
z_listing[318]  6924.823
z_listing[319]  6334.384
z_listing[320]  5778.556
z_listing[321]  6748.416
z_listing[322]  5914.304
z_listing[323]  7081.828
z_listing[324]  5045.410
z_listing[325]  6672.775
z_listing[326]  6844.614
z_listing[327]  5985.947
z_listing[328]  6403.624
z_listing[329]  7345.913
z_listing[330]  7211.336
z_listing[331]  5663.445
z_listing[332]  6674.261
z_listing[333]  7635.099
z_listing[334]  6138.684
z_listing[335]  7491.715
z_listing[336]  6339.334
z_listing[337]  7146.804
z_listing[338]  5529.139
z_listing[339]  6445.587
z_listing[340]  6655.429
z_listing[341]  7063.038
z_listing[342]  6380.520
z_listing[343]  5915.858
z_listing[344]  6740.352
z_listing[345]  5675.174
z_listing[346]  7257.181
z_listing[347]  6594.036
z_listing[348]  6752.180
z_listing[349]  7109.950
z_listing[350]  7325.120
z_listing[351]  6731.674
z_listing[352]  7022.685
z_listing[353]  6276.760
z_listing[354]  7506.212
z_listing[355]  5436.423
z_listing[356]  6256.502
z_listing[357]  7289.545
z_listing[358]  6364.802
z_listing[359]  6766.991
z_listing[360]  5326.073
z_listing[361]  7352.330
z_listing[362]  6748.515
z_listing[363]  5380.246
z_listing[364]  6890.943
z_listing[365]  6983.210
z_listing[366]  6018.959
z_listing[367]  6425.815
z_listing[368]  6853.007
z_listing[369]  6544.051
z_listing[370]  6607.326
z_listing[371]  6467.341
z_listing[372]  6540.609
z_listing[373]  6206.121
z_listing[374]  7797.330
z_listing[375]  6696.362
z_listing[376]  8650.050
z_listing[377]  6367.157
z_listing[378]  4033.321
z_listing[379]  6573.169
z_listing[380]  6199.311
z_listing[381]  4505.229
z_listing[382]  6836.730
z_listing[383]  6893.273
z_listing[384]  6358.153
z_listing[385]  6194.464
z_listing[386]  6833.334
z_listing[387]  5561.393
z_listing[388]  6470.002
z_listing[389]  5791.885
z_listing[390]  6323.344
z_listing[391]  6408.704
z_listing[392]  7257.095
z_listing[393]  7833.579
z_listing[394]  7302.616
z_listing[395]  6274.899
z_listing[396]  5976.725
z_listing[397]  6378.542
z_listing[398]  6970.373
z_listing[399]  7707.182
z_listing[400]  7716.534
z_listing[401]  6243.681
z_listing[402]  6299.093
z_listing[403]  7340.499
z_listing[404]  6467.847
z_listing[405]  6331.466
z_listing[406]  6512.140
z_listing[407]  6599.275
z_listing[408]  6049.014
z_listing[409]  6871.321
z_listing[410]  7760.923
z_listing[411]  6400.899
z_listing[412]  6669.859
z_listing[413]  7351.999
z_listing[414]  5853.954
z_listing[415]  7012.153
z_listing[416]  7308.191
z_listing[417]  6854.471
z_listing[418]  5878.454
z_listing[419]  6427.593
z_listing[420]  6946.208
z_listing[421]  6716.461
z_listing[422]  6383.022
z_listing[423]  5211.839
z_listing[424]  5696.572
z_listing[425]  5743.693
z_listing[426]  6249.575
z_listing[427]  6197.944
z_listing[428]  6546.462
z_listing[429]  6962.193
z_listing[430]  5397.325
z_listing[431]  6431.208
z_listing[432]  6696.213
z_listing[433]  6792.124
z_listing[434]  5996.617
z_listing[435]  6868.520
z_listing[436]  6269.867
z_listing[437]  7030.623
z_listing[438]  6481.402
z_listing[439]  6234.863
z_listing[440]  7840.930
z_listing[441]  6377.051
z_listing[442]  6302.743
z_listing[443]  6537.866
z_listing[444]  9030.013
z_listing[445]  6736.807
z_listing[446]  6417.011
z_listing[447]  6956.989
z_listing[448]  7739.018
z_listing[449]  6631.053
z_listing[450]  7755.882
z_listing[451]  6946.553
z_listing[452]  5564.669
z_listing[453]  5902.765
z_listing[454]  6603.036
z_listing[455]  7210.882
z_listing[456]  6215.181
z_listing[457]  5453.005
z_listing[458]  5572.871
z_listing[459]  6829.417
z_listing[460]  6257.121
z_listing[461]  5746.218
z_listing[462]  7129.434
z_listing[463]  6119.479
z_listing[464]  6235.884
z_listing[465]  6489.383
z_listing[466]  7087.388
z_listing[467]  6273.356
z_listing[468]  6289.949
z_listing[469]  5277.720
z_listing[470]  7250.592
z_listing[471]  7149.663
z_listing[472]  5260.149
z_listing[473]  5871.701
z_listing[474]  4785.905
z_listing[475]  6502.683
z_listing[476]  7471.172
z_listing[477]  6564.120
z_listing[478]  6861.886
z_listing[479]  5664.043
z_listing[480]  5597.971
z_listing[481]  6885.990
z_listing[482]  8078.052
z_listing[483]  6866.550
z_listing[484]  6835.679
z_listing[485]  6721.790
z_listing[486]  6585.788
z_listing[487]  6762.496
z_listing[488]  6221.986
z_listing[489]  7606.471
z_listing[490]  7516.640
z_listing[491]  7536.688
z_listing[492]  7193.597
z_listing[493]  6088.671
z_listing[494]  5749.217
z_listing[495]  6416.341
z_listing[496]  6498.956
z_listing[497]  7032.685
z_listing[498]  7360.739
z_listing[499]  6309.561
z_listing[500]  5661.521
z_listing[501]  6429.335
z_listing[502]  6306.519
z_listing[503]  6356.105
z_listing[504]  6370.306
z_listing[505]  6409.063
z_listing[506]  6781.507
z_listing[507]  6496.263
z_listing[508]  7094.877
z_listing[509]  6550.724
z_listing[510]  6755.468
z_listing[511]  6574.715
z_listing[512]  7255.814
z_listing[513]  6309.681
z_listing[514]  7123.550
z_listing[515]  7179.129
z_listing[516]  7333.779
z_listing[517]  6357.394
z_listing[518]  8270.419
z_listing[519]  6416.220
z_listing[520]  6626.983
z_listing[521]  5813.085
z_listing[522]  7166.044
z_listing[523]  7700.238
z_listing[524]  7057.047
z_listing[525]  7002.837
z_listing[526]  6625.494
z_listing[527]  6181.741
z_listing[528]  5529.061
z_listing[529]  6921.845
z_listing[530]  6532.363
z_listing[531]  6626.163
z_listing[532]  6811.473
z_listing[533]  6237.439
z_listing[534]  6091.728
z_listing[535]  7342.891
z_listing[536]  6604.760
z_listing[537]  6213.041
z_listing[538]  7453.277
z_listing[539]  7486.354
z_listing[540]  6902.623
z_listing[541]  6685.153
z_listing[542]  6330.084
z_listing[543]  7407.370
z_listing[544]  6543.888
z_listing[545]  6542.140
z_listing[546]  7611.187
z_listing[547]  7055.606
z_listing[548]  6415.119
z_listing[549]  7515.000
z_listing[550]  6810.573
z_listing[551]  6529.549
z_listing[552]  8423.240
z_listing[553]  6660.224
z_listing[554]  7928.171
z_listing[555]  5767.712
z_listing[556]  7167.094
z_listing[557]  6012.092
z_listing[558]  8119.631
z_listing[559]  6771.967
z_listing[560]  5449.716
z_listing[561]  6645.549
z_listing[562]  5506.511
z_listing[563]  6921.741
z_listing[564]  6849.232
z_listing[565]  6845.045
z_listing[566]  5994.605
z_listing[567]  7848.104
z_listing[568]  5901.984
z_listing[569]  7390.333
z_listing[570]  6231.300
z_listing[571]  6261.843
z_listing[572]  7285.127
z_listing[573]  6168.213
z_listing[574]  6503.710
z_listing[575]  5927.565
z_listing[576]  5850.297
z_listing[577]  8076.875
z_listing[578]  5642.044
z_listing[579]  6938.185
z_listing[580]  6089.496
z_listing[581]  6849.690
z_listing[582]  6251.676
z_listing[583]  6566.061
z_listing[584]  5848.668
z_listing[585]  7015.382
z_listing[586]  7121.827
z_listing[587]  7695.295
z_listing[588]  6323.482
z_listing[589]  7757.473
z_listing[590]  7165.621
z_listing[591]  8034.738
z_listing[592]  6033.558
z_listing[593]  6329.168
z_listing[594]  8227.587
z_listing[595]  7221.681
z_listing[596]  6087.648
z_listing[597]  6611.930
z_listing[598]  7983.929
z_listing[599]  6060.911
z_listing[600]  6614.305
z_listing[601]  7893.077
z_listing[602]  6561.015
z_listing[603]  5702.158
z_listing[604]  6745.750
z_listing[605]  6082.991
z_listing[606]  7179.381
z_listing[607]  6098.490
z_listing[608]  6703.340
z_listing[609]  7528.311
z_listing[610]  6252.227
z_listing[611]  5782.918
z_listing[612]  9126.241
z_listing[613]  6091.081
z_listing[614]  5918.758
z_listing[615]  6368.443
z_listing[616]  6740.935
z_listing[617]  6207.618
z_listing[618]  6511.190
z_listing[619]  7226.558
z_listing[620]  7054.474
z_listing[621]  5948.734
z_listing[622]  7610.374
z_listing[623]  6545.924
z_listing[624]  6098.607
z_listing[625]  6584.443
z_listing[626]  6580.999
z_listing[627]  6949.742
z_listing[628]  7602.003
z_listing[629]  6855.244
z_listing[630]  5901.552
z_listing[631]  7055.633
z_listing[632]  6223.127
z_listing[633]  7462.834
z_listing[634]  6106.792
z_listing[635]  7221.404
z_listing[636]  5934.794
z_listing[637]  6199.249
z_listing[638]  7629.047
z_listing[639]  6721.138
z_listing[640]  5761.461
z_listing[641]  7509.833
z_listing[642]  8158.878
z_listing[643]  8027.748
z_listing[644]  6090.214
z_listing[645]  7127.290
z_listing[646]  6455.911
z_listing[647]  7975.470
z_listing[648]  6147.008
z_listing[649]  6018.885
z_listing[650]  6039.574
z_listing[651]  6452.033
z_listing[652]  7239.895
z_listing[653]  7691.964
z_listing[654]  6153.598
z_listing[655]  6349.217
z_listing[656]  6082.840
z_listing[657]  5780.711
z_listing[658]  7039.677
z_listing[659]  6353.498
z_listing[660]  9039.816
z_listing[661]  5219.030
z_listing[662]  7258.841
z_listing[663]  6182.813
z_listing[664]  7340.250
z_listing[665]  6005.916
z_listing[666]  6783.137
z_listing[667]  7716.219
z_listing[668]  7576.079
z_listing[669]  6501.692
z_listing[670]  6533.989
z_listing[671]  5114.666
z_listing[672]  5934.413
z_listing[673]  6218.261
z_listing[674]  7289.252
z_listing[675]  7178.328
z_listing[676]  6273.995
z_listing[677]  5557.562
z_listing[678]  6144.386
z_listing[679]  4596.806
z_listing[680]  7389.025
z_listing[681]  6388.794
z_listing[682]  7054.885
z_listing[683]  6387.626
z_listing[684]  8487.389
z_listing[685]  7116.769
z_listing[686]  5937.574
z_listing[687]  7669.347
z_listing[688]  6908.512
z_listing[689]  7286.962
z_listing[690]  7366.556
z_listing[691]  7064.595
z_listing[692]  6456.620
z_listing[693]  7357.795
z_listing[694]  8175.344
z_listing[695]  6465.590
z_listing[696]  5914.475
z_listing[697]  6990.019
z_listing[698]  6861.277
z_listing[699]  6618.257
z_listing[700]  8356.326
z_listing[701]  7677.573
z_listing[702]  5649.009
z_listing[703]  6593.721
z_listing[704]  7022.178
z_listing[705]  5997.820
z_listing[706]  5808.082
z_listing[707]  5030.660
z_listing[708]  6382.941
z_listing[709]  8545.822
z_listing[710]  5720.479
z_listing[711]  6511.713
z_listing[712]  6227.197
z_listing[713]  6793.831
z_listing[714]  5670.388
z_listing[715]  6392.111
z_listing[716]  6873.334
z_listing[717]  7471.073
z_listing[718]  6771.827
z_listing[719]  7220.194
z_listing[720]  6333.546
z_listing[721]  7171.714
z_listing[722]  6627.527
z_listing[723]  6549.182
z_listing[724]  6971.302
z_listing[725]  7280.880
z_listing[726]  6991.189
z_listing[727]  6764.946
z_listing[728]  5934.546
z_listing[729]  6854.876
z_listing[730]  5784.467
z_listing[731]  6891.365
z_listing[732]  5770.778
z_listing[733]  6824.270
z_listing[734]  6385.169
z_listing[735]  6370.180
z_listing[736]  6453.169
z_listing[737]  6087.876
z_listing[738]  6740.144
z_listing[739]  6332.440
z_listing[740]  6342.385
z_listing[741]  6185.893
z_listing[742]  7422.889
z_listing[743]  7927.237
z_listing[744]  6390.965
z_listing[745]  7357.536
z_listing[746]  7162.263
z_listing[747]  7557.081
z_listing[748]  6632.915
z_listing[749]  6137.256
z_listing[750]  7672.759
z_listing[751]  5699.534
z_listing[752]  6855.544
z_listing[753]  5862.448
z_listing[754]  6010.091
z_listing[755]  6875.601
z_listing[756]  6524.126
z_listing[757]  7494.553
z_listing[758]  6109.224
z_listing[759]  7051.950
z_listing[760]  7519.564
z_listing[761]  6493.567
z_listing[762]  6041.416
z_listing[763]  7749.783
z_listing[764]  5483.939
z_listing[765]  6706.216
z_listing[766]  6211.132
z_listing[767]  5994.706
z_listing[768]  5422.911
z_listing[769]  5031.364
z_listing[770]  7453.660
z_listing[771]  6602.864
z_listing[772]  6518.297
z_listing[773]  6448.102
z_listing[774]  7530.552
z_listing[775]  6852.518
z_listing[776]  7216.805
z_listing[777]  6723.879
z_listing[778]  8145.740
z_listing[779]  6416.639
z_listing[780]  6341.886
z_listing[781]  6906.317
z_listing[782]  6246.410
z_listing[783]  5992.091
z_listing[784]  6787.142
z_listing[785]  6358.290
z_listing[786]  4959.983
z_listing[787]  6143.194
z_listing[788]  6937.480
z_listing[789]  7691.222
z_listing[790]  7163.797
z_listing[791]  6387.707
z_listing[792]  7926.356
z_listing[793]  5649.735
z_listing[794]  6132.189
z_listing[795]  6878.144
z_listing[796]  6426.221
z_listing[797]  6850.287
z_listing[798]  6779.747
z_listing[799]  6177.944
z_listing[800]  6174.647
z_listing[801]  5869.775
z_listing[802]  5823.395
z_listing[803]  6342.004
z_listing[804]  6645.823
z_listing[805]  7877.042
z_listing[806]  6964.230
z_listing[807]  6556.118
z_listing[808]  7297.557
z_listing[809]  8065.057
z_listing[810]  7417.355
z_listing[811]  6977.330
z_listing[812]  6867.249
z_listing[813]  5992.887
z_listing[814]  5831.230
z_listing[815]  7301.559
z_listing[816]  6963.528
z_listing[817]  5758.502
z_listing[818]  6013.887
z_listing[819]  5788.608
z_listing[820]  5952.920
z_listing[821]  5902.797
z_listing[822]  6487.449
z_listing[823]  6562.344
z_listing[824]  5944.211
z_listing[825]  6847.789
z_listing[826]  7112.378
z_listing[827]  6529.141
z_listing[828]  7216.709
z_listing[829]  6697.049
z_listing[830]  6184.274
z_listing[831]  6659.292
z_listing[832]  6720.072
z_listing[833]  6051.304
z_listing[834]  6794.349
z_listing[835]  6216.341
z_listing[836]  6627.639
z_listing[837]  5277.831
z_listing[838]  6288.030
z_listing[839]  6387.676
z_listing[840]  6391.314
z_listing[841]  5876.815
z_listing[842]  6538.883
z_listing[843]  7140.211
z_listing[844]  6002.649
z_listing[845]  6059.058
z_listing[846]  6575.933
z_listing[847]  6638.214
z_listing[848]  5901.313
z_listing[849]  6604.593
z_listing[850]  6046.569
z_listing[851]  6705.628
z_listing[852]  6441.188
z_listing[853]  7988.232
z_listing[854]  7004.075
z_listing[855]  5831.509
z_listing[856]  6896.866
z_listing[857]  7902.434
z_listing[858]  7356.784
z_listing[859]  6543.587
z_listing[860]  6098.446
z_listing[861]  6479.866
z_listing[862]  7454.881
z_listing[863]  7016.619
z_listing[864]  8104.591
z_listing[865]  7135.755
z_listing[866]  8041.787
z_listing[867]  6335.765
z_listing[868]  6733.771
z_listing[869]  6199.789
z_listing[870]  6302.982
z_listing[871]  6433.704
z_listing[872]  7794.014
z_listing[873]  7258.103
z_listing[874]  6462.142
z_listing[875]  6865.996
z_listing[876]  6642.930
z_listing[877]  6216.855
z_listing[878]  7261.435
z_listing[879]  6330.138
z_listing[880]  6278.779
z_listing[881]  6477.793
z_listing[882]  5664.673
z_listing[883]  5610.504
z_listing[884]  5771.736
z_listing[885]  7412.952
z_listing[886]  6751.171
z_listing[887]  5984.001
z_listing[888]  5986.738
z_listing[889]  7052.011
z_listing[890]  6901.409
z_listing[891]  5755.944
z_listing[892]  6898.811
z_listing[893]  7223.834
z_listing[894]  6212.130
z_listing[895]  6776.358
z_listing[896]  6888.495
z_listing[897]  6243.647
z_listing[898]  7265.769
z_listing[899]  6084.612
z_listing[900]  6703.701
z_listing[901]  7596.683
z_listing[902]  6515.052
z_listing[903]  6959.254
z_listing[904]  6398.222
z_listing[905]  6733.737
z_listing[906]  7113.032
z_listing[907]  5041.520
z_listing[908]  7403.880
z_listing[909]  7465.535
z_listing[910]  5224.938
z_listing[911]  6240.903
z_listing[912]  6707.876
z_listing[913]  7259.495
z_listing[914]  6950.377
z_listing[915]  6893.205
z_listing[916]  7285.629
z_listing[917]  7387.128
z_listing[918]  6057.064
z_listing[919]  5921.911
z_listing[920]  6776.322
z_listing[921]  6839.211
z_listing[922]  6297.660
z_listing[923]  6854.442
z_listing[924]  6146.850
z_listing[925]  6484.365
z_listing[926]  8103.068
z_listing[927]  5990.180
z_listing[928]  6352.666
z_listing[929]  7584.869
z_listing[930]  6546.090
z_listing[931]  6775.926
z_listing[932]  7833.404
z_listing[933]  6001.149
z_listing[934]  5966.227
z_listing[935]  7320.512
z_listing[936]  6421.902
z_listing[937]  5195.312
z_listing[938]  7473.096
z_listing[939]  6142.196
z_listing[940]  5832.969
z_listing[941]  6846.863
z_listing[942]  5842.607
z_listing[943]  6699.133
z_listing[944]  6984.085
z_listing[945]  6633.669
z_listing[946]  6248.017
z_listing[947]  6691.629
z_listing[948]  6793.818
z_listing[949]  6645.497
z_listing[950]  6593.163
z_listing[951]  7167.237
z_listing[952]  7991.904
z_listing[953]  7495.243
z_listing[954]  6183.932
z_listing[955]  6555.256
z_listing[956]  7208.245
z_listing[957]  6652.200
z_listing[958]  6616.957
z_listing[959]  7034.797
z_listing[960]  5947.756
z_listing[961]  7367.654
z_listing[962]  5695.238
z_listing[963]  6851.006
z_listing[964]  6629.505
z_listing[965]  5100.491
z_listing[966]  6616.429
z_listing[967]  6408.607
z_listing[968]  7408.597
z_listing[969]  6996.588
z_listing[970]  6296.095
z_listing[971]  6920.957
z_listing[972]  6144.709
z_listing[973]  6722.023
z_listing[974]  6410.792
z_listing[975]  7118.861
z_listing[976]  6535.740
z_listing[977]  5980.095
z_listing[978]  7832.765
z_listing[979]  6912.034
z_listing[980]  6014.494
z_listing[981]  7092.892
z_listing[982]  6464.231
z_listing[983]  7283.944
z_listing[984]  5198.296
z_listing[985]  6201.868
z_listing[986]  6301.438
z_listing[987]  5655.871
z_listing[988]  6793.325
z_listing[989]  6994.012
z_listing[990]  6691.588
z_listing[991]  5339.891
z_listing[992]  6250.574
z_listing[993]  6730.410
z_listing[994]  7629.028
z_listing[995]  7282.717
z_listing[996]  5182.702
z_listing[997]  6038.577
z_listing[998]  5461.894
z_listing[999]  7697.851
z_listing[1000] 5548.525
z_listing[1001] 6325.467
z_listing[1002] 4455.635
z_listing[1003] 7020.667
z_listing[1004] 4246.871
z_listing[1005] 6708.376
z_listing[1006] 6784.226
z_listing[1007] 5591.985
z_listing[1008] 7115.666
z_listing[1009] 6393.623
z_listing[1010] 6333.773
z_listing[1011] 6510.092
z_listing[1012] 8023.146
z_listing[1013] 5471.349
z_listing[1014] 6745.139
z_listing[1015] 6935.538
z_listing[1016] 6738.187
z_listing[1017] 6534.859
z_listing[1018] 6315.110
z_listing[1019] 6305.694
z_listing[1020] 6454.382
z_listing[1021] 5595.332
z_listing[1022] 7210.943
z_listing[1023] 7152.420
z_listing[1024] 6135.465
z_listing[1025] 6262.114
z_listing[1026] 6746.834
z_listing[1027] 5741.496
z_listing[1028] 7381.280
z_listing[1029] 6095.433
z_listing[1030] 5934.612
z_listing[1031] 6584.212
z_listing[1032] 7538.747
z_listing[1033] 7242.841
z_listing[1034] 5730.697
z_listing[1035] 5269.919
z_listing[1036] 7231.136
z_listing[1037] 6388.833
z_listing[1038] 6194.148
z_listing[1039] 6811.948
z_listing[1040] 7157.109
z_listing[1041] 5940.572
z_listing[1042] 7883.899
z_listing[1043] 6138.241
z_listing[1044] 5982.666
z_listing[1045] 7115.754
z_listing[1046] 5551.496
z_listing[1047] 7385.047
z_listing[1048] 6952.760
z_listing[1049] 6039.066
z_listing[1050] 8187.888
z_listing[1051] 6488.054
z_listing[1052] 8415.138
z_listing[1053] 7480.439
z_listing[1054] 7275.717
z_listing[1055] 5509.378
z_listing[1056] 7473.308
z_listing[1057] 6758.706
z_listing[1058] 5585.744
z_listing[1059] 6166.111
z_listing[1060] 6431.644
z_listing[1061] 7274.014
z_listing[1062] 7143.393
z_listing[1063] 6836.705
z_listing[1064] 6679.010
z_listing[1065] 6430.888
z_listing[1066] 6318.942
z_listing[1067] 7386.367
z_listing[1068] 6922.383
z_listing[1069] 6673.344
z_listing[1070] 5936.983
z_listing[1071] 6593.344
z_listing[1072] 6480.739
z_listing[1073] 7370.835
z_listing[1074] 5945.829
z_listing[1075] 6494.415
z_listing[1076] 6901.240
z_listing[1077] 7021.724
z_listing[1078] 6384.900
z_listing[1079] 6596.766
z_listing[1080] 7025.981
z_listing[1081] 7976.021
z_listing[1082] 6408.303
z_listing[1083] 6876.006
z_listing[1084] 6894.090
z_listing[1085] 5253.930
z_listing[1086] 6450.368
z_listing[1087] 6603.693
z_listing[1088] 6045.401
z_listing[1089] 6681.876
z_listing[1090] 7151.063
z_listing[1091] 7000.061
z_listing[1092] 6660.338
z_listing[1093] 7304.213
z_listing[1094] 6051.513
z_listing[1095] 6674.136
z_listing[1096] 6877.451
z_listing[1097] 8235.070
z_listing[1098] 7751.486
z_listing[1099] 6412.416
z_listing[1100] 6922.936
z_listing[1101] 6068.840
z_listing[1102] 5649.559
z_listing[1103] 6250.295
z_listing[1104] 6232.155
z_listing[1105] 6538.165
z_listing[1106] 6689.373
z_listing[1107] 6888.177
z_listing[1108] 6785.744
z_listing[1109] 6080.316
z_listing[1110] 6760.988
z_listing[1111] 6129.802
z_listing[1112] 6912.173
z_listing[1113] 6750.646
z_listing[1114] 5717.230
z_listing[1115] 6832.952
z_listing[1116] 7101.962
z_listing[1117] 6944.937
z_listing[1118] 6154.442
z_listing[1119] 6421.478
z_listing[1120] 6079.516
z_listing[1121] 6353.945
z_listing[1122] 5487.640
z_listing[1123] 6313.853
z_listing[1124] 8575.010
z_listing[1125] 7064.018
z_listing[1126] 6922.703
z_listing[1127] 6969.508
z_listing[1128] 6920.880
z_listing[1129] 7234.988
z_listing[1130] 6332.509
z_listing[1131] 6088.492
z_listing[1132] 7151.520
z_listing[1133] 6588.360
z_listing[1134] 7827.388
z_listing[1135] 6413.801
z_listing[1136] 5374.398
z_listing[1137] 6117.409
z_listing[1138] 6419.676
z_listing[1139] 6315.544
z_listing[1140] 6902.836
z_listing[1141] 6286.709
z_listing[1142] 6883.650
z_listing[1143] 7194.035
z_listing[1144] 6808.681
z_listing[1145] 6445.041
z_listing[1146] 5207.089
z_listing[1147] 7404.723
z_listing[1148] 5954.994
z_listing[1149] 7341.890
z_listing[1150] 7342.098
z_listing[1151] 7103.380
z_listing[1152] 5893.636
z_listing[1153] 7381.701
z_listing[1154] 6924.446
z_listing[1155] 6269.368
z_listing[1156] 7432.752
z_listing[1157] 7703.892
z_listing[1158] 5500.853
z_listing[1159] 6594.055
z_listing[1160] 6235.993
z_listing[1161] 5688.732
z_listing[1162] 6478.613
z_listing[1163] 8230.935
z_listing[1164] 6884.322
z_listing[1165] 6705.857
z_listing[1166] 6072.711
z_listing[1167] 6802.853
z_listing[1168] 7167.662
z_listing[1169] 5960.447
z_listing[1170] 7401.576
z_listing[1171] 7353.866
z_listing[1172] 6116.369
z_listing[1173] 7118.018
z_listing[1174] 6777.516
z_listing[1175] 6667.570
z_listing[1176] 6242.783
z_listing[1177] 6898.477
z_listing[1178] 7539.769
z_listing[1179] 7011.431
z_listing[1180] 8042.948
z_listing[1181] 5691.886
z_listing[1182] 6944.387
z_listing[1183] 6655.197
z_listing[1184] 7474.341
z_listing[1185] 6410.871
z_listing[1186] 8045.352
z_listing[1187] 7103.718
z_listing[1188] 7048.444
z_listing[1189] 6267.956
z_listing[1190] 5760.553
z_listing[1191] 7037.314
z_listing[1192] 7880.951
z_listing[1193] 6007.663
z_listing[1194] 6868.733
z_listing[1195] 7456.988
z_listing[1196] 6368.928
z_listing[1197] 6945.743
z_listing[1198] 7150.862
z_listing[1199] 7659.772
z_listing[1200] 6248.543
a_bar           3099.420
b_rev           1471.520
sigma_listing   1065.820
sigma           1666.398
a_listing[1]    6908.676
a_listing[2]    7309.795
a_listing[3]    7297.055
a_listing[4]    7203.805
a_listing[5]    5919.689
a_listing[6]    7282.430
a_listing[7]    5891.343
a_listing[8]    7067.462
a_listing[9]    5694.235
a_listing[10]   6273.430
a_listing[11]   5737.004
a_listing[12]   6093.298
a_listing[13]   6458.354
a_listing[14]   6917.978
a_listing[15]   6603.977
a_listing[16]   6353.504
a_listing[17]   7110.950
a_listing[18]   6286.368
a_listing[19]   6990.131
a_listing[20]   5997.437
a_listing[21]   4257.527
a_listing[22]   5570.050
a_listing[23]   6358.191
a_listing[24]   6587.995
a_listing[25]   6501.279
a_listing[26]   5785.574
a_listing[27]   6064.936
a_listing[28]   6382.728
a_listing[29]   5981.852
a_listing[30]   5567.794
a_listing[31]   6712.272
a_listing[32]   6832.062
a_listing[33]   7132.459
a_listing[34]   6846.313
a_listing[35]   7891.133
a_listing[36]   6424.100
a_listing[37]   8187.482
a_listing[38]   6643.519
a_listing[39]   5485.184
a_listing[40]   7213.338
a_listing[41]   6528.937
a_listing[42]   6491.848
a_listing[43]   3584.438
a_listing[44]   7932.357
a_listing[45]   5665.616
a_listing[46]   6184.011
a_listing[47]   6203.180
a_listing[48]   6369.778
a_listing[49]   5972.511
a_listing[50]   6795.083
a_listing[51]   7074.456
a_listing[52]   6473.554
a_listing[53]   5759.687
a_listing[54]   6025.781
a_listing[55]   7925.087
a_listing[56]   5915.551
a_listing[57]   6076.892
a_listing[58]   6823.715
a_listing[59]   7317.585
a_listing[60]   8544.738
a_listing[61]   6900.361
a_listing[62]   5920.029
a_listing[63]   6362.806
a_listing[64]   3122.531
a_listing[65]   4523.739
a_listing[66]   5811.209
a_listing[67]   3775.705
a_listing[68]   6392.316
a_listing[69]   7787.465
a_listing[70]   6208.865
a_listing[71]   6939.965
a_listing[72]   6931.741
a_listing[73]   6949.989
a_listing[74]   6581.357
a_listing[75]   6246.665
a_listing[76]   6663.734
a_listing[77]   6108.706
a_listing[78]   5736.474
a_listing[79]   7158.160
a_listing[80]   7082.971
a_listing[81]   5533.647
a_listing[82]   8165.710
a_listing[83]   6588.680
a_listing[84]   5725.414
a_listing[85]   6996.302
a_listing[86]   5919.702
a_listing[87]   7670.438
a_listing[88]   5446.413
a_listing[89]   6232.849
a_listing[90]   6932.146
a_listing[91]   6036.431
a_listing[92]   6904.014
a_listing[93]   5832.674
a_listing[94]   7316.224
a_listing[95]   6832.418
a_listing[96]   5148.360
a_listing[97]   6966.121
a_listing[98]   6882.481
a_listing[99]   6630.759
a_listing[100]  7303.226
a_listing[101]  6652.658
a_listing[102]  6354.723
a_listing[103]  5634.590
a_listing[104]  6418.935
a_listing[105]  5390.447
a_listing[106]  5248.791
a_listing[107]  6350.784
a_listing[108]  6452.526
a_listing[109]  6516.664
a_listing[110]  6307.290
a_listing[111]  5989.449
a_listing[112]  7107.896
a_listing[113]  6035.807
a_listing[114]  6593.662
a_listing[115]  6515.658
a_listing[116]  6124.123
a_listing[117]  5491.994
a_listing[118]  5812.754
a_listing[119]  5989.938
a_listing[120]  5452.135
a_listing[121]  6239.506
a_listing[122]  6369.296
a_listing[123]  7701.280
a_listing[124]  6635.169
a_listing[125]  6515.941
a_listing[126]  7240.354
a_listing[127]  5783.388
a_listing[128]  6831.286
a_listing[129]  6499.651
a_listing[130]  7291.637
a_listing[131]  4605.621
a_listing[132]  6951.426
a_listing[133]  5915.362
a_listing[134]  5218.145
a_listing[135]  4911.300
a_listing[136]  6866.371
a_listing[137]  6374.601
a_listing[138]  6624.258
a_listing[139]  5635.467
a_listing[140]  7105.192
a_listing[141]  5846.411
a_listing[142]  7674.035
a_listing[143]  6105.398
a_listing[144]  5610.033
a_listing[145]  5946.490
a_listing[146]  7043.175
a_listing[147]  6587.312
a_listing[148]  6170.751
a_listing[149]  6552.120
a_listing[150]  5271.848
a_listing[151]  6287.282
a_listing[152]  7269.761
a_listing[153]  6283.307
a_listing[154]  5655.764
a_listing[155]  5989.599
a_listing[156]  6806.892
a_listing[157]  5916.225
a_listing[158]  7381.960
a_listing[159]  6293.223
a_listing[160]  6532.263
a_listing[161]  6723.512
a_listing[162]  7522.315
a_listing[163]  6022.426
a_listing[164]  6788.556
a_listing[165]  6770.338
a_listing[166]  6635.495
a_listing[167]  4294.242
a_listing[168]  6181.200
a_listing[169]  6519.808
a_listing[170]  5117.501
a_listing[171]  5602.758
a_listing[172]  6634.829
a_listing[173]  6145.290
a_listing[174]  5666.114
a_listing[175]  4587.142
a_listing[176]  6932.045
a_listing[177]  6304.358
a_listing[178]  6145.745
a_listing[179]  7289.386
a_listing[180]  6682.328
a_listing[181]  6825.751
a_listing[182]  6541.978
a_listing[183]  8880.077
a_listing[184]  5734.974
a_listing[185]  7274.166
a_listing[186]  7989.400
a_listing[187]  6022.988
a_listing[188]  6444.972
a_listing[189]  7083.059
a_listing[190]  6768.834
a_listing[191]  6222.040
a_listing[192]  7025.462
a_listing[193]  7946.511
a_listing[194]  7677.784
a_listing[195]  6818.809
a_listing[196]  7820.608
a_listing[197]  6524.181
a_listing[198]  7024.194
a_listing[199]  6607.916
a_listing[200]  7250.790
a_listing[201]  6501.163
a_listing[202]  6912.490
a_listing[203]  7331.905
a_listing[204]  7673.129
a_listing[205]  7452.538
a_listing[206]  6847.772
a_listing[207]  6840.064
a_listing[208]  6092.122
a_listing[209]  6041.516
a_listing[210]  6866.763
a_listing[211]  6180.787
a_listing[212]  6356.612
a_listing[213]  5623.473
a_listing[214]  6794.667
a_listing[215]  6444.169
a_listing[216]  6080.370
a_listing[217]  7260.000
a_listing[218]  5262.457
a_listing[219]  6263.643
a_listing[220]  6082.301
a_listing[221]  6275.092
a_listing[222]  5448.000
a_listing[223]  6674.736
a_listing[224]  6500.863
a_listing[225]  6149.637
a_listing[226]  7813.439
a_listing[227]  6169.108
a_listing[228]  6474.602
a_listing[229]  6234.411
a_listing[230]  6898.310
a_listing[231]  4816.027
a_listing[232]  6680.125
a_listing[233]  6260.542
a_listing[234]  6200.837
a_listing[235]  6868.841
a_listing[236]  6920.251
a_listing[237]  6763.716
a_listing[238]  6796.878
a_listing[239]  7217.889
a_listing[240]  6440.098
a_listing[241]  5773.885
a_listing[242]  6129.650
a_listing[243]  6151.367
a_listing[244]  6481.828
a_listing[245]  6196.530
a_listing[246]  6080.815
a_listing[247]  6801.356
a_listing[248]  5452.288
a_listing[249]  6591.082
a_listing[250]  6291.320
a_listing[251]  7159.813
a_listing[252]  6876.161
a_listing[253]  6655.628
a_listing[254]  7086.294
a_listing[255]  5320.857
a_listing[256]  8223.679
a_listing[257]  6794.049
a_listing[258]  6119.205
a_listing[259]  6876.205
a_listing[260]  6511.100
a_listing[261]  5772.156
a_listing[262]  7139.284
a_listing[263]  6685.455
a_listing[264]  6772.581
a_listing[265]  6085.323
a_listing[266]  7313.479
a_listing[267]  6235.619
a_listing[268]  5327.494
a_listing[269]  6262.879
a_listing[270]  6123.193
a_listing[271]  6505.080
a_listing[272]  5529.926
a_listing[273]  6073.953
a_listing[274]  6583.274
a_listing[275]  5610.652
a_listing[276]  6856.482
a_listing[277]  5574.593
a_listing[278]  6207.043
a_listing[279]  7567.010
a_listing[280]  7066.602
a_listing[281]  3743.776
a_listing[282]  6299.352
a_listing[283]  7764.599
a_listing[284]  7053.427
a_listing[285]  2913.137
a_listing[286]  6189.437
a_listing[287]  7152.700
a_listing[288]  5629.641
a_listing[289]  6583.992
a_listing[290]  7041.038
a_listing[291]  6094.687
a_listing[292]  6653.684
a_listing[293]  5775.737
a_listing[294]  6891.579
a_listing[295]  5726.789
a_listing[296]  6885.983
a_listing[297]  6343.913
a_listing[298]  5713.555
a_listing[299]  6815.392
a_listing[300]  7000.490
a_listing[301]  6332.144
a_listing[302]  6200.126
a_listing[303]  6857.616
a_listing[304]  6735.588
a_listing[305]  6013.731
a_listing[306]  6986.738
a_listing[307]  7192.080
a_listing[308]  6258.270
a_listing[309]  8151.651
a_listing[310]  5645.386
a_listing[311]  6198.922
a_listing[312]  7753.423
a_listing[313]  5692.181
a_listing[314]  6122.746
a_listing[315]  6287.669
a_listing[316]  5570.378
a_listing[317]  6606.725
a_listing[318]  6849.628
a_listing[319]  6337.945
a_listing[320]  5703.729
a_listing[321]  6660.478
a_listing[322]  6018.791
a_listing[323]  7206.684
a_listing[324]  4641.326
a_listing[325]  6743.245
a_listing[326]  6857.370
a_listing[327]  5849.734
a_listing[328]  6123.776
a_listing[329]  6507.673
a_listing[330]  6307.004
a_listing[331]  5432.613
a_listing[332]  6736.202
a_listing[333]  7413.588
a_listing[334]  5976.903
a_listing[335]  6812.016
a_listing[336]  5936.203
a_listing[337]  6711.670
a_listing[338]  5448.522
a_listing[339]  6340.531
a_listing[340]  6410.627
a_listing[341]  6670.108
a_listing[342]  6020.445
a_listing[343]  5855.826
a_listing[344]  6432.592
a_listing[345]  5720.471
a_listing[346]  7057.822
a_listing[347]  6408.179
a_listing[348]  6482.457
a_listing[349]  7070.451
a_listing[350]  7185.572
a_listing[351]  6575.167
a_listing[352]  6822.830
a_listing[353]  6105.924
a_listing[354]  7301.190
a_listing[355]  5331.476
a_listing[356]  5995.652
a_listing[357]  7341.262
a_listing[358]  6443.356
a_listing[359]  6213.849
a_listing[360]  5246.602
a_listing[361]  7330.025
a_listing[362]  6758.630
a_listing[363]  5401.593
a_listing[364]  6757.008
a_listing[365]  7051.687
a_listing[366]  5428.782
a_listing[367]  6269.322
a_listing[368]  6716.967
a_listing[369]  6510.696
a_listing[370]  6482.029
a_listing[371]  6228.811
a_listing[372]  6359.629
a_listing[373]  6238.602
a_listing[374]  7271.624
a_listing[375]  6177.862
a_listing[376]  8306.893
a_listing[377]  6362.550
a_listing[378]  3811.594
a_listing[379]  6260.703
a_listing[380]  6218.621
a_listing[381]  4143.973
a_listing[382]  6938.903
a_listing[383]  6711.476
a_listing[384]  6339.569
a_listing[385]  5971.588
a_listing[386]  6498.649
a_listing[387]  4698.479
a_listing[388]  6474.918
a_listing[389]  5696.023
a_listing[390]  6127.938
a_listing[391]  6458.409
a_listing[392]  7225.538
a_listing[393]  7669.030
a_listing[394]  6896.728
a_listing[395]  5888.040
a_listing[396]  5796.788
a_listing[397]  6370.515
a_listing[398]  6773.898
a_listing[399]  7488.116
a_listing[400]  7477.892
a_listing[401]  6197.411
a_listing[402]  6127.482
a_listing[403]  7101.193
a_listing[404]  6392.809
a_listing[405]  6314.437
a_listing[406]  6397.833
a_listing[407]  6536.157
a_listing[408]  5898.619
a_listing[409]  6682.401
a_listing[410]  7663.067
a_listing[411]  6422.249
a_listing[412]  6383.337
a_listing[413]  7263.956
a_listing[414]  5739.563
a_listing[415]  6811.393
a_listing[416]  7155.013
a_listing[417]  5954.551
a_listing[418]  5630.393
a_listing[419]  6310.104
a_listing[420]  6674.306
a_listing[421]  6475.932
a_listing[422]  6342.177
a_listing[423]  5371.563
a_listing[424]  5782.798
a_listing[425]  5804.759
a_listing[426]  6103.339
a_listing[427]  6521.754
a_listing[428]  6638.028
a_listing[429]  6817.462
a_listing[430]  5288.445
a_listing[431]  6302.065
a_listing[432]  6570.372
a_listing[433]  6766.183
a_listing[434]  5941.733
a_listing[435]  6772.235
a_listing[436]  6031.126
a_listing[437]  7063.180
a_listing[438]  6261.177
a_listing[439]  6188.447
a_listing[440]  7714.904
a_listing[441]  6359.401
a_listing[442]  6333.724
a_listing[443]  6383.181
a_listing[444]  9175.021
a_listing[445]  6614.329
a_listing[446]  6302.004
a_listing[447]  6974.699
a_listing[448]  7527.719
a_listing[449]  6517.442
a_listing[450]  7466.533
a_listing[451]  6925.733
a_listing[452]  5607.125
a_listing[453]  5778.056
a_listing[454]  6651.130
a_listing[455]  7122.167
a_listing[456]  6224.753
a_listing[457]  5359.478
a_listing[458]  5558.415
a_listing[459]  6900.796
a_listing[460]  6108.081
a_listing[461]  5671.455
a_listing[462]  7160.762
a_listing[463]  6203.567
a_listing[464]  6123.480
a_listing[465]  6306.525
a_listing[466]  7169.486
a_listing[467]  6065.055
a_listing[468]  6201.124
a_listing[469]  5307.279
a_listing[470]  6792.282
a_listing[471]  7151.929
a_listing[472]  5081.811
a_listing[473]  5882.124
a_listing[474]  4399.242
a_listing[475]  6167.353
a_listing[476]  7203.564
a_listing[477]  6495.642
a_listing[478]  6840.581
a_listing[479]  5597.251
a_listing[480]  5430.445
a_listing[481]  6341.259
a_listing[482]  7608.360
a_listing[483]  6711.736
a_listing[484]  6736.259
a_listing[485]  6471.139
a_listing[486]  6535.797
a_listing[487]  6678.588
a_listing[488]  6120.648
a_listing[489]  7627.773
a_listing[490]  7454.919
a_listing[491]  7380.080
a_listing[492]  7275.094
a_listing[493]  6112.704
a_listing[494]  5737.434
a_listing[495]  6131.340
a_listing[496]  6354.892
a_listing[497]  7078.152
a_listing[498]  7300.401
a_listing[499]  6297.306
a_listing[500]  5551.731
a_listing[501]  6224.236
a_listing[502]  6299.624
a_listing[503]  6203.114
a_listing[504]  6309.248
a_listing[505]  6291.133
a_listing[506]  6789.147
a_listing[507]  6289.589
a_listing[508]  6771.225
a_listing[509]  6369.537
a_listing[510]  6774.385
a_listing[511]  6474.568
a_listing[512]  7516.671
a_listing[513]  6431.900
a_listing[514]  6811.510
a_listing[515]  7257.944
a_listing[516]  7135.127
a_listing[517]  6208.787
a_listing[518]  8221.481
a_listing[519]  6380.555
a_listing[520]  6552.434
a_listing[521]  5882.533
a_listing[522]  7063.958
a_listing[523]  7538.666
a_listing[524]  7284.955
a_listing[525]  6781.365
a_listing[526]  6514.029
a_listing[527]  5990.925
a_listing[528]  5596.429
a_listing[529]  6706.768
a_listing[530]  6483.652
a_listing[531]  6360.884
a_listing[532]  6700.756
a_listing[533]  6280.087
a_listing[534]  5941.144
a_listing[535]  7432.239
a_listing[536]  6445.845
a_listing[537]  5718.523
a_listing[538]  7317.699
a_listing[539]  7203.809
a_listing[540]  6824.939
a_listing[541]  6487.778
a_listing[542]  6346.776
a_listing[543]  7243.001
a_listing[544]  6624.017
a_listing[545]  6425.399
a_listing[546]  7592.490
a_listing[547]  7107.330
a_listing[548]  6178.974
a_listing[549]  7251.306
a_listing[550]  6964.744
a_listing[551]  6540.386
a_listing[552]  8093.597
a_listing[553]  6315.066
a_listing[554]  7657.891
a_listing[555]  5570.016
a_listing[556]  7108.979
a_listing[557]  5807.582
a_listing[558]  7765.861
a_listing[559]  6752.934
a_listing[560]  5522.233
a_listing[561]  6607.744
a_listing[562]  5701.674
a_listing[563]  6451.295
a_listing[564]  6857.023
a_listing[565]  6296.327
a_listing[566]  5968.711
a_listing[567]  7588.011
a_listing[568]  5865.961
a_listing[569]  7309.792
a_listing[570]  6203.058
a_listing[571]  6294.429
a_listing[572]  7146.564
a_listing[573]  6094.580
a_listing[574]  6771.632
a_listing[575]  5877.150
a_listing[576]  5630.576
a_listing[577]  7918.382
a_listing[578]  5542.272
a_listing[579]  6785.691
a_listing[580]  5914.475
a_listing[581]  6386.972
a_listing[582]  6017.646
a_listing[583]  6415.984
a_listing[584]  5676.042
a_listing[585]  7028.671
a_listing[586]  6916.478
a_listing[587]  7596.325
a_listing[588]  6275.137
a_listing[589]  7891.436
a_listing[590]  7022.373
a_listing[591]  7745.593
a_listing[592]  5930.197
a_listing[593]  6115.035
a_listing[594]  8126.904
a_listing[595]  7057.575
a_listing[596]  6112.341
a_listing[597]  6389.968
a_listing[598]  7705.501
a_listing[599]  5880.555
a_listing[600]  6406.952
a_listing[601]  7687.952
a_listing[602]  6430.593
a_listing[603]  5537.430
a_listing[604]  6560.607
a_listing[605]  6133.343
a_listing[606]  7130.021
a_listing[607]  6217.915
a_listing[608]  6597.578
a_listing[609]  7190.004
a_listing[610]  6131.704
a_listing[611]  5783.548
a_listing[612]  9164.967
a_listing[613]  6002.003
a_listing[614]  5892.133
a_listing[615]  6482.999
a_listing[616]  6752.001
a_listing[617]  6132.595
a_listing[618]  6517.354
a_listing[619]  7040.785
a_listing[620]  7073.940
a_listing[621]  5890.554
a_listing[622]  6044.382
a_listing[623]  5979.400
a_listing[624]  5998.133
a_listing[625]  6499.285
a_listing[626]  6520.132
a_listing[627]  7196.364
a_listing[628]  7657.023
a_listing[629]  6539.817
a_listing[630]  5951.153
a_listing[631]  6896.944
a_listing[632]  5658.885
a_listing[633]  7224.183
a_listing[634]  5970.341
a_listing[635]  7011.478
a_listing[636]  5882.971
a_listing[637]  6063.771
a_listing[638]  7832.030
a_listing[639]  6502.993
a_listing[640]  5601.034
a_listing[641]  7110.195
a_listing[642]  8016.803
a_listing[643]  7827.952
a_listing[644]  6065.275
a_listing[645]  6703.663
a_listing[646]  6288.799
a_listing[647]  8020.858
a_listing[648]  6101.171
a_listing[649]  6143.998
a_listing[650]  6022.071
a_listing[651]  6185.726
a_listing[652]  6913.733
a_listing[653]  7737.035
a_listing[654]  6046.804
a_listing[655]  6283.645
a_listing[656]  5550.488
a_listing[657]  5575.034
a_listing[658]  6966.055
a_listing[659]  6298.724
a_listing[660]  8571.438
a_listing[661]  4678.330
a_listing[662]  7048.003
a_listing[663]  6127.681
a_listing[664]  6839.962
a_listing[665]  5824.875
a_listing[666]  6716.055
a_listing[667]  7901.185
a_listing[668]  7461.913
a_listing[669]  6335.678
a_listing[670]  6043.861
a_listing[671]  4471.810
a_listing[672]  4555.989
a_listing[673]  5858.698
a_listing[674]  7172.722
a_listing[675]  7151.366
a_listing[676]  6260.599
a_listing[677]  5487.717
a_listing[678]  6288.874
a_listing[679]  4293.777
a_listing[680]  7277.897
a_listing[681]  6390.817
a_listing[682]  6756.340
a_listing[683]  6217.165
a_listing[684]  8231.832
a_listing[685]  7161.123
a_listing[686]  5774.467
a_listing[687]  7353.055
a_listing[688]  6736.954
a_listing[689]  7340.670
a_listing[690]  7209.912
a_listing[691]  6958.659
a_listing[692]  6378.389
a_listing[693]  7133.536
a_listing[694]  7946.084
a_listing[695]  6493.906
a_listing[696]  5490.839
a_listing[697]  6804.517
a_listing[698]  6719.427
a_listing[699]  6203.259
a_listing[700]  8316.295
a_listing[701]  7397.677
a_listing[702]  5497.286
a_listing[703]  6503.530
a_listing[704]  6836.076
a_listing[705]  5911.491
a_listing[706]  5691.282
a_listing[707]  4754.935
a_listing[708]  6400.036
a_listing[709]  7815.318
a_listing[710]  5599.802
a_listing[711]  6325.859
a_listing[712]  5717.831
a_listing[713]  6817.726
a_listing[714]  5222.533
a_listing[715]  6315.587
a_listing[716]  6575.673
a_listing[717]  7298.003
a_listing[718]  6541.649
a_listing[719]  7154.716
a_listing[720]  6206.639
a_listing[721]  6988.366
a_listing[722]  6610.698
a_listing[723]  6648.858
a_listing[724]  6807.306
a_listing[725]  7458.822
a_listing[726]  6763.947
a_listing[727]  6629.896
a_listing[728]  5740.315
a_listing[729]  6830.789
a_listing[730]  5644.933
a_listing[731]  6778.682
a_listing[732]  5447.608
a_listing[733]  6767.745
a_listing[734]  6148.618
a_listing[735]  6103.748
a_listing[736]  6212.035
a_listing[737]  5725.612
a_listing[738]  6784.971
a_listing[739]  6415.526
a_listing[740]  6181.413
a_listing[741]  5949.139
a_listing[742]  7643.569
a_listing[743]  7617.337
a_listing[744]  6249.085
a_listing[745]  6729.242
a_listing[746]  5264.270
a_listing[747]  7593.399
a_listing[748]  6540.031
a_listing[749]  4846.006
a_listing[750]  7419.601
a_listing[751]  5361.699
a_listing[752]  6734.809
a_listing[753]  5817.932
a_listing[754]  5982.036
a_listing[755]  6803.853
a_listing[756]  6232.964
a_listing[757]  7408.754
a_listing[758]  6255.463
a_listing[759]  7030.862
a_listing[760]  7499.636
a_listing[761]  6485.934
a_listing[762]  5869.974
a_listing[763]  7558.966
a_listing[764]  5274.611
a_listing[765]  6470.400
a_listing[766]  6185.719
a_listing[767]  5914.910
a_listing[768]  5259.175
a_listing[769]  4966.182
a_listing[770]  7314.963
a_listing[771]  6390.314
a_listing[772]  6379.112
a_listing[773]  6067.485
a_listing[774]  7313.175
a_listing[775]  6830.613
a_listing[776]  7182.714
a_listing[777]  6651.570
a_listing[778]  8097.015
a_listing[779]  6517.227
a_listing[780]  6304.774
a_listing[781]  6847.764
a_listing[782]  6311.873
a_listing[783]  5515.025
a_listing[784]  6749.716
a_listing[785]  6521.916
a_listing[786]  3927.242
a_listing[787]  5925.727
a_listing[788]  6801.848
a_listing[789]  7369.790
a_listing[790]  7029.576
a_listing[791]  6398.443
a_listing[792]  7660.630
a_listing[793]  5604.840
a_listing[794]  6130.024
a_listing[795]  6678.903
a_listing[796]  6426.341
a_listing[797]  6602.880
a_listing[798]  6499.169
a_listing[799]  6007.497
a_listing[800]  6157.963
a_listing[801]  5739.197
a_listing[802]  5231.195
a_listing[803]  6336.187
a_listing[804]  6474.283
a_listing[805]  7784.055
a_listing[806]  7007.721
a_listing[807]  6424.909
a_listing[808]  7379.751
a_listing[809]  8011.127
a_listing[810]  7417.398
a_listing[811]  6753.405
a_listing[812]  6799.421
a_listing[813]  5860.898
a_listing[814]  5116.375
a_listing[815]  7271.341
a_listing[816]  6886.482
a_listing[817]  5542.083
a_listing[818]  6010.895
a_listing[819]  5873.719
a_listing[820]  6028.911
a_listing[821]  5878.917
a_listing[822]  6231.617
a_listing[823]  6495.961
a_listing[824]  5847.728
a_listing[825]  6894.185
a_listing[826]  7108.721
a_listing[827]  6203.810
a_listing[828]  5816.279
a_listing[829]  6573.389
a_listing[830]  5753.175
a_listing[831]  6436.379
a_listing[832]  6627.979
a_listing[833]  5899.639
a_listing[834]  6637.386
a_listing[835]  6129.149
a_listing[836]  6468.804
a_listing[837]  5272.255
a_listing[838]  6506.826
a_listing[839]  6428.600
a_listing[840]  6320.155
a_listing[841]  5415.560
a_listing[842]  6505.663
a_listing[843]  6860.355
a_listing[844]  5881.159
a_listing[845]  5800.360
a_listing[846]  6339.622
a_listing[847]  6190.181
a_listing[848]  5952.364
a_listing[849]  6514.632
a_listing[850]  5880.107
a_listing[851]  6595.912
a_listing[852]  5637.326
a_listing[853]  7705.030
a_listing[854]  6834.399
a_listing[855]  5676.645
a_listing[856]  6974.805
a_listing[857]  7448.003
a_listing[858]  6922.499
a_listing[859]  6539.777
a_listing[860]  6051.079
a_listing[861]  6276.952
a_listing[862]  7371.859
a_listing[863]  6729.057
a_listing[864]  7234.132
a_listing[865]  7145.887
a_listing[866]  7234.678
a_listing[867]  5654.130
a_listing[868]  5493.086
a_listing[869]  6115.386
a_listing[870]  6354.996
a_listing[871]  6105.414
a_listing[872]  7748.328
a_listing[873]  7091.592
a_listing[874]  6039.398
a_listing[875]  6738.078
a_listing[876]  6458.883
a_listing[877]  5800.221
a_listing[878]  7124.836
a_listing[879]  6676.844
a_listing[880]  6208.833
a_listing[881]  6054.394
a_listing[882]  5012.253
a_listing[883]  5251.941
a_listing[884]  5068.636
a_listing[885]  7773.607
a_listing[886]  6658.476
a_listing[887]  4879.443
a_listing[888]  5842.837
a_listing[889]  6931.430
a_listing[890]  6905.437
a_listing[891]  5707.814
a_listing[892]  6554.615
a_listing[893]  6958.032
a_listing[894]  5837.731
a_listing[895]  6717.594
a_listing[896]  6599.858
a_listing[897]  5890.351
a_listing[898]  6774.571
a_listing[899]  5939.825
a_listing[900]  5955.733
a_listing[901]  7686.105
a_listing[902]  6330.022
a_listing[903]  6479.494
a_listing[904]  5988.886
a_listing[905]  6618.819
a_listing[906]  6880.860
a_listing[907]  5096.521
a_listing[908]  6969.671
a_listing[909]  6939.097
a_listing[910]  4857.056
a_listing[911]  6341.522
a_listing[912]  6301.368
a_listing[913]  7126.261
a_listing[914]  6728.237
a_listing[915]  6773.672
a_listing[916]  7196.920
a_listing[917]  6583.191
a_listing[918]  6018.324
a_listing[919]  6100.575
a_listing[920]  6648.684
a_listing[921]  6404.903
a_listing[922]  6243.290
a_listing[923]  6426.503
a_listing[924]  5525.334
a_listing[925]  6272.881
a_listing[926]  7809.065
a_listing[927]  5857.602
a_listing[928]  6345.184
a_listing[929]  7710.398
a_listing[930]  6462.025
a_listing[931]  6786.253
a_listing[932]  7387.706
a_listing[933]  5814.271
a_listing[934]  6107.718
a_listing[935]  7302.062
a_listing[936]  6515.466
a_listing[937]  5023.557
a_listing[938]  7413.840
a_listing[939]  5778.185
a_listing[940]  5921.562
a_listing[941]  6928.368
a_listing[942]  5798.946
a_listing[943]  6274.476
a_listing[944]  6556.371
a_listing[945]  6739.777
a_listing[946]  6151.579
a_listing[947]  5951.211
a_listing[948]  6874.952
a_listing[949]  6645.294
a_listing[950]  6431.479
a_listing[951]  7062.898
a_listing[952]  7981.318
a_listing[953]  6289.892
a_listing[954]  6334.190
a_listing[955]  5661.263
a_listing[956]  7094.795
a_listing[957]  6634.086
a_listing[958]  6538.828
a_listing[959]  6590.836
a_listing[960]  5716.442
a_listing[961]  7179.526
a_listing[962]  5287.172
a_listing[963]  6534.937
a_listing[964]  6398.914
a_listing[965]  4127.726
a_listing[966]  6614.050
a_listing[967]  6253.645
a_listing[968]  7242.602
a_listing[969]  6696.938
a_listing[970]  6301.833
a_listing[971]  6878.652
a_listing[972]  6109.514
a_listing[973]  6817.769
a_listing[974]  6118.860
a_listing[975]  7099.649
a_listing[976]  6289.931
a_listing[977]  5917.679
a_listing[978]  7354.541
a_listing[979]  6164.265
a_listing[980]  5979.548
a_listing[981]  7046.337
a_listing[982]  6079.658
a_listing[983]  7131.837
a_listing[984]  4842.314
a_listing[985]  6061.714
a_listing[986]  6182.754
a_listing[987]  5737.932
a_listing[988]  6518.348
a_listing[989]  7149.307
a_listing[990]  6624.923
a_listing[991]  5149.156
a_listing[992]  6239.900
a_listing[993]  6631.200
a_listing[994]  7550.196
a_listing[995]  6850.875
a_listing[996]  3570.187
a_listing[997]  3501.775
a_listing[998]  5104.709
a_listing[999]  7420.962
a_listing[1000] 5505.314
a_listing[1001] 5193.759
a_listing[1002] 4179.152
a_listing[1003] 7021.678
a_listing[1004] 3924.426
a_listing[1005] 6738.881
a_listing[1006] 6894.305
a_listing[1007] 5151.882
a_listing[1008] 7096.712
a_listing[1009] 6348.831
a_listing[1010] 6155.132
a_listing[1011] 6469.670
a_listing[1012] 8042.662
a_listing[1013] 5324.899
a_listing[1014] 6761.423
a_listing[1015] 6866.412
a_listing[1016] 6342.611
a_listing[1017] 6405.044
a_listing[1018] 6426.262
a_listing[1019] 6194.579
a_listing[1020] 6371.498
a_listing[1021] 5471.006
a_listing[1022] 7064.144
a_listing[1023] 6946.263
a_listing[1024] 5655.418
a_listing[1025] 5962.610
a_listing[1026] 6688.774
a_listing[1027] 5631.683
a_listing[1028] 7451.329
a_listing[1029] 6030.728
a_listing[1030] 5799.106
a_listing[1031] 6487.254
a_listing[1032] 7506.859
a_listing[1033] 7112.947
a_listing[1034] 5743.157
a_listing[1035] 4285.471
a_listing[1036] 7267.872
a_listing[1037] 6052.953
a_listing[1038] 6065.788
a_listing[1039] 7089.380
a_listing[1040] 7074.922
a_listing[1041] 5809.663
a_listing[1042] 7594.335
a_listing[1043] 6187.682
a_listing[1044] 6113.428
a_listing[1045] 7153.383
a_listing[1046] 5614.646
a_listing[1047] 7383.048
a_listing[1048] 6968.670
a_listing[1049] 5755.717
a_listing[1050] 8117.411
a_listing[1051] 6427.177
a_listing[1052] 8222.110
a_listing[1053] 6963.693
a_listing[1054] 7139.309
a_listing[1055] 5191.666
a_listing[1056] 7279.790
a_listing[1057] 6522.496
a_listing[1058] 5257.453
a_listing[1059] 5346.917
a_listing[1060] 5831.272
a_listing[1061] 7019.714
a_listing[1062] 7011.225
a_listing[1063] 6767.238
a_listing[1064] 6377.881
a_listing[1065] 5445.215
a_listing[1066] 6187.071
a_listing[1067] 7125.021
a_listing[1068] 6869.665
a_listing[1069] 6336.511
a_listing[1070] 5798.916
a_listing[1071] 6270.419
a_listing[1072] 6151.203
a_listing[1073] 6966.486
a_listing[1074] 5812.541
a_listing[1075] 6434.451
a_listing[1076] 6991.551
a_listing[1077] 6834.703
a_listing[1078] 6166.999
a_listing[1079] 6249.481
a_listing[1080] 6478.294
a_listing[1081] 7755.583
a_listing[1082] 6461.407
a_listing[1083] 6753.193
a_listing[1084] 6496.087
a_listing[1085] 5346.850
a_listing[1086] 6451.809
a_listing[1087] 6428.795
a_listing[1088] 5878.636
a_listing[1089] 6781.859
a_listing[1090] 7008.611
a_listing[1091] 6918.583
a_listing[1092] 6416.198
a_listing[1093] 7292.230
a_listing[1094] 6092.996
a_listing[1095] 6637.501
a_listing[1096] 6913.953
a_listing[1097] 7995.018
a_listing[1098] 7548.337
a_listing[1099] 6167.440
a_listing[1100] 6908.200
a_listing[1101] 6281.360
a_listing[1102] 5555.344
a_listing[1103] 6126.619
a_listing[1104] 6078.256
a_listing[1105] 6301.764
a_listing[1106] 6662.324
a_listing[1107] 6918.271
a_listing[1108] 6541.866
a_listing[1109] 5848.040
a_listing[1110] 6512.812
a_listing[1111] 5872.692
a_listing[1112] 6703.908
a_listing[1113] 6638.730
a_listing[1114] 5767.357
a_listing[1115] 6801.416
a_listing[1116] 7000.508
a_listing[1117] 6991.159
a_listing[1118] 5919.434
a_listing[1119] 6285.178
a_listing[1120] 5515.628
a_listing[1121] 6323.527
a_listing[1122] 5294.972
a_listing[1123] 6109.854
a_listing[1124] 8364.983
a_listing[1125] 6300.835
a_listing[1126] 6728.016
a_listing[1127] 6949.530
a_listing[1128] 6839.065
a_listing[1129] 7023.027
a_listing[1130] 6404.423
a_listing[1131] 5931.995
a_listing[1132] 7207.855
a_listing[1133] 6509.177
a_listing[1134] 7808.016
a_listing[1135] 6231.140
a_listing[1136] 5420.398
a_listing[1137] 5954.005
a_listing[1138] 6134.841
a_listing[1139] 6201.045
a_listing[1140] 6185.586
a_listing[1141] 6077.712
a_listing[1142] 6802.196
a_listing[1143] 6560.884
a_listing[1144] 6513.756
a_listing[1145] 6237.365
a_listing[1146] 5222.209
a_listing[1147] 7007.935
a_listing[1148] 5958.551
a_listing[1149] 6994.035
a_listing[1150] 7362.223
a_listing[1151] 7038.843
a_listing[1152] 5880.030
a_listing[1153] 7263.627
a_listing[1154] 6528.300
a_listing[1155] 5999.007
a_listing[1156] 7361.105
a_listing[1157] 7883.631
a_listing[1158] 4971.983
a_listing[1159] 6572.040
a_listing[1160] 6088.654
a_listing[1161] 5580.572
a_listing[1162] 6529.639
a_listing[1163] 7876.957
a_listing[1164] 6483.128
a_listing[1165] 6822.138
a_listing[1166] 5930.401
a_listing[1167] 6642.220
a_listing[1168] 7182.477
a_listing[1169] 5931.422
a_listing[1170] 7258.154
a_listing[1171] 7155.622
a_listing[1172] 6091.554
a_listing[1173] 6651.706
a_listing[1174] 6473.066
a_listing[1175] 6519.586
a_listing[1176] 6221.336
a_listing[1177] 6777.318
a_listing[1178] 7328.171
a_listing[1179] 6846.059
a_listing[1180] 7923.280
a_listing[1181] 5753.747
a_listing[1182] 6859.107
a_listing[1183] 6481.178
a_listing[1184] 7336.446
a_listing[1185] 6323.958
a_listing[1186] 8228.818
a_listing[1187] 7117.422
a_listing[1188] 6918.055
a_listing[1189] 6151.895
a_listing[1190] 5728.733
a_listing[1191] 6627.470
a_listing[1192] 7656.160
a_listing[1193] 5894.027
a_listing[1194] 6620.441
a_listing[1195] 7228.527
a_listing[1196] 6157.140
a_listing[1197] 6800.044
a_listing[1198] 5016.543
a_listing[1199] 7426.743
a_listing[1200] 6194.357
