                        mean         sd         5.5%       94.5%      rhat
z_listing[1]    -0.601264003 0.96145840 -2.106254960  0.92109964 1.0023867
z_listing[2]     0.153606701 0.95355201 -1.362165051  1.66517674 1.0018461
z_listing[3]     0.423119052 0.89045849 -0.989420733  1.90067693 0.9996459
z_listing[4]     0.097399402 0.98741887 -1.499591944  1.68154630 1.0011184
z_listing[5]    -0.410484614 0.91913937 -1.851547521  1.08309884 1.0033287
z_listing[6]     0.501045762 0.84256745 -0.812940723  1.84183816 0.9998070
z_listing[7]     0.837735979 0.78640154 -0.345912620  2.15466365 1.0009819
z_listing[8]     0.813549651 0.63510355 -0.149039283  1.85921672 1.0017625
z_listing[9]    -0.597004120 0.96476358 -2.125227488  0.96975030 1.0029549
z_listing[10]    0.349320598 0.91396813 -1.083872603  1.86957653 1.0021205
z_listing[11]    0.114835953 0.80718618 -1.133949654  1.41478281 1.0008924
z_listing[12]   -0.154208532 0.85743936 -1.478998187  1.26056394 1.0016064
z_listing[13]    0.093724481 0.97038907 -1.447135837  1.63436598 1.0000473
z_listing[14]    0.659523982 0.83147610 -0.623336474  2.04382321 1.0013354
z_listing[15]    0.739273934 0.67139518 -0.294077731  1.82343845 1.0003546
z_listing[16]    0.263982922 0.71602255 -0.844267766  1.43712606 1.0020224
z_listing[17]   -0.531403372 0.82182561 -1.815486984  0.82451619 1.0020923
z_listing[18]   -0.769124977 0.70878224 -1.869259985  0.38551960 1.0000900
z_listing[19]    0.060257388 0.83791673 -1.286728616  1.40546016 1.0012201
z_listing[20]   -0.728103552 0.64969332 -1.731907647  0.34307487 1.0016648
z_listing[21]   -1.725351456 0.40934533 -2.365822002 -1.06095748 1.0000933
z_listing[22]    0.604136243 0.84500670 -0.703546980  1.97794114 1.0006335
z_listing[23]   -0.285306171 0.87290029 -1.682894434  1.14766431 1.0004583
z_listing[24]    0.208726783 0.96674433 -1.310675587  1.80003460 1.0011733
z_listing[25]    0.869957019 0.71314875 -0.215820116  2.05127074 0.9998589
z_listing[26]    0.917226204 0.65474843 -0.096083747  2.01116120 1.0000495
z_listing[27]    1.084491174 0.60266906  0.174827119  2.08700038 1.0022479
z_listing[28]    1.245170401 0.74357998  0.119570429  2.50175999 1.0007407
z_listing[29]   -1.086095542 0.76358202 -2.279719394  0.16088749 1.0009702
z_listing[30]   -1.155514339 0.64015084 -2.140550571 -0.12647650 1.0003984
z_listing[31]   -0.585125830 0.62518051 -1.562682444  0.43028978 1.0004240
z_listing[32]    0.163449537 0.96176822 -1.351696837  1.72384841 1.0009720
z_listing[33]   -0.094413422 0.82413993 -1.389812854  1.25513202 0.9996159
z_listing[34]    0.499843130 0.65237562 -0.500305687  1.59853490 1.0013981
z_listing[35]    0.109941819 0.79675083 -1.124714257  1.43281706 1.0006487
z_listing[36]    0.524122155 0.74553555 -0.637520542  1.74126175 1.0003379
z_listing[37]   -0.212193788 0.87735149 -1.584299324  1.22586055 0.9997589
z_listing[38]    0.083089112 0.96435734 -1.445161365  1.62245151 1.0006868
z_listing[39]   -1.467589164 0.56680056 -2.358937927 -0.54503123 0.9998127
z_listing[40]    0.423488500 0.65122200 -0.594343734  1.49680542 1.0006928
z_listing[41]    0.071171868 0.81810503 -1.191022869  1.41689641 1.0002813
z_listing[42]    0.056283530 0.71193930 -1.052344241  1.22352681 1.0026493
z_listing[43]   -1.106579776 0.30453598 -1.605310413 -0.60945502 1.0025808
z_listing[44]    0.927659221 0.79201398 -0.288443987  2.26164541 1.0035978
z_listing[45]   -0.754836056 0.65388680 -1.771241909  0.33948350 1.0000365
z_listing[46]    0.155819562 0.92708222 -1.313729881  1.64758075 1.0050148
z_listing[47]   -0.860954046 0.87400620 -2.225911402  0.55800381 1.0030584
z_listing[48]    0.078684458 1.00451040 -1.514023668  1.69426583 1.0006948
z_listing[49]    0.398075253 0.85166444 -0.945552125  1.77129744 1.0023548
z_listing[50]    0.537526291 0.65233171 -0.471113347  1.61592896 1.0016911
z_listing[51]    0.270681545 0.93121226 -1.192771211  1.78261276 1.0041672
z_listing[52]   -0.252556769 0.75991426 -1.406775337  1.01045301 1.0028371
z_listing[53]   -1.162829198 0.51452503 -1.948877643 -0.32415507 1.0003742
z_listing[54]   -0.194573603 0.83925853 -1.545579844  1.19455523 1.0013128
z_listing[55]    0.754375663 0.81433348 -0.509361000  2.08750004 1.0052304
z_listing[56]    0.432258549 0.89690330 -0.963343129  1.88166364 1.0008130
z_listing[57]   -0.229302249 0.88818541 -1.608377870  1.19655680 1.0018949
z_listing[58]   -0.086148658 0.84009888 -1.413422074  1.26626448 1.0004379
z_listing[59]   -0.426458916 0.93029302 -1.913543265  1.06815153 1.0038815
z_listing[60]   -0.414289510 0.92563968 -1.858841219  1.05723026 1.0015352
z_listing[61]   -0.157240902 0.87190317 -1.506532976  1.26081930 1.0040114
z_listing[62]    0.012768282 0.84177886 -1.303200811  1.39071742 1.0012321
z_listing[63]    0.105935915 0.96769174 -1.455009909  1.67926886 1.0008216
z_listing[64]   -1.970890343 0.24774378 -2.370582725 -1.57810733 1.0019821
z_listing[65]    0.528736810 0.52192471 -0.271836319  1.40589191 1.0025357
z_listing[66]    0.627080232 0.58435039 -0.268077873  1.59696633 0.9999240
z_listing[67]   -1.981251647 0.24784191 -2.381646251 -1.59788186 1.0011481
z_listing[68]    0.638648794 0.71995393 -0.472460015  1.84090812 1.0018088
z_listing[69]    0.658202002 0.80955446 -0.589140609  1.95753903 1.0009650
z_listing[70]    0.163863386 0.96323394 -1.366977524  1.73631695 1.0010616
z_listing[71]    0.104164489 0.95324310 -1.387552410  1.59712269 1.0007446
z_listing[72]   -0.471156422 0.80357155 -1.712207729  0.85472060 1.0019417
z_listing[73]   -0.293236679 0.90958238 -1.724804681  1.17676086 1.0025082
z_listing[74]    0.592069776 0.86146575 -0.788096219  1.99725505 1.0005685
z_listing[75]    0.102414779 0.96791156 -1.409234111  1.63099198 1.0000213
z_listing[76]    0.321403993 0.91585546 -1.129363332  1.80684124 0.9998688
z_listing[77]    0.420358477 0.93065242 -1.008296540  1.94476631 1.0012116
z_listing[78]   -0.589011127 0.94620409 -2.086613894  0.90106884 1.0014332
z_listing[79]    0.666313458 0.73818352 -0.443565949  1.92390192 1.0040132
z_listing[80]    0.200211822 0.95148168 -1.334546429  1.70944160 1.0028133
z_listing[81]   -0.985215324 0.69010682 -2.034649941  0.13654580 0.9998985
z_listing[82]   -0.501448369 0.92220955 -1.956500271  0.99845525 1.0005364
z_listing[83]    0.557762996 0.90668367 -0.886998569  2.02792065 1.0007081
z_listing[84]   -0.504846337 0.93609652 -1.976249763  1.00145776 1.0020327
z_listing[85]    0.094206848 0.69074114 -0.983688837  1.22641546 1.0003396
z_listing[86]    0.076078160 0.95933262 -1.471752089  1.57795448 1.0026254
z_listing[87]    0.691697319 0.83769424 -0.614254331  2.07772119 1.0013792
z_listing[88]    0.255129171 0.95235010 -1.222897760  1.82091842 1.0021877
z_listing[89]   -1.130615614 0.94133381 -2.631381966  0.38767742 1.0037384
z_listing[90]   -0.588928915 0.95184376 -2.087113602  0.95281599 1.0026377
z_listing[91]    0.166911268 0.96294196 -1.345267442  1.72679183 1.0055118
z_listing[92]    0.141588083 0.92240469 -1.320341595  1.62148172 1.0001386
z_listing[93]    0.617319314 0.72123300 -0.479017932  1.81636065 1.0017851
z_listing[94]    0.637546278 0.86125222 -0.659019826  2.03945284 1.0008899
z_listing[95]    0.061961099 0.63441529 -0.911838506  1.10478898 1.0005545
z_listing[96]    0.873103017 0.68841400 -0.186437866  2.00337604 1.0022986
z_listing[97]    0.176979598 0.93984664 -1.316557780  1.70874672 1.0008259
z_listing[98]    0.115846648 0.61547664 -0.825910382  1.14607466 1.0012029
z_listing[99]    0.086343241 0.97504428 -1.462924449  1.64042216 1.0004236
z_listing[100]   0.208236679 0.93410653 -1.251773203  1.73792742 0.9997254
z_listing[101]  -0.403486502 0.95876936 -1.892173901  1.12388796 1.0004305
z_listing[102]   1.337133842 0.69552974  0.296235758  2.45450971 0.9995981
z_listing[103]  -1.126087678 0.92632051 -2.587943545  0.40423166 1.0002730
z_listing[104]  -0.871521935 0.52057433 -1.663382754 -0.01677060 1.0013466
z_listing[105]   0.756824463 0.80653689 -0.502057053  2.08597265 1.0006489
z_listing[106]   0.412150051 0.47336982 -0.312304976  1.17897648 1.0002526
z_listing[107]  -0.171081035 0.47969936 -0.922482184  0.63131930 1.0029468
z_listing[108]   0.160946560 0.94742264 -1.336001925  1.71387929 1.0022714
z_listing[109]   0.077845310 0.96166044 -1.472416084  1.63550894 1.0021077
z_listing[110]   0.426227035 0.87904548 -0.967750450  1.84066281 1.0021460
z_listing[111]   0.656663668 0.80981358 -0.634283128  1.96973060 1.0012441
z_listing[112]   0.609877340 0.84350502 -0.727335679  1.99930413 1.0009855
z_listing[113]   0.507516184 0.56687548 -0.374880053  1.43994897 1.0018705
z_listing[114]  -0.249092048 0.88612097 -1.646204398  1.15166063 1.0015558
z_listing[115]   0.392483503 0.89220633 -0.988908367  1.82815111 0.9997521
z_listing[116]   0.401000624 0.90354925 -1.036308176  1.84326584 0.9997639
z_listing[117]  -0.617575539 0.56781264 -1.472229688  0.31989818 1.0007657
z_listing[118]   0.103233849 0.99018102 -1.486187174  1.69248875 1.0035631
z_listing[119]   0.084585480 0.96053323 -1.414149116  1.61512376 1.0039167
z_listing[120]  -0.804993474 0.84769301 -2.140989224  0.55977290 1.0013089
z_listing[121]  -0.158838825 0.86084910 -1.525197261  1.23875534 1.0007926
z_listing[122]   0.509742994 0.84964502 -0.830206896  1.87008381 1.0011344
z_listing[123]   0.483293394 0.76938350 -0.692035758  1.79810115 1.0030282
z_listing[124]   0.160194378 0.93859951 -1.351427158  1.65740140 1.0000996
z_listing[125]   0.642187327 0.84800068 -0.678487849  2.07948594 1.0007150
z_listing[126]   0.370148005 0.66653042 -0.678192466  1.48020901 1.0016620
z_listing[127]  -0.579965153 0.97071706 -2.107493611  0.95940157 1.0007571
z_listing[128]  -0.348485427 0.61366731 -1.300478815  0.66791601 1.0023210
z_listing[129]   0.144465295 0.92131741 -1.297426927  1.61048635 1.0007184
z_listing[130]   0.149420712 0.69556757 -0.895402586  1.31970122 0.9995992
z_listing[131]  -0.062388945 0.47055761 -0.794462964  0.70725090 1.0013248
z_listing[132]  -0.311177429 0.73319406 -1.453841858  0.89562004 1.0001203
z_listing[133]   0.224566275 0.93963577 -1.262031233  1.71119401 1.0022924
z_listing[134]  -0.579369630 1.01185105 -2.223524736  1.00429385 1.0020713
z_listing[135]  -1.299024477 0.38237709 -1.903808853 -0.67254912 1.0003780
z_listing[136]   0.363802260 0.90008102 -1.033885788  1.82265037 1.0022316
z_listing[137]   0.167035238 0.96495916 -1.389823597  1.70945709 1.0007158
z_listing[138]  -0.621291979 0.47434662 -1.352485977  0.15886864 1.0044275
z_listing[139]  -0.501773002 0.77107260 -1.645474032  0.75023328 1.0014186
z_listing[140]   0.285402837 0.76660853 -0.902489799  1.54630909 1.0015535
z_listing[141]   0.184426523 0.93208474 -1.322914311  1.69550611 1.0037903
z_listing[142]  -0.188645855 0.74676568 -1.344257749  1.04771621 1.0021507
z_listing[143]  -0.295842271 0.88991511 -1.688279927  1.12136078 1.0000791
z_listing[144]   0.079811983 0.70460520 -0.995235441  1.26465391 1.0054199
z_listing[145]  -0.949432912 0.86431768 -2.305720697  0.44869788 1.0007422
z_listing[146]  -0.305923348 0.89036973 -1.688186506  1.13245495 0.9999390
z_listing[147]   0.080498956 0.97796823 -1.484119526  1.67732295 1.0026149
z_listing[148]   0.088396837 0.95550738 -1.415092049  1.61960599 1.0014564
z_listing[149]   0.092035686 0.99208057 -1.494822598  1.69860300 1.0005418
z_listing[150]  -0.546057808 0.81302723 -1.799396864  0.80019478 1.0008955
z_listing[151]   0.108237963 0.69305518 -0.971386070  1.27189255 1.0006664
z_listing[152]   0.283431109 0.78615184 -0.937459102  1.55317182 1.0016771
z_listing[153]  -0.579890331 0.97345410 -2.148321544  0.95576098 1.0025053
z_listing[154]   0.364232828 0.76653232 -0.825778567  1.60869649 1.0003527
z_listing[155]  -0.507050676 0.97452955 -2.064269462  1.02976915 1.0035405
z_listing[156]   0.305064163 0.92180559 -1.156938225  1.82054936 1.0026937
z_listing[157]   0.151757292 0.94024593 -1.325056525  1.66526690 1.0003884
z_listing[158]   0.327995426 0.90736981 -1.099995937  1.82433964 0.9998441
z_listing[159]   0.124129819 0.79268985 -1.096166566  1.42033313 1.0003650
z_listing[160]  -0.656076362 0.51164014 -1.439459928  0.17753399 1.0022728
z_listing[161]   0.670172945 0.74639898 -0.465753792  1.90548049 1.0022539
z_listing[162]  -0.232083289 0.65146597 -1.232785941  0.84075196 1.0019506
z_listing[163]   0.098871659 0.95409703 -1.407926560  1.64989910 1.0007145
z_listing[164]   0.076991075 0.94397653 -1.451273549  1.58960355 1.0018629
z_listing[165]  -0.422459446 0.92584744 -1.858739051  1.05387274 1.0012167
z_listing[166]  -0.803349790 0.83365237 -2.123340433  0.56589061 1.0011396
z_listing[167]  -1.157887843 0.53680335 -2.009789199 -0.27758044 1.0011176
z_listing[168]  -1.026559686 0.90067771 -2.474368021  0.42873868 1.0008344
z_listing[169]   0.094752011 0.98685191 -1.473620590  1.67326126 0.9998689
z_listing[170]  -0.305076329 0.90033633 -1.739700440  1.15032755 1.0003936
z_listing[171]  -0.225176411 0.52686648 -1.028768231  0.66526677 1.0018677
z_listing[172]  -0.588596689 0.97381475 -2.120562204  0.96753382 1.0006669
z_listing[173]  -0.584679344 0.94401658 -2.066445583  0.94016745 1.0012034
z_listing[174]  -0.596017549 0.96672610 -2.111088970  0.95639866 1.0002225
z_listing[175]  -0.583024042 0.96245648 -2.120176579  0.95527989 1.0014655
z_listing[176]   0.091580738 0.97345969 -1.440430861  1.64818310 1.0041633
z_listing[177]   0.732850899 0.81826673 -0.533150914  2.09883800 1.0012736
z_listing[178]   0.103205230 0.96116892 -1.406854194  1.61674010 1.0039840
z_listing[179]  -0.620577389 0.95414988 -2.124540128  0.90227488 1.0015180
z_listing[180]   0.084385969 0.97036735 -1.465677225  1.66497474 1.0015807
z_listing[181]  -0.593911213 0.99011689 -2.159682856  0.99204602 0.9993606
z_listing[182]   0.154872776 0.95713548 -1.359384286  1.73280328 1.0005131
z_listing[183]  -0.099613274 0.73125997 -1.236874792  1.09744782 1.0030064
z_listing[184]   0.486823037 0.86987181 -0.872052063  1.92606478 1.0010235
z_listing[185]  -0.274031804 0.60527489 -1.196507393  0.72943321 1.0033636
z_listing[186]   0.107091886 0.95791809 -1.411585712  1.66932733 1.0008449
z_listing[187]   0.079842317 0.95309494 -1.407089749  1.59812613 1.0005328
z_listing[188]   0.108398752 0.96347554 -1.438446703  1.64299387 1.0030772
z_listing[189]   0.507014964 0.88273920 -0.836123303  1.95413454 1.0007099
z_listing[190]   0.142183834 0.95608568 -1.371537739  1.70670129 0.9994527
z_listing[191]   0.592942260 0.70771482 -0.503751046  1.76411354 1.0005608
z_listing[192]   0.528795068 0.88119849 -0.858880957  1.92498254 1.0008208
z_listing[193]   0.908260409 0.80933610 -0.320883381  2.24270041 1.0003603
z_listing[194]   0.286848124 0.94875541 -1.232961148  1.81734851 0.9997088
z_listing[195]   0.199286579 0.90885761 -1.297799521  1.68013327 1.0049275
z_listing[196]   0.078230517 0.79979371 -1.162518168  1.42925515 1.0023665
z_listing[197]   0.092214391 0.98590122 -1.490506339  1.69386249 1.0029813
z_listing[198]   0.286929260 0.92127119 -1.114733130  1.83139951 1.0015032
z_listing[199]  -0.193939438 0.86458412 -1.530592254  1.18608671 1.0005684
z_listing[200]   0.019116145 0.82863015 -1.238811199  1.36234399 0.9996784
z_listing[201]  -0.358400883 0.90837836 -1.794105831  1.13760835 1.0006954
z_listing[202]   0.287846245 0.79324249 -0.932194532  1.59283227 1.0016534
z_listing[203]   0.151916810 0.93695409 -1.341552159  1.67868105 0.9997944
z_listing[204]  -0.261259543 0.87332765 -1.651866936  1.14473146 1.0012248
z_listing[205]   0.087060600 0.97656868 -1.511491646  1.63826437 1.0015118
z_listing[206]   0.083388444 0.96117928 -1.446932171  1.61721474 1.0015052
z_listing[207]   0.218628622 0.95258462 -1.284505381  1.71872184 1.0001041
z_listing[208]   0.871659823 0.80297572 -0.363964481  2.22526108 1.0026868
z_listing[209]   0.649775368 0.84084891 -0.660232505  2.04628295 1.0032489
z_listing[210]   0.093382043 0.97962146 -1.472726327  1.65943236 1.0025761
z_listing[211]   0.584286661 0.84979987 -0.739284943  1.99445548 1.0001103
z_listing[212]  -0.456247260 0.79465935 -1.682293709  0.87417248 1.0003374
z_listing[213]  -1.216663410 0.44540097 -1.913034119 -0.48836442 1.0000364
z_listing[214]   0.094119446 0.99223219 -1.525173255  1.73928153 1.0012635
z_listing[215]   0.212643009 0.91772784 -1.236363143  1.68691446 1.0030319
z_listing[216]  -1.441053973 0.66200692 -2.438165250 -0.35430469 1.0040296
z_listing[217]   0.089887387 0.94282586 -1.435200444  1.58386087 1.0005458
z_listing[218]  -1.672627968 0.57689954 -2.556150066 -0.73797180 0.9997303
z_listing[219]   0.112312872 0.96198206 -1.423383755  1.64820942 1.0006444
z_listing[220]  -1.049766248 0.90651844 -2.487411787  0.41606515 1.0008596
z_listing[221]  -0.224350852 0.85691396 -1.550284458  1.14468358 1.0017635
z_listing[222]  -0.812903466 0.54676526 -1.651478952  0.05154056 1.0003585
z_listing[223]   0.074607886 0.97942852 -1.488466792  1.66388764 1.0016322
z_listing[224]   0.097197203 0.94850258 -1.416307655  1.61358817 1.0007936
z_listing[225]   0.616608148 0.84125111 -0.689692511  1.99907980 1.0014069
z_listing[226]  -0.013196892 0.82501052 -1.317589567  1.31746786 1.0005182
z_listing[227]  -0.362950849 0.89353112 -1.764681383  1.08227640 1.0008122
z_listing[228]   0.114352865 0.51838492 -0.687969754  0.98675282 1.0019974
z_listing[229]   0.331075007 0.92085134 -1.119778461  1.84626469 1.0013663
z_listing[230]  -0.066190088 0.82287219 -1.317467827  1.28360580 0.9997107
z_listing[231]  -1.710917119 0.35300377 -2.269629434 -1.14001851 1.0006244
z_listing[232]  -1.086144348 0.57861597 -1.987378743 -0.14572957 0.9996090
z_listing[233]   0.211453938 0.78191812 -1.027753673  1.49282903 0.9999084
z_listing[234]   0.362148564 0.89059910 -1.029405969  1.80066613 1.0006829
z_listing[235]   0.094347554 0.97911214 -1.448507020  1.66596839 1.0013285
z_listing[236]  -0.073440535 0.83522677 -1.351762390  1.26007469 1.0000598
z_listing[237]   0.283682204 0.93053009 -1.183394961  1.79989356 1.0002479
z_listing[238]   0.792917389 0.81947932 -0.463408681  2.15932180 1.0000858
z_listing[239]   0.082008402 0.98825806 -1.487709463  1.64218958 1.0010824
z_listing[240]   0.406674524 0.86319982 -0.959955666  1.82177921 1.0009577
z_listing[241]   0.110099436 0.69579748 -0.989468829  1.24890833 0.9999055
z_listing[242]   0.287071812 0.92256014 -1.134291630  1.78299866 0.9997918
z_listing[243]  -0.444240242 0.93293365 -1.904185620  1.07629338 1.0006703
z_listing[244]   0.077612101 0.96833852 -1.461905511  1.64530224 1.0027600
z_listing[245]   0.151449544 0.94756571 -1.342704708  1.64864213 1.0002150
z_listing[246]  -0.039938958 0.63987781 -1.009517171  1.03234590 1.0018435
z_listing[247]   0.390344457 0.89987177 -1.010696623  1.81114201 1.0015691
z_listing[248]   0.257784566 0.91842380 -1.192106124  1.72260187 1.0002583
z_listing[249]  -0.279611939 0.75346621 -1.442688696  0.93239127 1.0018212
z_listing[250]   0.085542393 0.80120783 -1.153845310  1.36677465 1.0003562
z_listing[251]   0.476422130 0.87561473 -0.894585249  1.86434673 0.9997784
z_listing[252]   0.243236081 0.93719345 -1.244287797  1.75946387 0.9998474
z_listing[253]  -0.513371947 0.94037550 -1.960626755  0.99652306 1.0002082
z_listing[254]   0.090093890 0.97237457 -1.440878725  1.65850685 1.0017727
z_listing[255]  -1.619071028 0.86832514 -3.009916262 -0.23550469 1.0003226
z_listing[256]   0.399043153 0.89001769 -0.983943940  1.83681586 1.0039685
z_listing[257]  -0.251656050 0.76964157 -1.450352721  1.04903630 1.0010657
z_listing[258]   0.219908235 0.91258775 -1.204826350  1.69887394 0.9999469
z_listing[259]   0.168520801 0.93221089 -1.335595102  1.63401076 1.0010739
z_listing[260]   0.103999656 0.96249613 -1.415916753  1.64031975 1.0000147
z_listing[261]   0.443041676 0.89597308 -0.974169184  1.89543190 1.0008756
z_listing[262]  -0.463438625 0.78083980 -1.673327353  0.82584434 1.0002627
z_listing[263]   0.606494789 0.71040163 -0.500405813  1.74621713 1.0003472
z_listing[264]   0.531238077 0.71610337 -0.564386366  1.71163176 1.0018695
z_listing[265]   0.482563937 0.85572116 -0.851267732  1.88952888 1.0025730
z_listing[266]  -0.004340691 0.84237470 -1.293265558  1.38245902 1.0018578
z_listing[267]   0.078084326 0.97376133 -1.434320868  1.62501719 1.0000597
z_listing[268]   0.252837374 0.91844789 -1.184628073  1.71388853 0.9997561
z_listing[269]   0.348445547 0.89750421 -1.078795159  1.79866863 1.0027374
z_listing[270]  -0.505984679 0.93560420 -1.967513505  0.98187631 0.9999608
z_listing[271]  -0.958030011 0.76648239 -2.160422253  0.28315097 1.0005152
z_listing[272]  -0.416261404 0.92280408 -1.912331958  1.04845844 1.0002659
z_listing[273]  -0.509631802 0.92218766 -1.967995084  0.97788046 1.0011496
z_listing[274]   0.578456318 0.88519609 -0.794359118  2.02534036 1.0013436
z_listing[275]   0.219326281 0.97559796 -1.348447359  1.77034418 1.0041920
z_listing[276]   0.865865845 0.77877800 -0.324648393  2.12694852 0.9998807
z_listing[277]   0.819943320 0.81170790 -0.442096185  2.14648781 1.0010442
z_listing[278]  -0.427801165 0.90615250 -1.860558826  1.01935476 1.0001964
z_listing[279]  -0.522716212 0.95834523 -2.056691844  0.99369822 1.0023842
z_listing[280]   0.099936633 0.99120096 -1.470548234  1.70884260 1.0026474
z_listing[281]   1.394515889 0.51124369  0.599479103  2.23073525 1.0011144
z_listing[282]  -0.587205257 0.81422353 -1.870835794  0.76282023 1.0034877
z_listing[283]  -0.580212004 0.96106381 -2.114506247  0.98725247 1.0030464
z_listing[284]  -0.289320494 0.91048782 -1.710563965  1.17924209 1.0010335
z_listing[285]  -1.564823216 0.25563954 -1.978591406 -1.16603475 1.0005522
z_listing[286]   0.383114430 0.89661802 -1.021236796  1.86669149 1.0018095
z_listing[287]   0.358431835 0.92846164 -1.097051462  1.88304847 1.0014093
z_listing[288]  -1.317426586 0.59686896 -2.223751080 -0.32725726 1.0004029
z_listing[289]   0.079720420 0.95669178 -1.441664712  1.63011223 1.0021488
z_listing[290]   0.477913424 0.76680325 -0.686566759  1.71561552 1.0006962
z_listing[291]  -0.842443997 0.76941904 -2.028859398  0.41032551 1.0019628
z_listing[292]   0.243292679 0.92747128 -1.211577858  1.74362229 1.0001106
z_listing[293]  -0.673480123 0.63851793 -1.641962912  0.37187429 1.0014640
z_listing[294]  -0.480126235 0.79345333 -1.709590075  0.83092827 1.0008216
z_listing[295]  -0.421805244 0.90398266 -1.827082878  1.05039090 1.0003311
z_listing[296]  -0.576624544 0.95666236 -2.088834274  0.94412794 1.0011324
z_listing[297]  -0.356802441 0.74437448 -1.526655534  0.85519839 1.0001828
z_listing[298]  -0.349284128 0.88790309 -1.739253269  1.10182987 1.0018200
z_listing[299]   0.109953505 0.99555754 -1.447099963  1.70556842 1.0031030
z_listing[300]   0.164651588 0.94288604 -1.339544768  1.67366041 1.0004900
z_listing[301]  -1.388263571 0.44736908 -2.090120136 -0.67956848 0.9998388
z_listing[302]   0.393825801 0.75390663 -0.760813569  1.66520359 1.0038231
z_listing[303]  -0.408142244 0.92254946 -1.850485270  1.06917799 1.0015684
z_listing[304]   0.147102280 0.95066204 -1.366450878  1.65726853 1.0015385
z_listing[305]   0.262496662 0.94627322 -1.215844946  1.78677592 1.0013839
z_listing[306]  -0.355553043 0.90407198 -1.798596053  1.12010785 1.0002225
z_listing[307]  -0.129545853 0.84912327 -1.434700665  1.26439575 1.0004482
z_listing[308]   0.093506792 1.00083363 -1.510815714  1.70488373 1.0008027
z_listing[309]   0.076882671 0.98525467 -1.482310966  1.61547411 1.0004396
z_listing[310]  -0.899655788 0.73147313 -2.040528590  0.29218121 1.0024158
z_listing[311]  -0.873406830 0.87396646 -2.242123550  0.60778734 1.0003088
z_listing[312]   0.108875680 0.99884290 -1.424042924  1.68907161 1.0029517
z_listing[313]   0.163647437 0.98147970 -1.401455470  1.71175851 1.0025243
z_listing[314]   0.163815669 0.97105625 -1.367905215  1.74422031 1.0012663
z_listing[315]   1.028926697 0.75155153 -0.114315301  2.27603543 1.0004862
z_listing[316]   0.549376360 0.84653407 -0.759416201  1.90838143 1.0005102
z_listing[317]   0.259021886 0.94495677 -1.252050589  1.81091231 1.0024852
z_listing[318]   0.295903902 0.79152053 -0.902637120  1.61326668 1.0019029
z_listing[319]   0.518952619 0.86459868 -0.810842856  1.91784052 1.0009056
z_listing[320]  -0.303333048 0.88689010 -1.677637473  1.15669900 1.0007873
z_listing[321]  -0.009227085 0.71204419 -1.099780399  1.18895172 1.0010031
z_listing[322]   0.785480737 0.71728315 -0.306770320  1.96358306 1.0024567
z_listing[323]   0.167701109 0.95169131 -1.303100527  1.67111980 1.0011864
z_listing[324]  -1.140141192 0.91385166 -2.588205629  0.34116367 1.0004894
z_listing[325]   0.727817336 0.80966660 -0.535056267  2.08494930 0.9999113
z_listing[326]  -0.508353837 0.93982145 -2.001295189  1.00237085 1.0003789
z_listing[327]  -0.600107417 0.98297073 -2.142123592  1.00628218 1.0022437
z_listing[328]  -0.473513266 0.93564982 -1.943569816  1.03571927 1.0014187
z_listing[329]  -1.035584141 0.88209049 -2.439959851  0.38510670 0.9998602
z_listing[330]  -1.130777849 0.63288204 -2.084023565 -0.08777194 1.0012310
z_listing[331]  -0.896524574 0.67889312 -1.948619778  0.21031008 1.0017309
z_listing[332]  -0.398131593 0.76780826 -1.595900197  0.86302455 1.0014562
z_listing[333]   0.098440241 0.97127124 -1.495891605  1.64693864 1.0017210
z_listing[334]  -0.492734488 0.93353451 -1.986698721  1.02888281 1.0024074
z_listing[335]  -1.021029583 0.90814286 -2.438103918  0.47362371 1.0013142
z_listing[336]  -1.022513974 0.91659637 -2.448756284  0.46474643 1.0014273
z_listing[337]  -0.438857710 0.92679868 -1.908777855  1.05742250 1.0035238
z_listing[338]  -0.686661722 0.80256607 -1.944250935  0.64696433 1.0009830
z_listing[339]   0.150316451 0.93675643 -1.317870966  1.67196214 1.0005782
z_listing[340]   0.334269292 0.90281506 -1.055530304  1.81752392 1.0018505
z_listing[341]  -0.419330916 0.87657505 -1.796797716  1.04447723 1.0012317
z_listing[342]   0.341295041 0.87749384 -1.044946704  1.76724216 1.0024459
z_listing[343]  -0.601791120 0.69588735 -1.639914965  0.53525845 1.0011067
z_listing[344]  -0.987583527 0.79259693 -2.205583468  0.28323504 1.0020414
z_listing[345]   0.409208789 0.88006363 -1.004240341  1.80902125 1.0019179
z_listing[346]   0.220400119 0.93984551 -1.269593016  1.73345587 1.0008159
z_listing[347]   0.385981791 0.90522460 -1.044708773  1.87126708 1.0002529
z_listing[348]   0.221771707 0.98017027 -1.349183803  1.81532494 1.0005235
z_listing[349]   0.440649912 0.89619477 -0.995032693  1.87001922 1.0016336
z_listing[350]  -0.044406452 0.84313253 -1.359838338  1.32885981 1.0052937
z_listing[351]   0.214684661 0.92427914 -1.256695287  1.71528056 1.0017615
z_listing[352]   0.203170638 0.96295700 -1.314120877  1.78915079 1.0003327
z_listing[353]   0.098425753 0.98906009 -1.487712951  1.69366339 1.0007502
z_listing[354]   0.254404005 0.94064959 -1.225940567  1.77272375 1.0002823
z_listing[355]   0.647425582 0.70626110 -0.436885440  1.79769223 1.0008291
z_listing[356]  -0.019389495 0.56376250 -0.902666209  0.92494437 1.0019836
z_listing[357]   0.160285715 0.97416583 -1.383563730  1.71835173 1.0006446
z_listing[358]  -0.310169876 0.91599384 -1.746734392  1.20285293 1.0015366
z_listing[359]  -0.976849721 0.77191048 -2.176690981  0.27922440 1.0007031
z_listing[360]   0.829247197 0.80325970 -0.406898054  2.14038889 1.0038935
z_listing[361]   0.159268001 0.94126016 -1.365752214  1.72292472 1.0012586
z_listing[362]  -0.101533076 0.84566928 -1.436180194  1.26096466 1.0011593
z_listing[363]  -0.198224822 0.87440043 -1.584847886  1.20582881 0.9992813
z_listing[364]   0.320695898 0.92039227 -1.128851366  1.79067150 1.0017107
z_listing[365]  -0.031972223 0.71192522 -1.111630400  1.13249244 1.0013176
z_listing[366]  -1.222837776 0.54653271 -2.045610733 -0.30692625 1.0000794
z_listing[367]   0.207432044 0.93918526 -1.276133307  1.72871310 1.0014811
z_listing[368]   0.345892535 0.89216544 -1.031687228  1.80206319 1.0027453
z_listing[369]   0.183165427 0.96797240 -1.348124489  1.73046672 1.0045089
z_listing[370]   0.152735738 0.96030578 -1.366366998  1.72491141 1.0031560
z_listing[371]   0.420553492 0.60395794 -0.503871421  1.41021947 1.0002321
z_listing[372]   0.302396507 0.92096552 -1.150490689  1.75902236 1.0011073
z_listing[373]  -0.020735293 0.84153022 -1.319149965  1.31830260 1.0017552
z_listing[374]  -0.566268669 0.58695157 -1.463141731  0.43036229 1.0007474
z_listing[375]  -0.919476187 0.53516180 -1.747009664 -0.04400748 1.0012496
z_listing[376]  -0.944075887 0.90019118 -2.331989397  0.49334839 1.0036492
z_listing[377]   0.625767213 0.83539355 -0.652254158  2.02393069 1.0009442
z_listing[378]   1.514067022 0.53977075  0.692074702  2.43328037 1.0021311
z_listing[379]  -0.534884875 0.72131412 -1.664120117  0.66708308 1.0013601
z_listing[380]   0.206400776 0.77901443 -1.008308542  1.49146359 0.9997371
z_listing[381]   1.460162035 0.53743371  0.643743217  2.35879143 1.0020867
z_listing[382]   0.218130918 0.92487789 -1.230650991  1.71197562 1.0005693
z_listing[383]  -0.579490375 0.80804181 -1.837332825  0.74657947 0.9997927
z_listing[384]   0.005335596 0.81228438 -1.244894779  1.32180311 1.0021682
z_listing[385]  -0.500064446 0.93631183 -2.007060552  1.01965876 1.0003010
z_listing[386]  -0.517547053 0.93274903 -1.962441591  1.01032856 1.0024673
z_listing[387]  -1.456393498 0.73649662 -2.614368762 -0.27152794 1.0001984
z_listing[388]   0.249083439 0.87771685 -1.149919791  1.64346797 1.0024461
z_listing[389]   0.260719369 0.93614914 -1.242690057  1.78768836 1.0009444
z_listing[390]  -0.392306771 0.78574497 -1.611487239  0.92168003 1.0005441
z_listing[391]   0.221243630 0.79872141 -1.028500924  1.51904967 1.0001663
z_listing[392]  -0.445448135 0.68061604 -1.489628063  0.66510311 1.0018831
z_listing[393]   0.208236350 0.95645726 -1.313761130  1.74632945 1.0003514
z_listing[394]  -0.092285228 0.84080728 -1.395211400  1.27121536 1.0022203
z_listing[395]  -0.638460790 0.81721030 -1.902497354  0.68524123 0.9995694
z_listing[396]   0.083252206 0.94512734 -1.435229310  1.55716646 1.0019276
z_listing[397]  -0.417481995 0.70673241 -1.514677222  0.76225327 1.0002417
z_listing[398]   0.325398802 0.91043512 -1.095477012  1.79534577 1.0017217
z_listing[399]   0.161525300 0.95660203 -1.377713700  1.65084044 1.0004023
z_listing[400]   0.138002883 0.95466050 -1.393186103  1.69392129 1.0019617
z_listing[401]   0.156906417 0.69953150 -0.925608981  1.29664464 0.9999655
z_listing[402]  -0.367213645 0.91741418 -1.819839713  1.10182636 1.0003426
z_listing[403]   0.079470338 0.96579885 -1.459364243  1.64693222 1.0003820
z_listing[404]   0.334697774 0.91738663 -1.116991015  1.82198457 0.9997918
z_listing[405]   0.141339008 0.92789971 -1.342879492  1.64553367 1.0011647
z_listing[406]  -0.595578070 0.95950126 -2.136444036  0.94602147 1.0002219
z_listing[407]   0.226778899 0.77282349 -0.968258613  1.48792381 1.0009641
z_listing[408]   0.013530252 0.82326359 -1.250545618  1.37691920 1.0024992
z_listing[409]  -0.202141749 0.86752005 -1.542170029  1.22204571 1.0010038
z_listing[410]  -0.210191933 0.74585616 -1.360338402  1.00968815 0.9994872
z_listing[411]  -0.360044111 0.78557647 -1.578711708  0.89418603 1.0013889
z_listing[412]  -0.859590251 0.65678117 -1.853638166  0.22806991 1.0009817
z_listing[413]   0.373323812 0.90932835 -1.042278400  1.80945948 1.0009843
z_listing[414]   0.374321514 0.89792899 -1.011459977  1.85285807 1.0013692
z_listing[415]  -0.359246272 0.91389618 -1.796339820  1.13590889 0.9997519
z_listing[416]  -0.591076013 0.95882955 -2.144669912  0.93133659 1.0002413
z_listing[417]  -1.207063065 0.57409692 -2.081550971 -0.26379151 0.9999629
z_listing[418]   0.486431664 0.74516135 -0.659549066  1.70819590 1.0009182
z_listing[419]  -0.356731635 0.76083765 -1.549443328  0.89422498 1.0006386
z_listing[420]   0.259125937 0.95609713 -1.253517167  1.81475638 1.0036354
z_listing[421]  -0.183243717 0.68338946 -1.258372108  0.96258944 1.0008438
z_listing[422]  -0.062472515 0.83614009 -1.352363284  1.29670821 1.0002107
z_listing[423]  -0.163429617 0.85898865 -1.487682020  1.25535434 1.0001389
z_listing[424]  -0.644730293 0.82784441 -1.913810063  0.71525495 1.0005024
z_listing[425]   0.142183380 0.93784701 -1.328811697  1.67821564 1.0013322
z_listing[426]   0.557545292 0.85331016 -0.777109592  1.94222166 1.0005370
z_listing[427]  -0.155034278 0.71919973 -1.283590727  1.07359392 1.0006072
z_listing[428]   0.142417677 0.93918799 -1.383939012  1.64269844 1.0008505
z_listing[429]  -0.257354025 0.87831298 -1.636303459  1.14086391 1.0009885
z_listing[430]   0.029476360 0.71159262 -1.074181756  1.21837548 0.9995681
z_listing[431]   0.469118291 0.64226795 -0.507179813  1.54121172 1.0023359
z_listing[432]  -0.604893257 0.62890687 -1.586735501  0.45698652 1.0024194
z_listing[433]   0.322933781 0.67282851 -0.715836840  1.43332252 1.0001629
z_listing[434]  -0.552834784 0.70199827 -1.609323356  0.59004025 1.0012710
z_listing[435]   0.332741180 0.88575834 -1.063327596  1.74267018 0.9995849
z_listing[436]  -0.239706428 0.87400275 -1.618495613  1.18691600 1.0021287
z_listing[437]  -0.018577940 0.63580232 -1.014428789  0.99782620 1.0009189
z_listing[438]  -0.591640774 0.96683477 -2.145903764  0.98252399 0.9995669
z_listing[439]   0.151073590 0.93125576 -1.307798135  1.63548661 1.0014175
z_listing[440]   0.490749969 0.86931919 -0.855338095  1.87809851 0.9995270
z_listing[441]   0.368001030 0.90525541 -1.030555188  1.84591982 1.0015375
z_listing[442]   0.269346343 0.76796425 -0.942518519  1.52567368 1.0018553
z_listing[443]   0.147185183 0.94366870 -1.375296442  1.64829769 1.0014465
z_listing[444]  -0.119091254 0.85964517 -1.457025076  1.28078154 1.0028831
z_listing[445]  -0.362554109 0.88460399 -1.744967302  1.06437149 1.0018315
z_listing[446]  -0.558156055 0.94345950 -2.067364870  0.95914849 1.0012140
z_listing[447]  -0.306454556 0.90938929 -1.719466123  1.17366470 1.0015525
z_listing[448]   0.095470951 1.02008648 -1.504942993  1.68722314 1.0020474
z_listing[449]   0.119449419 0.95952232 -1.429491591  1.65272308 1.0037222
z_listing[450]  -0.600575991 0.94119820 -2.086042544  0.92636535 1.0005739
z_listing[451]   0.139838222 0.97040767 -1.405420624  1.66734029 1.0008899
z_listing[452]   0.154447179 0.93258482 -1.339759780  1.61835426 1.0012907
z_listing[453]   0.102140951 0.99529382 -1.455775408  1.68499291 1.0003165
z_listing[454]   0.073172983 0.98594741 -1.493654817  1.65090768 1.0018760
z_listing[455]   0.079853580 0.96487235 -1.435671732  1.60808815 0.9998984
z_listing[456]   0.064769489 0.94925702 -1.467217833  1.58097981 1.0023062
z_listing[457]   0.743927835 0.83021715 -0.561492359  2.10971578 1.0010918
z_listing[458]   0.719882724 0.82682188 -0.554659470  2.11575148 1.0020158
z_listing[459]   0.590911774 0.84298055 -0.708447258  1.99723748 1.0023947
z_listing[460]   0.563319151 0.83976966 -0.752107703  1.92999200 1.0021939
z_listing[461]   0.438820701 0.91525625 -1.009101826  1.89544148 1.0009480
z_listing[462]   0.105411856 0.95954133 -1.414647582  1.64350372 1.0028007
z_listing[463]   0.039475108 0.82760056 -1.250640795  1.41325919 1.0007193
z_listing[464]   0.113787182 0.99833806 -1.519249171  1.69690902 1.0001938
z_listing[465]   0.203710674 1.01484746 -1.403262831  1.82721989 1.0002268
z_listing[466]   0.275621901 0.92757716 -1.174345044  1.79516400 1.0048638
z_listing[467]   0.431616905 0.87558060 -0.988167741  1.84169208 1.0008177
z_listing[468]   0.387237220 0.92636401 -1.060986221  1.87663152 1.0070885
z_listing[469]   0.164029887 0.95930077 -1.348757373  1.69931613 1.0004249
z_listing[470]  -0.821215180 0.66113026 -1.869405034  0.26041462 1.0011514
z_listing[471]   0.202636184 0.91414015 -1.233212895  1.69362230 1.0023255
z_listing[472]   0.736489946 0.78906444 -0.472137029  2.03863646 1.0000882
z_listing[473]   0.120471102 0.80480230 -1.121606539  1.44335706 1.0018458
z_listing[474]  -1.494015069 0.86178096 -2.851754435 -0.12310596 0.9998665
z_listing[475]  -0.870741033 0.84731581 -2.183574059  0.49615840 1.0001394
z_listing[476]   0.537079655 0.84760816 -0.758047961  1.97623019 0.9996009
z_listing[477]   0.683958378 0.84914922 -0.619553943  2.07420470 1.0024895
z_listing[478]  -0.504009318 0.78065708 -1.733197449  0.76374295 1.0004389
z_listing[479]  -0.431517286 0.78504124 -1.674277863  0.83836123 1.0000886
z_listing[480]  -0.198939275 0.86619280 -1.558547049  1.20761511 1.0022662
z_listing[481]  -1.103992914 0.62598429 -2.068915037 -0.10036959 1.0022260
z_listing[482]   0.219998790 0.92928256 -1.257169445  1.70325028 1.0028038
z_listing[483]  -0.205006143 0.86124373 -1.556660897  1.17655001 1.0051216
z_listing[484]   0.109150313 0.96514089 -1.431406452  1.67152596 1.0003016
z_listing[485]   0.283497296 0.93903355 -1.175229220  1.81184650 1.0012346
z_listing[486]   0.361847559 0.90748064 -1.069343608  1.82343569 1.0019268
z_listing[487]   0.311675354 0.93776178 -1.144304823  1.83771335 1.0008091
z_listing[488]   0.260519789 0.95763670 -1.228532519  1.82321800 1.0007260
z_listing[489]   0.476704930 0.88238215 -0.892378924  1.84937449 1.0023912
z_listing[490]   0.443258280 0.88020346 -0.962367172  1.88883997 1.0009126
z_listing[491]   0.493668397 0.84955119 -0.838785595  1.90939305 1.0012231
z_listing[492]  -0.439065259 0.78059598 -1.632016158  0.81238516 1.0003113
z_listing[493]   0.337291454 0.90350327 -1.097246319  1.82802580 1.0009037
z_listing[494]   0.371419564 0.89255870 -1.059286066  1.83727657 1.0019442
z_listing[495]  -0.384220385 0.77379559 -1.555491226  0.89134764 1.0022282
z_listing[496]   0.483953487 0.86454147 -0.839736107  1.88059514 1.0004822
z_listing[497]   0.510176258 0.88305440 -0.868978124  1.93501916 1.0001478
z_listing[498]   0.198671324 0.94418210 -1.296957732  1.72943600 1.0008165
z_listing[499]   0.112668307 0.96979160 -1.454944874  1.66117349 1.0005214
z_listing[500]  -0.592967475 0.71823033 -1.694791485  0.61014583 1.0020403
z_listing[501]  -0.503216024 0.69947343 -1.571398484  0.63503987 0.9999061
z_listing[502]  -0.190216135 0.76293680 -1.340403471  1.06191327 1.0010201
z_listing[503]   0.251295994 0.94396544 -1.242330420  1.74815330 0.9999635
z_listing[504]  -0.152743008 0.87553397 -1.540340734  1.27430898 0.9998517
z_listing[505]   0.418016093 0.87527986 -0.962917407  1.83953425 1.0014989
z_listing[506]  -0.171160807 0.83622072 -1.469824551  1.20334778 1.0006762
z_listing[507]  -0.299880089 0.89200830 -1.717046243  1.11681844 1.0018518
z_listing[508]   0.619262703 0.83973643 -0.693203861  1.98787765 1.0021701
z_listing[509]   0.075429921 0.95485039 -1.451963045  1.61125040 1.0001794
z_listing[510]   0.079953673 0.99432881 -1.495675202  1.64255229 1.0017718
z_listing[511]   0.120056089 0.59265008 -0.767350047  1.08928109 1.0001579
z_listing[512]   0.531997279 0.87089510 -0.821920950  1.91883185 1.0002719
z_listing[513]  -0.293160097 0.88352516 -1.655249204  1.14178000 1.0013622
z_listing[514]   0.079895466 0.96066833 -1.408832156  1.59585504 1.0002307
z_listing[515]   0.545709196 0.85082882 -0.767030104  1.95541026 1.0013427
z_listing[516]  -0.577494823 0.81274127 -1.836850943  0.75627059 1.0002783
z_listing[517]  -0.444747153 0.79686432 -1.664934211  0.83623790 1.0000460
z_listing[518]  -0.153681868 0.88770730 -1.514160649  1.28045822 1.0006981
z_listing[519]   0.163435161 0.83468375 -1.154148406  1.57972450 1.0000684
z_listing[520]  -0.589309999 0.96086420 -2.129210357  0.96889421 1.0006768
z_listing[521]  -0.250828676 0.88737111 -1.636707172  1.17120178 1.0019053
z_listing[522]   0.098061050 0.97288643 -1.438896843  1.61631389 1.0024715
z_listing[523]  -0.169696269 0.84052076 -1.475197222  1.19283029 1.0009889
z_listing[524]  -0.477897366 0.75918171 -1.645660254  0.77292622 1.0034276
z_listing[525]   0.100046767 0.98307860 -1.481405766  1.66139500 1.0012019
z_listing[526]   0.545179334 0.85643542 -0.797922346  1.97040230 1.0005895
z_listing[527]   0.430621303 0.89523381 -0.957975596  1.86277357 1.0008649
z_listing[528]   0.013689027 0.79046371 -1.203939490  1.31855891 1.0007025
z_listing[529]  -0.060347035 0.84215268 -1.355940471  1.32692270 0.9998017
z_listing[530]   0.093127870 0.99634686 -1.484376479  1.67565769 1.0003669
z_listing[531]   0.190847022 0.91194148 -1.262248665  1.63678032 1.0002617
z_listing[532]   0.271876817 0.93256114 -1.223138731  1.74803033 1.0015721
z_listing[533]  -0.009631886 0.83430685 -1.311611640  1.33965936 1.0002597
z_listing[534]  -0.316602594 0.90808691 -1.733077928  1.16448917 0.9997436
z_listing[535]   0.158963831 0.94015661 -1.306972710  1.66544686 0.9997727
z_listing[536]   0.423904200 0.87719096 -0.952653028  1.84912485 1.0015533
z_listing[537]  -0.949795181 0.87454142 -2.327412064  0.44499844 1.0020454
z_listing[538]  -0.252762889 0.88232726 -1.642449551  1.18034061 1.0004654
z_listing[539]  -0.220074030 0.86476763 -1.584968146  1.15177602 1.0009579
z_listing[540]   0.083830607 0.94981010 -1.436491346  1.64690551 1.0037374
z_listing[541]  -0.600470853 0.96124351 -2.112359461  0.95465921 1.0014321
z_listing[542]   0.248747961 0.91755723 -1.192318577  1.75628892 0.9999140
z_listing[543]   0.199428537 0.98017773 -1.393815876  1.76927077 0.9998833
z_listing[544]   0.336916399 0.89123684 -1.037079901  1.80477646 1.0000392
z_listing[545]   0.241133128 0.94478080 -1.243423810  1.77929047 1.0013128
z_listing[546]   0.262825433 0.95350103 -1.276535547  1.80445296 1.0008008
z_listing[547]   0.293099168 0.90968411 -1.125572896  1.74848076 1.0028036
z_listing[548]  -0.940446407 0.83794360 -2.247989544  0.42182897 1.0027440
z_listing[549]  -0.248730779 0.85968936 -1.571653251  1.17125737 0.9999596
z_listing[550]   0.469433708 0.88146822 -0.945692957  1.87184667 1.0003290
z_listing[551]   0.104163606 0.95362408 -1.421668453  1.59056436 1.0027472
z_listing[552]  -0.697432619 0.78009270 -1.917358220  0.54771742 1.0037966
z_listing[553]   0.200217650 0.94451069 -1.304486755  1.71108249 1.0027123
z_listing[554]  -0.506911633 0.91507877 -1.957197274  0.95219435 0.9999768
z_listing[555]  -0.298934773 0.92314088 -1.777013648  1.21357336 1.0008903
z_listing[556]   0.493771413 0.84306009 -0.834435484  1.87035656 1.0009051
z_listing[557]  -0.358834507 0.88170345 -1.778855908  1.05216968 1.0000576
z_listing[558]  -0.438384745 0.92720200 -1.886915302  1.03354047 1.0016279
z_listing[559]   0.277704661 0.96287785 -1.242373330  1.85461446 0.9996024
z_listing[560]   0.155306463 0.96297178 -1.396789831  1.69573152 1.0002595
z_listing[561]  -0.262976090 0.84556688 -1.564275451  1.10318557 1.0020566
z_listing[562]   0.140321067 0.94889243 -1.343171598  1.68815973 1.0010529
z_listing[563]  -0.864406056 0.87148537 -2.239536086  0.54710366 1.0014369
z_listing[564]   0.108550150 0.95886805 -1.414639908  1.62252075 1.0054366
z_listing[565]  -0.681308584 0.86026998 -2.003739420  0.71766249 1.0030964
z_listing[566]  -0.510056273 0.77656181 -1.712575424  0.76809323 1.0007109
z_listing[567]   0.085442276 0.96738199 -1.454762918  1.65279123 1.0006722
z_listing[568]   0.303987419 0.89631783 -1.127603206  1.73629601 1.0040557
z_listing[569]   0.320737214 0.86815375 -1.048601573  1.74285621 1.0012387
z_listing[570]   0.093398414 0.94265203 -1.415040962  1.60560263 0.9999934
z_listing[571]   0.066082578 0.98840631 -1.485800410  1.64156251 1.0004317
z_listing[572]  -0.639922683 0.81712877 -1.907780891  0.68922854 1.0012102
z_listing[573]   0.157257815 0.94912868 -1.374258583  1.70812394 1.0026450
z_listing[574]   0.103011745 0.80620543 -1.150963148  1.41613449 1.0005891
z_listing[575]   0.076624412 0.98558605 -1.494546529  1.64284142 1.0005980
z_listing[576]  -0.583181476 0.95665992 -2.102602640  0.96479219 1.0029704
z_listing[577]  -0.218228497 0.86934122 -1.554340896  1.17912423 1.0000522
z_listing[578]   0.257169995 0.92900027 -1.204692145  1.75879177 1.0000659
z_listing[579]   0.235509483 0.92167813 -1.205469370  1.74234622 1.0008519
z_listing[580]   0.088508311 0.97549005 -1.494923673  1.65643045 1.0026192
z_listing[581]   0.253646478 0.90311124 -1.199053195  1.72303798 1.0024896
z_listing[582]   0.156862261 0.94446141 -1.323962528  1.68691791 0.9999769
z_listing[583]  -0.344485532 0.91682553 -1.787635878  1.16980226 1.0018097
z_listing[584]   0.376656239 0.55563319 -0.477973924  1.28420882 0.9997281
z_listing[585]   0.095831634 0.99337821 -1.496962156  1.65135645 1.0006732
z_listing[586]   0.091033545 0.96646182 -1.438149881  1.63648458 1.0001795
z_listing[587]  -0.308144973 0.91641687 -1.721928179  1.15843490 1.0005886
z_listing[588]   0.205115530 0.93212036 -1.261440403  1.72228378 1.0009956
z_listing[589]   0.253486866 0.91870919 -1.182875548  1.72340918 1.0023340
z_listing[590]   0.174201915 0.98522909 -1.387308756  1.76659281 1.0019588
z_listing[591]   0.110618042 0.97118794 -1.467399239  1.65291297 1.0034847
z_listing[592]   0.100803743 0.96151899 -1.456832601  1.62440198 1.0009172
z_listing[593]  -0.502261474 0.91617684 -1.954102202  0.97532792 1.0012580
z_listing[594]   0.152492207 0.94000293 -1.343184473  1.67040216 1.0012589
z_listing[595]   0.208057051 0.92355615 -1.296034432  1.71916668 1.0004448
z_listing[596]   0.087420626 0.96963681 -1.432535646  1.61415099 1.0012043
z_listing[597]   0.161680481 0.94245780 -1.338116947  1.71072991 1.0026633
z_listing[598]   0.185257979 0.92479471 -1.271267925  1.65158170 1.0010951
z_listing[599]   0.102929605 0.96838843 -1.460420294  1.64095495 1.0005390
z_listing[600]  -0.315764407 0.89923035 -1.735588245  1.16289814 1.0015512
z_listing[601]   0.103853340 0.97560688 -1.438308934  1.66884543 1.0013881
z_listing[602]   0.151912573 0.96068936 -1.328780457  1.70305864 1.0003693
z_listing[603]   0.098988809 0.99109108 -1.478425551  1.70691273 0.9996730
z_listing[604]   0.090881248 0.94552938 -1.415649476  1.62736963 1.0018206
z_listing[605]  -0.214544476 0.84031865 -1.537435905  1.13608576 1.0003137
z_listing[606]  -0.605147252 0.95692465 -2.108009883  0.93710192 1.0039771
z_listing[607]   0.149161156 0.92994512 -1.326891586  1.61537779 1.0002966
z_listing[608]   0.087930692 0.97191940 -1.487012746  1.63975280 1.0007700
z_listing[609]   0.132963521 0.93237865 -1.346708290  1.63927264 1.0007038
z_listing[610]  -0.369364794 0.89785386 -1.797894829  1.14349699 1.0019612
z_listing[611]  -0.377921754 0.68916125 -1.438514732  0.74429367 0.9999776
z_listing[612]   0.103951100 0.99049819 -1.456551592  1.67892329 1.0049528
z_listing[613]   0.200446071 0.95624029 -1.311516985  1.75807007 1.0011728
z_listing[614]   0.092229789 1.00627061 -1.521386802  1.65987147 1.0035743
z_listing[615]   0.150285374 0.94884449 -1.359350935  1.65814040 1.0002202
z_listing[616]  -0.204282331 0.88630389 -1.592725352  1.24114172 1.0013934
z_listing[617]   0.648161799 0.82765473 -0.633890042  2.00811282 1.0022061
z_listing[618]   0.091144776 0.94822792 -1.407907272  1.61222583 1.0011297
z_listing[619]   0.341532805 0.94051208 -1.140559688  1.86343729 1.0015765
z_listing[620]   0.320904107 0.93069646 -1.139369911  1.81276346 1.0029388
z_listing[621]   0.330062645 0.90037433 -1.056916083  1.79866878 1.0014079
z_listing[622]  -1.361494049 0.37416104 -1.948203162 -0.76210444 1.0014581
z_listing[623]   0.598702305 0.54834140 -0.236006787  1.52597245 1.0040307
z_listing[624]   0.087634366 0.98279128 -1.488330585  1.69031563 1.0017798
z_listing[625]   0.368068857 0.92247914 -1.091245095  1.86803385 1.0018293
z_listing[626]  -0.545224668 0.61295915 -1.502510240  0.45980789 1.0007726
z_listing[627]   0.144267001 0.94365188 -1.355271720  1.69316943 1.0004331
z_listing[628]  -0.056628996 0.83886454 -1.353629691  1.29514726 1.0013217
z_listing[629]   0.105513677 0.96682181 -1.443847393  1.60849272 1.0019945
z_listing[630]   0.509979330 0.86759809 -0.851843292  1.92769642 1.0004404
z_listing[631]   0.017735114 0.82114568 -1.267168131  1.33403209 1.0007825
z_listing[632]   0.884915400 0.63254704 -0.077265497  1.94221804 1.0007547
z_listing[633]  -0.019041595 0.83595705 -1.338056239  1.37301133 1.0021254
z_listing[634]   0.103493264 0.94270830 -1.411408049  1.61064506 0.9996415
z_listing[635]   0.142746407 0.92648137 -1.303554628  1.59857660 1.0034596
z_listing[636]  -0.239122274 0.87070651 -1.618213947  1.17140206 1.0009810
z_listing[637]   0.391033828 0.89663649 -1.025006510  1.85318920 1.0008715
z_listing[638]   0.438923363 0.75242363 -0.724090506  1.65665872 0.9998268
z_listing[639]   0.443840971 0.75312031 -0.706231733  1.67097587 1.0001353
z_listing[640]   0.139174291 0.80433113 -1.139357623  1.43833631 1.0017012
z_listing[641]   0.331641846 0.91601086 -1.134698419  1.78731709 1.0008537
z_listing[642]   0.582307300 0.85432849 -0.732655787  1.98285580 1.0029816
z_listing[643]   0.082387420 0.97428574 -1.451504939  1.66223011 1.0008007
z_listing[644]   0.458304348 0.88479168 -0.924275940  1.85846992 1.0042737
z_listing[645]  -0.804632989 0.74715832 -1.952966662  0.44827958 1.0008166
z_listing[646]   0.401008774 0.89528969 -0.994727525  1.84602296 1.0024514
z_listing[647]   0.108167236 0.97449881 -1.404203388  1.67832248 1.0000881
z_listing[648]  -0.011085509 0.83113450 -1.315403477  1.32454428 1.0004442
z_listing[649]  -0.247485955 0.73136155 -1.389734967  0.96876870 0.9998948
z_listing[650]   0.414187102 0.87847442 -1.000076774  1.90025830 1.0032096
z_listing[651]  -0.256590650 0.61835631 -1.202344539  0.75292023 1.0005979
z_listing[652]   0.139994875 0.95147090 -1.378120952  1.66275161 0.9997026
z_listing[653]  -0.056763350 0.65312601 -1.047347469  1.00741180 1.0013182
z_listing[654]   0.514575707 0.84827382 -0.805041874  1.88826244 1.0010684
z_listing[655]   0.500058860 0.88675753 -0.891145269  1.95275934 0.9998948
z_listing[656]  -0.464174564 0.46820196 -1.189908350  0.31334564 1.0029684
z_listing[657]   0.786148703 0.67612285 -0.234729461  1.91817600 1.0018225
z_listing[658]   0.467606205 0.75029300 -0.667918877  1.71550935 1.0014375
z_listing[659]   0.077762288 0.96250851 -1.481898511  1.60316163 1.0017625
z_listing[660]  -0.238049733 0.85727608 -1.582808390  1.13807733 0.9999651
z_listing[661]   0.446681995 0.47162606 -0.271083976  1.22553080 1.0018508
z_listing[662]   0.085744954 0.99110896 -1.511119257  1.69207874 1.0001915
z_listing[663]   0.158068676 0.92613313 -1.294040324  1.64492126 1.0007232
z_listing[664]   0.323540014 0.89537980 -1.062353481  1.75265262 1.0017011
z_listing[665]   0.314353122 0.62053510 -0.630013861  1.33464956 1.0006217
z_listing[666]   0.070539845 0.72080161 -1.024188173  1.26635076 1.0008307
z_listing[667]   0.256972281 0.93054326 -1.213657794  1.76471395 1.0008938
z_listing[668]   0.175247238 0.95236161 -1.340030064  1.73628585 1.0001312
z_listing[669]  -0.395691024 0.78822645 -1.611824968  0.90829382 1.0000011
z_listing[670]  -0.601751746 0.71631203 -1.692082486  0.59486884 1.0003358
z_listing[671]  -0.459820235 0.34605289 -1.013028858  0.10061863 1.0008862
z_listing[672]  -1.841036146 0.39794141 -2.468138532 -1.20489213 1.0019064
z_listing[673]   0.576938219 0.84351241 -0.728672030  1.99513480 1.0001291
z_listing[674]   0.448066435 0.88052345 -0.930947330  1.86187683 1.0008081
z_listing[675]  -0.627599165 0.64079797 -1.593969279  0.43922931 1.0009060
z_listing[676]   0.528090931 0.87975221 -0.858035745  1.98664368 0.9994650
z_listing[677]   0.103371064 0.97128324 -1.420265638  1.66894526 1.0008117
z_listing[678]  -0.430505834 0.76599695 -1.559098135  0.83183665 1.0004244
z_listing[679]  -1.774028855 0.26924161 -2.207114365 -1.33695809 1.0004610
z_listing[680]  -0.266296556 0.67138055 -1.277502115  0.82287967 1.0018364
z_listing[681]   0.095261865 0.94631905 -1.382310389  1.59480375 1.0011825
z_listing[682]   0.314859362 0.54704624 -0.513641494  1.24104802 1.0023326
z_listing[683]  -0.312358120 0.59422759 -1.235047931  0.64038451 1.0014154
z_listing[684]   0.250103616 0.91640580 -1.223402229  1.70969842 1.0025538
z_listing[685]   0.392922523 0.88916385 -0.995741070  1.85506636 0.9999286
z_listing[686]   0.602037993 0.85087853 -0.730218505  2.00209519 1.0007311
z_listing[687]   0.085385454 1.01600722 -1.484004580  1.71077264 1.0023610
z_listing[688]   0.733873411 0.82412317 -0.561354024  2.07271324 1.0003349
z_listing[689]   0.204807244 0.94163679 -1.288192773  1.76648356 1.0014240
z_listing[690]   0.150769663 0.96799702 -1.377982447  1.72593134 1.0025663
z_listing[691]   0.095916865 0.73148816 -1.009978280  1.30395329 1.0010953
z_listing[692]   0.260854796 0.91917188 -1.190547115  1.72913015 1.0015055
z_listing[693]  -0.140039277 0.83343308 -1.459492104  1.21067006 1.0019064
z_listing[694]   0.336748210 0.93570014 -1.176792093  1.88971941 1.0022170
z_listing[695]   0.392959173 0.89215623 -0.984326330  1.80449240 0.9997901
z_listing[696]  -0.417131669 0.40005313 -1.026354575  0.24733336 1.0015876
z_listing[697]   0.327787240 0.60881338 -0.612632771  1.34673981 0.9997723
z_listing[698]   0.070058676 0.97907691 -1.479003970  1.63172998 1.0032632
z_listing[699]  -0.503267491 0.80114050 -1.750114449  0.82136368 1.0023081
z_listing[700]   0.454435353 0.86130692 -0.897742112  1.81898522 1.0000914
z_listing[701]   0.633867876 0.83101654 -0.681376752  2.00470418 1.0007687
z_listing[702]  -0.679263218 0.48353361 -1.421167990  0.11371210 1.0021152
z_listing[703]   0.074234472 0.97415441 -1.502567954  1.67513591 1.0022620
z_listing[704]   0.411226812 0.87790901 -0.959267404  1.83394137 1.0000846
z_listing[705]   0.260665873 0.94153756 -1.238309218  1.79797354 1.0052822
z_listing[706]  -0.290156783 0.49390885 -1.036639047  0.54203987 1.0013262
z_listing[707]  -0.058442325 0.48120084 -0.818483279  0.71663212 1.0009751
z_listing[708]   0.375515125 0.86696525 -0.993915347  1.79955705 1.0017640
z_listing[709]  -0.356968133 0.91098990 -1.800496986  1.12334072 1.0019182
z_listing[710]   0.556687356 0.82783226 -0.750974909  1.91139139 0.9999597
z_listing[711]  -0.413250660 0.67501530 -1.450417377  0.68141691 0.9997429
z_listing[712]   0.690034361 0.59388156 -0.210176668  1.66913291 1.0001703
z_listing[713]  -0.437443962 0.91207864 -1.853314405  1.05220140 1.0001737
z_listing[714]   0.402078127 0.51877696 -0.404755915  1.22815142 0.9999899
z_listing[715]   0.508253145 0.88024748 -0.870076708  1.92470946 0.9996630
z_listing[716]   0.351952279 0.67295703 -0.668880577  1.49542360 1.0011753
z_listing[717]   0.242984898 0.94091069 -1.254123967  1.73279609 1.0003953
z_listing[718]   0.636752754 0.85272183 -0.729736240  2.01689158 1.0020132
z_listing[719]   0.117875470 0.95156445 -1.419984563  1.62571523 1.0015410
z_listing[720]   0.462399836 0.87068897 -0.895129692  1.87313163 1.0009817
z_listing[721]   0.348845631 0.76420946 -0.847238629  1.63029066 1.0004036
z_listing[722]   0.079243200 0.82492498 -1.205465591  1.43351489 1.0007417
z_listing[723]   0.070760790 0.96871768 -1.462782369  1.61578132 1.0006753
z_listing[724]  -0.669560483 0.82900667 -1.933299475  0.70036356 1.0005410
z_listing[725]   0.162634706 0.94928188 -1.355443199  1.70060574 1.0005931
z_listing[726]   0.515556638 0.89239470 -0.864199521  1.95268179 1.0017194
z_listing[727]   0.435998991 0.87065493 -0.897127311  1.81189389 1.0017836
z_listing[728]   0.742994441 0.69428659 -0.330071932  1.89293857 1.0010225
z_listing[729]  -0.191625346 0.67124641 -1.225574813  0.94493063 1.0013078
z_listing[730]   0.090506345 0.97146853 -1.460317245  1.65015459 1.0031842
z_listing[731]   0.565038790 0.86952273 -0.783324993  1.97460398 1.0013745
z_listing[732]   0.048082623 0.64885791 -0.949309369  1.12255694 1.0005511
z_listing[733]  -0.440880918 0.53559590 -1.255406288  0.45036937 1.0006640
z_listing[734]   1.153027426 0.77481516 -0.022509408  2.45147106 1.0020636
z_listing[735]  -0.261230715 0.75097255 -1.433685371  0.97196646 0.9996553
z_listing[736]   0.231589618 0.60664096 -0.696582942  1.24807270 1.0002836
z_listing[737]   0.140843706 0.53517201 -0.684980159  1.02535675 1.0002681
z_listing[738]   0.199623430 0.98162269 -1.357955633  1.75816323 1.0002180
z_listing[739]   0.205083652 0.93231460 -1.266570136  1.68014369 1.0003035
z_listing[740]   0.024945634 0.83604079 -1.271464966  1.40116312 1.0002099
z_listing[741]   0.184264436 0.97215497 -1.347051012  1.74414029 1.0013963
z_listing[742]   0.446421653 0.76811625 -0.744580975  1.69927961 1.0010149
z_listing[743]   0.387351083 0.88194514 -0.960893406  1.82118096 1.0011955
z_listing[744]   0.405937504 0.74286094 -0.746488755  1.60280699 1.0000025
z_listing[745]  -0.676409734 0.83511977 -2.002116404  0.69763885 1.0006902
z_listing[746]  -1.856438710 0.37208699 -2.457183731 -1.28033046 1.0012141
z_listing[747]   0.332279620 0.88913649 -1.118115110  1.77440628 1.0024056
z_listing[748]   0.069231054 0.70872311 -1.046371509  1.26355703 1.0011400
z_listing[749]  -1.831182132 0.32284860 -2.336999668 -1.30557360 1.0000517
z_listing[750]   0.150252486 0.94545463 -1.359213356  1.65734033 1.0019745
z_listing[751]   0.195922606 0.50669032 -0.585932947  1.03634251 1.0001428
z_listing[752]   0.100539665 0.95431937 -1.372185126  1.64743981 1.0020498
z_listing[753]   0.381805934 0.60744270 -0.560033977  1.35957957 1.0026734
z_listing[754]   0.213864615 0.94917740 -1.289130483  1.73767944 1.0016024
z_listing[755]   0.177164624 0.95272749 -1.325464336  1.68350724 0.9999230
z_listing[756]   0.486869601 0.73450281 -0.651676263  1.68528682 1.0035018
z_listing[757]   0.248117602 0.94497521 -1.274923837  1.78259168 1.0019476
z_listing[758]   0.363273707 0.88305283 -1.030575582  1.76048597 1.0010165
z_listing[759]   0.364212023 0.86919095 -1.005727811  1.75748250 1.0004892
z_listing[760]   0.277797415 0.92091973 -1.191327066  1.73791263 1.0005030
z_listing[761]   0.100695124 0.81940659 -1.200001642  1.45588969 1.0010054
z_listing[762]   0.667990154 0.82211643 -0.604285580  2.03524910 1.0017755
z_listing[763]   0.644524105 0.83284173 -0.651842541  1.98468644 1.0004306
z_listing[764]   0.642503629 0.84172551 -0.674234115  2.02113833 1.0005589
z_listing[765]   0.097041584 0.97530311 -1.505633650  1.66063306 1.0009016
z_listing[766]   0.101728218 0.98827514 -1.423432951  1.67344666 1.0002611
z_listing[767]   0.089112046 0.95937463 -1.440599659  1.60606602 1.0014243
z_listing[768]   0.683058299 0.83199439 -0.599398436  2.04811137 1.0019036
z_listing[769]   1.060330813 0.68455177  0.007601475  2.18119745 1.0008271
z_listing[770]   0.010055411 0.84493870 -1.337280856  1.40422962 1.0010185
z_listing[771]  -0.267074177 0.76248830 -1.431701612  0.97928973 1.0011440
z_listing[772]   0.507866007 0.72583626 -0.599759677  1.68223358 1.0012161
z_listing[773]  -0.191522209 0.55069331 -1.037750623  0.73487219 1.0023578
z_listing[774]  -0.043621165 0.81532162 -1.315681532  1.25081721 0.9995900
z_listing[775]  -0.242536187 0.59797842 -1.156535782  0.74555438 0.9999784
z_listing[776]   0.219790434 0.95234198 -1.258106917  1.75279560 0.9998714
z_listing[777]   1.137854373 0.75643064 -0.010838814  2.38972860 0.9997512
z_listing[778]   0.585527437 0.73182745 -0.558764801  1.81058457 1.0002349
z_listing[779]   0.146228691 0.73664762 -0.959209021  1.39319861 1.0045431
z_listing[780]   0.383491235 0.89978672 -1.026905043  1.84195219 1.0002419
z_listing[781]   0.097063014 0.96989349 -1.453127098  1.63678576 1.0000504
z_listing[782]  -0.341836578 0.77461147 -1.545363732  0.96193337 1.0012063
z_listing[783]  -1.056866463 0.54052326 -1.895810784 -0.16055349 1.0003918
z_listing[784]   0.651810444 0.85938494 -0.663962005  2.06021507 1.0030664
z_listing[785]   0.291502751 0.92361658 -1.180399232  1.80315731 1.0012251
z_listing[786]  -0.767795822 0.32845632 -1.285668235 -0.23818347 1.0014914
z_listing[787]   0.834203782 0.79706286 -0.394971722  2.14526593 1.0026859
z_listing[788]   0.104617808 0.95970301 -1.411743381  1.65242856 1.0007758
z_listing[789]   0.404875559 0.76517145 -0.784509073  1.68062218 1.0020790
z_listing[790]   0.109197613 0.98331463 -1.479107136  1.66214680 1.0002815
z_listing[791]   0.143774623 0.96484297 -1.403065226  1.68568973 1.0028025
z_listing[792]   0.997490996 0.77565373 -0.219389103  2.22348690 1.0018559
z_listing[793]  -0.093362627 0.71361665 -1.220929028  1.07254799 1.0055798
z_listing[794]  -0.028330721 0.72343449 -1.165945675  1.17715609 1.0034912
z_listing[795]   0.434053168 0.89600504 -0.972345636  1.89464225 0.9996434
z_listing[796]   0.285192320 0.75324106 -0.897722048  1.51796290 1.0008304
z_listing[797]   0.143894251 0.95660900 -1.358421717  1.68181592 1.0025279
z_listing[798]   0.169798641 0.96855427 -1.366659794  1.71768944 1.0019083
z_listing[799]   0.068861012 0.71190509 -1.035158429  1.25496987 1.0028693
z_listing[800]   0.212737027 0.94100716 -1.277427991  1.72061674 1.0003482
z_listing[801]   0.151734391 0.96272520 -1.357504995  1.70085981 1.0013967
z_listing[802]   0.062441282 0.46168831 -0.644654450  0.81235520 1.0018253
z_listing[803]   0.166818669 0.94820934 -1.321055709  1.68458371 1.0023437
z_listing[804]   0.064762536 1.01927992 -1.551506486  1.74188140 1.0025043
z_listing[805]   0.304046340 0.91238743 -1.156902395  1.76182380 1.0010191
z_listing[806]   0.667725611 0.81731870 -0.615720656  2.01214217 1.0008598
z_listing[807]  -0.119666699 0.59576204 -1.037250233  0.86667419 1.0020348
z_listing[808]   0.148484759 0.77871160 -1.060746504  1.40046039 1.0012546
z_listing[809]   0.368475418 0.87985021 -1.026285899  1.81190353 1.0011394
z_listing[810]   0.095361391 0.97585394 -1.479504608  1.66701781 1.0013111
z_listing[811]   0.154526202 0.80688467 -1.083952004  1.43913478 1.0021558
z_listing[812]   0.333438013 0.67927674 -0.693132572  1.46915656 1.0031391
z_listing[813]   0.086798119 0.70997991 -1.016804226  1.25169895 0.9998871
z_listing[814]  -1.013114418 0.34487099 -1.553125588 -0.44637224 1.0008981
z_listing[815]   0.087370519 0.95977004 -1.449004383  1.61115972 1.0008316
z_listing[816]   0.254140479 0.91528991 -1.226757025  1.72486125 0.9998372
z_listing[817]   0.238877513 0.92513008 -1.220668036  1.72101356 0.9998362
z_listing[818]   0.147337271 0.95294390 -1.336611640  1.67137216 0.9999739
z_listing[819]  -0.258826399 0.90784072 -1.657389675  1.22049412 1.0010616
z_listing[820]   0.353153249 0.91120922 -1.091274954  1.82109661 1.0003773
z_listing[821]   0.105686983 0.99694878 -1.474439032  1.67760787 1.0007025
z_listing[822]   0.431166064 0.88988494 -0.966293616  1.89496690 1.0003578
z_listing[823]  -0.197701500 0.74429473 -1.350993011  1.04990322 0.9998315
z_listing[824]   0.207875502 0.93562355 -1.241499414  1.67621992 1.0011769
z_listing[825]   0.258928606 0.76886665 -0.933970088  1.51364783 1.0009853
z_listing[826]  -0.013694890 0.69594293 -1.099465133  1.11849918 1.0007900
z_listing[827]   0.620474755 0.83752038 -0.666476626  1.99497534 1.0005703
z_listing[828]  -1.746148612 0.38134318 -2.349753195 -1.13212456 1.0000404
z_listing[829]  -0.206036052 0.85870845 -1.566427107  1.16358217 1.0006111
z_listing[830]   1.012485421 0.76908194 -0.169259992  2.30299514 1.0018089
z_listing[831]   0.093469498 0.96131711 -1.428947448  1.65415710 1.0021045
z_listing[832]   0.786449875 0.81430604 -0.468740177  2.13290220 1.0015725
z_listing[833]   0.082512655 0.94130665 -1.426756764  1.60329969 1.0018933
z_listing[834]  -0.020519351 0.81645382 -1.279485242  1.32860750 0.9995327
z_listing[835]  -0.172292760 0.84057013 -1.472925102  1.19746254 1.0000877
z_listing[836]   0.085410073 0.96774366 -1.456618530  1.66050025 0.9998809
z_listing[837]  -0.215831198 0.73908290 -1.368251030  0.98865084 1.0006089
z_listing[838]   0.541977625 0.84709673 -0.810665866  1.92273933 1.0009809
z_listing[839]  -0.051360112 0.75950853 -1.225102610  1.20973041 1.0000242
z_listing[840]   0.084463674 0.94078553 -1.377117795  1.64465977 1.0055606
z_listing[841]  -0.551350730 0.53012407 -1.360242073  0.31453974 1.0014898
z_listing[842]   0.339621737 0.89916273 -1.079306994  1.76630230 1.0014018
z_listing[843]   0.477936847 0.85229407 -0.851146414  1.88147731 1.0012613
z_listing[844]  -0.238616647 0.75060756 -1.406327421  1.00118470 1.0032073
z_listing[845]   0.616294154 0.83222490 -0.693723429  1.96698930 0.9999068
z_listing[846]  -1.010728049 0.69809459 -2.092921095  0.15849390 0.9998899
z_listing[847]  -0.558015227 0.63586226 -1.529231165  0.49301331 1.0018418
z_listing[848]  -0.677665072 0.66175338 -1.683727660  0.41981488 1.0027421
z_listing[849]  -0.458241485 0.78366203 -1.666252223  0.83612116 1.0004277
z_listing[850]  -0.657820726 0.65171081 -1.650864906  0.41956263 1.0004122
z_listing[851]  -0.377292435 0.73883551 -1.536942150  0.81199700 1.0010301
z_listing[852]  -1.276971769 0.53493752 -2.117241509 -0.39030494 1.0015044
z_listing[853]   0.687131380 0.73664204 -0.455977985  1.90663843 1.0018951
z_listing[854]  -0.297719544 0.86851688 -1.647255119  1.10308015 1.0011066
z_listing[855]   0.386428773 0.66297340 -0.643806036  1.47028241 1.0003261
z_listing[856]   0.240255809 0.94659729 -1.260341102  1.73734996 1.0010339
z_listing[857]  -0.736834260 0.75623992 -1.890688105  0.51936722 1.0011657
z_listing[858]  -0.881888679 0.56456238 -1.757018838  0.02462289 1.0033706
z_listing[859]   0.245859998 0.91773901 -1.195254312  1.72694692 1.0008849
z_listing[860]   0.154835392 0.80877614 -1.075869836  1.46943734 1.0013152
z_listing[861]  -0.116354195 0.64133823 -1.096623994  0.93391398 1.0004312
z_listing[862]  -0.259184441 0.73538295 -1.412707433  0.98089329 1.0016355
z_listing[863]  -0.280529408 0.67870029 -1.321306623  0.83867235 1.0003571
z_listing[864]  -1.200781386 0.56525870 -2.075286927 -0.27925534 0.9999155
z_listing[865]  -0.305380101 0.75722912 -1.493355046  0.94215095 1.0012923
z_listing[866]  -1.053995540 0.61746194 -1.994705350 -0.06022913 1.0006458
z_listing[867]  -1.502682538 0.86883132 -2.863501278 -0.10458068 1.0032945
z_listing[868]  -1.622313132 0.46752543 -2.347960601 -0.85898424 1.0000646
z_listing[869]  -0.536149070 0.79132665 -1.770693762  0.76636745 1.0026379
z_listing[870]  -0.914770133 0.56489425 -1.778793255  0.04202637 1.0014953
z_listing[871]   0.677966875 0.63503918 -0.285959425  1.73202528 1.0002694
z_listing[872]   0.095517907 0.97137994 -1.422227240  1.60172170 1.0003960
z_listing[873]  -0.443819602 0.70053840 -1.524500556  0.70900790 1.0014702
z_listing[874]  -1.151080208 0.72890467 -2.261599813  0.04473164 1.0003157
z_listing[875]  -0.425189360 0.70920767 -1.523865161  0.74096716 1.0013250
z_listing[876]  -0.451026221 0.70029114 -1.554620679  0.71879587 0.9999617
z_listing[877]  -0.830286122 0.55379805 -1.690893825  0.09146349 1.0002533
z_listing[878]  -0.585133752 0.73078375 -1.703938377  0.62706176 1.0002845
z_listing[879]   0.195203433 0.78917742 -0.991106023  1.50495310 1.0009741
z_listing[880]  -0.213307890 0.65616208 -1.230523276  0.86680623 1.0000361
z_listing[881]   0.532549229 0.59396956 -0.380395028  1.52786727 1.0029642
z_listing[882]  -1.130417763 0.64520371 -2.127478601 -0.06612266 1.0002571
z_listing[883]   0.695605805 0.82062665 -0.562094254  2.05184555 0.9999536
z_listing[884]  -1.598419641 0.43855040 -2.277267462 -0.86904089 1.0028954
z_listing[885]  -0.147908224 0.66928113 -1.186676348  0.96738266 1.0022929
z_listing[886]   0.251750587 0.66578459 -0.763094792  1.34523637 1.0012421
z_listing[887]  -1.319031157 0.40980677 -1.973670326 -0.63920822 1.0007456
z_listing[888]   0.572320920 0.82208117 -0.695354505  1.92644921 1.0042284
z_listing[889]   0.209059038 0.96504287 -1.318497755  1.73749099 0.9996545
z_listing[890]  -0.075163905 0.64149869 -1.043972590  0.99420751 1.0018858
z_listing[891]  -0.623891624 0.64886394 -1.613783846  0.44646707 1.0016582
z_listing[892]  -0.446083996 0.69884592 -1.505398452  0.70622883 1.0036483
z_listing[893]   0.665155960 0.69411003 -0.399317124  1.81177349 1.0026799
z_listing[894]  -1.183948623 0.70034571 -2.282366626 -0.05762806 0.9995618
z_listing[895]   0.179102756 0.79345259 -1.053969489  1.49144863 1.0005444
z_listing[896]  -0.500519692 0.61859305 -1.450131221  0.53977856 1.0010137
z_listing[897]   0.079788558 0.55991842 -0.789115040  0.99373290 1.0022218
z_listing[898]   0.857776269 0.69726624 -0.202581413  1.98227157 0.9996553
z_listing[899]  -0.677262892 0.69150095 -1.721826411  0.45971365 1.0004460
z_listing[900]  -1.194132204 0.71185552 -2.296309766 -0.02401512 1.0001037
z_listing[901]  -0.305109123 0.75245105 -1.478416704  0.92556275 1.0017919
z_listing[902]  -0.365036218 0.77499268 -1.582325222  0.89924494 1.0033213
z_listing[903]  -1.082463141 0.62139472 -2.036622047 -0.07134618 1.0006083
z_listing[904]  -0.726138688 0.73565322 -1.856937856  0.46056890 0.9997667
z_listing[905]   0.411868114 0.88322747 -0.974050083  1.83683129 1.0004095
z_listing[906]  -0.096043964 0.82849763 -1.373787547  1.26008084 0.9997855
z_listing[907]  -0.638750557 0.72036323 -1.746306261  0.52288003 0.9996902
z_listing[908]  -0.789415585 0.64891903 -1.810413605  0.29380488 1.0001953
z_listing[909]  -0.704550647 0.81097718 -1.980548990  0.64047741 0.9993642
z_listing[910]  -0.816077495 0.74023804 -1.977198829  0.40727647 1.0042627
z_listing[911]   0.742469712 0.83202622 -0.563213374  2.11345877 1.0022752
z_listing[912]   0.687475463 0.63414783 -0.267201606  1.76971727 1.0001069
z_listing[913]  -0.163372340 0.85042177 -1.518386756  1.21557063 1.0008625
z_listing[914]   0.145817246 0.79829777 -1.093304781  1.46849878 1.0014303
z_listing[915]   0.074918442 0.94662806 -1.454645735  1.59889482 1.0004132
z_listing[916]   0.224179543 0.93513025 -1.264078157  1.76117115 1.0011018
z_listing[917]  -1.305762973 0.36827808 -1.883399981 -0.70741255 1.0018181
z_listing[918]  -0.244953134 0.75457385 -1.418005228  0.97309816 1.0021853
z_listing[919]  -0.260505232 0.68895957 -1.305028472  0.88538400 1.0023534
z_listing[920]   0.099280856 0.98988950 -1.469535678  1.68303312 1.0054535
z_listing[921]   1.112638325 0.75262126 -0.050005244  2.36536721 1.0037027
z_listing[922]   0.549045961 0.83616705 -0.768766536  1.90187987 1.0003213
z_listing[923]   0.996886839 0.69233214 -0.090205886  2.11020200 1.0023867
z_listing[924]  -0.423529614 0.40125285 -1.043908675  0.23631617 1.0005081
z_listing[925]   0.149723894 0.92607165 -1.323529359  1.65310147 1.0012388
z_listing[926]   0.146710252 0.93874369 -1.379748339  1.65642992 1.0011540
z_listing[927]   0.210572526 0.90979399 -1.229583570  1.66522894 1.0025642
z_listing[928]  -0.351693557 0.75682503 -1.536049753  0.90307914 0.9999750
z_listing[929]  -0.303136661 0.91301198 -1.739444025  1.20326749 0.9997405
z_listing[930]  -0.184917845 0.84234761 -1.497905384  1.16217123 1.0040203
z_listing[931]   0.609310896 0.73172060 -0.519858891  1.80451897 1.0000785
z_listing[932]   0.964806252 0.79262340 -0.237105793  2.28815294 1.0002874
z_listing[933]   0.377387362 0.90963679 -1.025519712  1.87287776 1.0014940
z_listing[934]   0.210930204 0.90886054 -1.243352163  1.65548370 0.9999781
z_listing[935]   0.212293658 0.92243318 -1.240449786  1.69522352 1.0004495
z_listing[936]   0.121768661 0.80660205 -1.132643355  1.46780027 1.0014849
z_listing[937]   0.862959021 0.63762536 -0.115693921  1.92680836 1.0018357
z_listing[938]   0.145855994 0.94551897 -1.347086229  1.67008500 1.0000853
z_listing[939]   0.950198305 0.77822071 -0.259563777  2.22352195 1.0012230
z_listing[940]   0.152089049 0.96035036 -1.347684483  1.72062221 1.0009581
z_listing[941]   0.539334748 0.74196117 -0.609523142  1.75745753 0.9998451
z_listing[942]  -0.151054190 0.73697037 -1.281416800  1.06777046 1.0041894
z_listing[943]   0.675528182 0.64863873 -0.332880702  1.77726718 1.0014814
z_listing[944]  -0.723529382 0.86879542 -2.059462204  0.63669916 1.0029665
z_listing[945]   0.099707863 0.81315628 -1.153553663  1.44213418 0.9999106
z_listing[946]  -0.163591523 0.75900187 -1.350415949  1.09746084 1.0008384
z_listing[947]  -1.497889841 0.37708093 -2.081991735 -0.87690109 1.0015764
z_listing[948]  -0.308601173 0.87050946 -1.702980799  1.09172909 1.0005202
z_listing[949]   0.276981598 0.78800116 -0.937176502  1.57756655 1.0020729
z_listing[950]   0.087281670 0.98009083 -1.483363395  1.70435151 1.0020077
z_listing[951]   0.390123926 0.88913586 -1.009204060  1.84561914 1.0004981
z_listing[952]   0.106435912 0.94986739 -1.398701439  1.64612657 1.0033562
z_listing[953]  -1.621889731 0.42376163 -2.277638896 -0.92800797 1.0013475
z_listing[954]   0.759198985 0.61996591 -0.189609991  1.80593296 1.0006378
z_listing[955]   0.409411220 0.49053374 -0.336143465  1.24459047 1.0016449
z_listing[956]  -0.013065781 0.82391575 -1.312111655  1.31287627 1.0007742
z_listing[957]  -0.581993295 0.63903745 -1.573833430  0.45452083 1.0024931
z_listing[958]   0.295769139 0.90744261 -1.104003788  1.76353493 1.0019763
z_listing[959]  -1.092069345 0.52825022 -1.893935937 -0.21639548 1.0010677
z_listing[960]   1.289576891 0.65332084  0.288364374  2.38747055 1.0002662
z_listing[961]   0.493110344 0.74685071 -0.636275182  1.71532445 1.0044400
z_listing[962]  -0.532122254 0.41731298 -1.171573975  0.16018559 1.0025156
z_listing[963]  -0.906641476 0.56828554 -1.792795649  0.05462195 1.0008739
z_listing[964]   0.108877003 0.94716981 -1.397877901  1.63491040 1.0003259
z_listing[965]  -2.366404088 0.29174158 -2.824780012 -1.91765186 1.0019387
z_listing[966]   0.436076647 0.89336499 -0.972531695  1.90421236 1.0005333
z_listing[967]   0.787450214 0.70602141 -0.285362424  1.96583424 1.0006442
z_listing[968]   0.241015580 0.90869833 -1.186270915  1.72280643 1.0013091
z_listing[969]   0.795816322 0.64747205 -0.201081992  1.90647267 1.0004731
z_listing[970]   0.005489776 0.83809396 -1.299905841  1.40163000 1.0018133
z_listing[971]   0.079103606 0.94523980 -1.450038261  1.54450786 1.0003901
z_listing[972]   0.155612437 0.95990595 -1.354167622  1.71545924 1.0014808
z_listing[973]  -0.009770053 0.73492237 -1.132545834  1.16648635 1.0003416
z_listing[974]   0.456331797 0.75212344 -0.716974936  1.70148171 1.0004721
z_listing[975]   0.460911460 0.89242320 -0.957909939  1.90280359 0.9999415
z_listing[976]   0.226627654 0.59000820 -0.674720077  1.19452017 1.0014304
z_listing[977]  -0.434774346 0.90051266 -1.857951524  1.03924561 1.0002151
z_listing[978]   0.084712440 1.00852502 -1.492167027  1.66861519 1.0014544
z_listing[979]   0.384900174 0.49711829 -0.390260555  1.22200360 1.0021104
z_listing[980]  -0.102015512 0.71905780 -1.216833954  1.10343117 1.0041420
z_listing[981]   0.301162214 0.94472747 -1.218258047  1.84231273 1.0001664
z_listing[982]   0.109859151 0.97702226 -1.504461491  1.68094819 1.0026923
z_listing[983]   0.335137105 0.86844958 -1.066096247  1.73809789 1.0000256
z_listing[984]   1.245458297 0.54336060  0.423219427  2.12652506 1.0028967
z_listing[985]  -0.201229942 0.86076810 -1.533592749  1.20409807 0.9997083
z_listing[986]   0.063011834 0.81814047 -1.191155083  1.42958370 1.0003674
z_listing[987]   0.379703557 0.88598825 -1.006348110  1.82064410 1.0022961
z_listing[988]   0.753047814 0.81506056 -0.496912440  2.08827006 1.0023481
z_listing[989]   0.145282007 0.98176543 -1.421504494  1.74559547 1.0012809
z_listing[990]   0.705050704 0.82535164 -0.605623296  2.05811747 1.0007109
z_listing[991]   1.258555611 0.64368104  0.281744217  2.31414989 1.0001050
z_listing[992]  -0.188189794 0.52193706 -0.976694685  0.65815157 1.0011242
z_listing[993]   0.345497536 0.76125080 -0.837346350  1.59083538 1.0008959
z_listing[994]   0.610592830 0.85977048 -0.729836327  2.05729609 1.0030623
z_listing[995]  -1.105158053 0.78850093 -2.317511235  0.17325283 1.0015008
z_listing[996]  -2.259554858 0.51817005 -3.072523559 -1.41364983 1.0007089
z_listing[997]  -2.410371211 0.39938206 -3.040291225 -1.76334075 1.0050830
z_listing[998]  -1.309848964 0.55711037 -2.151120141 -0.39501754 1.0009953
z_listing[999]  -0.798339153 0.67752660 -1.824253749  0.32067780 0.9998031
z_listing[1000] -0.596016396 0.95876451 -2.104298960  0.98045168 1.0007734
z_listing[1001] -1.525558703 0.60596859 -2.483838856 -0.53476652 1.0016116
z_listing[1002] -0.916055161 0.29694916 -1.383897300 -0.42658450 1.0006523
z_listing[1003]  0.430962737 0.88098102 -0.923671991  1.89675028 1.0028353
z_listing[1004]  0.654330194 0.43626971 -0.007288924  1.40426710 1.0015915
z_listing[1005]  0.023257698 0.83146396 -1.283489020  1.40038919 1.0001798
z_listing[1006]  0.174431182 0.95156013 -1.320318401  1.70041539 1.0001668
z_listing[1007]  0.841717706 0.55532402  0.005751170  1.75635167 1.0012427
z_listing[1008] -0.214140954 0.85881536 -1.560859613  1.17583628 1.0017756
z_listing[1009]  0.540519024 0.87048915 -0.845309090  1.95904835 1.0034644
z_listing[1010] -0.415595652 0.91315887 -1.841368311  1.07138068 1.0008831
z_listing[1011]  0.149099259 0.96074610 -1.369873652  1.69252225 1.0010831
z_listing[1012]  0.200454066 0.95734658 -1.294307094  1.74814590 1.0031730
z_listing[1013]  0.469631756 0.73593544 -0.675172460  1.68706917 1.0033831
z_listing[1014]  0.158273539 0.93899433 -1.310462073  1.65586824 1.0008995
z_listing[1015]  0.324399975 0.89880764 -1.088745621  1.77913661 1.0006956
z_listing[1016]  1.278771436 0.73946634  0.150220478  2.50554715 1.0025661
z_listing[1017]  1.037570703 0.68506329 -0.008222829  2.15046836 0.9996459
z_listing[1018] -0.177134392 0.68662462 -1.242042887  0.95928330 1.0006296
z_listing[1019]  0.152869246 0.96885678 -1.377516628  1.69335003 1.0006779
z_listing[1020]  0.245556722 0.79566767 -0.993763305  1.54835389 0.9998271
z_listing[1021]  0.159791926 0.94768244 -1.338509975  1.68801384 1.0041831
z_listing[1022]  0.602141513 0.82491464 -0.673037047  1.92304010 1.0007808
z_listing[1023]  0.853661393 0.79136504 -0.359991801  2.14972278 1.0009286
z_listing[1024] -0.154225407 0.41583306 -0.797118273  0.52609747 1.0016031
z_listing[1025]  0.645095908 0.83421881 -0.674080226  2.02369157 1.0014170
z_listing[1026]  0.191284404 0.93709472 -1.319309497  1.70971005 0.9996898
z_listing[1027] -0.103337661 0.73564662 -1.214804763  1.08628628 1.0032282
z_listing[1028]  0.287544516 0.90166207 -1.112056340  1.74874093 1.0015820
z_listing[1029] -0.140254886 0.72494234 -1.278249725  1.05714132 1.0000958
z_listing[1030] -0.129373729 0.86348027 -1.474443549  1.25309690 1.0009645
z_listing[1031]  0.391331613 0.75609691 -0.757291258  1.65468029 1.0029550
z_listing[1032]  0.257092365 0.76257741 -0.934596281  1.51658028 1.0008566
z_listing[1033]  0.254743764 0.92114626 -1.204212259  1.75038319 1.0007803
z_listing[1034]  0.439415090 0.86878138 -0.922064529  1.88181110 1.0057405
z_listing[1035]  0.490569591 0.44961733 -0.198611749  1.23040459 1.0024868
z_listing[1036] -0.644452860 0.64235026 -1.641055644  0.44689991 1.0034732
z_listing[1037]  0.433161198 0.75503191 -0.736715117  1.67388146 1.0019428
z_listing[1038]  0.591620204 0.86822588 -0.744556533  2.04944653 1.0020883
z_listing[1039] -0.153126527 0.84539454 -1.474684347  1.22968028 1.0069866
z_listing[1040]  0.202893298 0.93119747 -1.267626292  1.70281902 1.0024601
z_listing[1041]  0.082431142 0.95121627 -1.425273835  1.60060728 1.0026920
z_listing[1042]  0.325395570 0.91936923 -1.122836479  1.83809265 1.0011832
z_listing[1043]  0.167504214 0.93695330 -1.291884455  1.69854048 1.0015566
z_listing[1044] -0.602946802 0.71084489 -1.704975771  0.57439251 1.0009477
z_listing[1045]  0.500472177 0.87210294 -0.883273473  1.93462672 0.9998755
z_listing[1046]  0.156736391 0.95556875 -1.355389446  1.69698973 1.0013972
z_listing[1047]  0.493543383 0.86816452 -0.882953788  1.88908258 1.0008012
z_listing[1048]  0.391582483 0.90577034 -1.020791970  1.88048605 1.0042611
z_listing[1049]  0.732075880 0.63622051 -0.230676887  1.81108161 1.0011046
z_listing[1050]  0.096933263 0.96773346 -1.480813392  1.64908395 1.0006668
z_listing[1051] -0.113510838 0.87274849 -1.489894427  1.29031904 1.0011896
z_listing[1052] -0.226529614 0.76125888 -1.396952869  1.01439220 1.0032781
z_listing[1053]  0.449405718 0.54897488 -0.379783015  1.34640801 1.0014163
z_listing[1054] -0.310371380 0.87655008 -1.658397846  1.13235462 1.0002153
z_listing[1055] -1.443085541 0.41589073 -2.101450058 -0.75721910 1.0021265
z_listing[1056]  1.040417531 0.74359502 -0.156521659  2.27208402 1.0022504
z_listing[1057]  0.207039560 0.92912673 -1.252258039  1.70984082 1.0039121
z_listing[1058] -1.311519946 0.38199446 -1.906396430 -0.68489859 0.9997900
z_listing[1059] -1.380027028 0.34037505 -1.913109907 -0.82684130 1.0004384
z_listing[1060] -1.276577697 0.71592503 -2.380965307 -0.10845101 1.0005265
z_listing[1061]  0.081451468 0.97681183 -1.478317327  1.69418408 1.0001606
z_listing[1062]  0.518416497 0.75419416 -0.651996196  1.76256529 1.0012144
z_listing[1063]  0.267387861 0.69214192 -0.816977015  1.41794052 1.0021550
z_listing[1064]  0.203211547 0.94727441 -1.276131295  1.74549158 1.0003894
z_listing[1065] -0.664061971 0.35951313 -1.215718090 -0.07065428 0.9997286
z_listing[1066]  0.156088291 0.97740881 -1.400907988  1.74653045 1.0016101
z_listing[1067]  1.046303225 0.78849261 -0.192901987  2.35801848 1.0017358
z_listing[1068]  0.356722613 0.89495385 -1.052363387  1.79866099 1.0011697
z_listing[1069]  0.994854906 0.78519521 -0.234287788  2.29384455 1.0006517
z_listing[1070]  0.294017849 0.79670790 -0.962517629  1.60631082 1.0027496
z_listing[1071]  0.336429126 0.61596629 -0.623280994  1.36676512 1.0015577
z_listing[1072] -0.512439209 0.95678417 -2.027653417  1.04152740 1.0003667
z_listing[1073]  0.209865386 0.94796640 -1.300403629  1.73726021 1.0006816
z_listing[1074] -0.041973581 0.84497967 -1.376698790  1.34744214 1.0002453
z_listing[1075] -0.436477261 0.93761234 -1.936370626  1.06140633 1.0017999
z_listing[1076]  0.145660457 0.97184940 -1.397248825  1.70512637 1.0001084
z_listing[1077] -0.548155516 0.70476704 -1.618989291  0.59951442 1.0009180
z_listing[1078] -0.483890463 0.79214790 -1.718260295  0.82743405 1.0020743
z_listing[1079] -0.576305512 0.82521200 -1.830539217  0.75255250 1.0005161
z_listing[1080] -0.786867651 0.87260912 -2.138763618  0.64604075 1.0019301
z_listing[1081]  1.006285573 0.74904280 -0.168354817  2.23228697 1.0010886
z_listing[1082] -0.263672967 0.54854312 -1.110389830  0.62621831 1.0018834
z_listing[1083]  0.527384874 0.86433978 -0.834418487  1.92368554 1.0000749
z_listing[1084] -0.778968508 0.59799394 -1.721993213  0.18333004 0.9997649
z_listing[1085]  0.152409582 0.99378907 -1.435141551  1.73886471 1.0005066
z_listing[1086]  0.091309957 0.95617517 -1.455043698  1.62672995 1.0009457
z_listing[1087]  0.353007283 0.75442388 -0.803943880  1.57431906 0.9999004
z_listing[1088]  0.152466375 0.93310049 -1.328890760  1.64546130 1.0004173
z_listing[1089]  0.206940999 0.93359202 -1.260915199  1.70319192 0.9998281
z_listing[1090]  0.206240159 0.93967181 -1.312847567  1.74827917 1.0000641
z_listing[1091]  0.826467826 0.81315102 -0.428053751  2.14440193 1.0008658
z_listing[1092]  0.356070263 0.75298465 -0.796744414  1.59177267 1.0003948
z_listing[1093] -0.360639288 0.92149512 -1.849824678  1.09114129 1.0025724
z_listing[1094]  0.300341264 0.93014912 -1.160329261  1.81542094 1.0014421
z_listing[1095]  0.035888998 0.82151578 -1.242192227  1.37559937 1.0014750
z_listing[1096]  0.119121373 0.81862220 -1.154034057  1.48705161 1.0034098
z_listing[1097]  0.724676549 0.71081493 -0.369953144  1.93696496 0.9998193
z_listing[1098] -0.264675361 0.61945261 -1.212610892  0.76873688 1.0027084
z_listing[1099]  0.603655912 0.74020998 -0.548326739  1.83622487 1.0006120
z_listing[1100]  0.297489509 0.92169234 -1.142226276  1.76219136 1.0003764
z_listing[1101]  0.125101410 0.70394262 -0.942823363  1.31076612 1.0025899
z_listing[1102]  0.363415138 0.88658767 -1.004108485  1.81720208 1.0005757
z_listing[1103] -0.182246644 0.84227156 -1.483010633  1.16043938 1.0031840
z_listing[1104]  0.161184467 0.93959861 -1.344530527  1.67337720 0.9997836
z_listing[1105]  0.102590829 0.98797778 -1.462568150  1.68266716 0.9996605
z_listing[1106] -0.218764534 0.64747457 -1.230336899  0.87628499 0.9999812
z_listing[1107]  0.214578026 0.93873740 -1.266417196  1.76631926 1.0016140
z_listing[1108]  0.092541058 0.60076405 -0.835295794  1.09758217 1.0038412
z_listing[1109]  1.272540212 0.72871229  0.152236489  2.46012770 1.0009092
z_listing[1110]  0.874083161 0.61984552 -0.092571458  1.91342910 1.0024149
z_listing[1111]  0.094852843 0.99603833 -1.504919399  1.69123064 1.0004022
z_listing[1112]  0.246190942 0.91229411 -1.187914185  1.74060356 1.0009970
z_listing[1113]  0.152113563 0.98165491 -1.421590301  1.75343669 1.0017343
z_listing[1114]  0.119532594 0.80541235 -1.091966721  1.43496705 1.0008446
z_listing[1115]  0.173105774 0.96257366 -1.356475705  1.73183992 1.0008305
z_listing[1116]  0.641687250 0.85870289 -0.712169464  2.07600088 1.0003296
z_listing[1117]  0.382359549 0.89332273 -1.002538697  1.82441511 1.0010070
z_listing[1118]  0.148822376 0.93791979 -1.353993724  1.64645846 1.0016216
z_listing[1119] -0.593335004 0.98061056 -2.157378047  1.00142752 1.0010979
z_listing[1120] -1.023874834 0.77813300 -2.237373030  0.26108579 0.9998661
z_listing[1121]  0.791792351 0.80316398 -0.461836608  2.10214585 0.9997373
z_listing[1122]  0.215516120 0.62777142 -0.735897004  1.27921488 1.0003470
z_listing[1123]  0.180788450 0.77572849 -1.008372918  1.45538367 1.0008042
z_listing[1124] -0.143588529 0.66474476 -1.182150986  0.93926448 1.0000072
z_listing[1125] -1.339069785 0.71259886 -2.447803883 -0.14903618 1.0010232
z_listing[1126] -0.501171687 0.80815151 -1.753948113  0.81206717 1.0012919
z_listing[1127]  0.237510855 0.90475166 -1.169030493  1.70685238 1.0005988
z_listing[1128]  0.091858521 0.96456638 -1.438668127  1.63881770 1.0012010
z_listing[1129]  0.134167499 0.95907177 -1.435864152  1.69223037 0.9997002
z_listing[1130]  0.080056574 0.98964259 -1.513605254  1.68379020 1.0005225
z_listing[1131]  0.151152871 0.95808492 -1.379886999  1.74127026 1.0006664
z_listing[1132]  0.386881899 0.91218475 -1.060706018  1.84553259 1.0008471
z_listing[1133] -0.606155135 0.96846237 -2.144397297  0.96465214 1.0016941
z_listing[1134]  0.249547638 0.94699328 -1.251450205  1.82515289 0.9992812
z_listing[1135]  0.202724288 0.92336535 -1.266943674  1.67959872 1.0002354
z_listing[1136]  0.057695060 0.81596656 -1.204136024  1.41129812 1.0035118
z_listing[1137] -0.220722394 0.86234196 -1.569734181  1.18784534 1.0045008
z_listing[1138] -0.816860206 0.88174606 -2.198528335  0.63978128 1.0026785
z_listing[1139]  0.195508870 0.90698288 -1.239993878  1.66433356 1.0015966
z_listing[1140] -0.403856064 0.50593467 -1.163725641  0.44072816 1.0014446
z_listing[1141] -0.057674284 0.58522965 -0.959475917  0.90672840 1.0025807
z_listing[1142] -0.021509543 0.83268753 -1.284268968  1.37178467 1.0012009
z_listing[1143] -0.111194358 0.44815393 -0.807890948  0.63034647 1.0011962
z_listing[1144] -0.408685950 0.77845285 -1.657654195  0.84609715 1.0005840
z_listing[1145]  0.892999883 0.79304674 -0.336270562  2.21524405 1.0013913
z_listing[1146]  0.643653514 0.84031573 -0.677003042  2.03757016 1.0018887
z_listing[1147]  0.415328661 0.88336782 -0.992751361  1.85974253 1.0005863
z_listing[1148]  0.556725719 0.83016253 -0.747869717  1.90308949 1.0001190
z_listing[1149]  0.748971602 0.83232889 -0.569867048  2.10878570 0.9995398
z_listing[1150]  0.489100870 0.85745414 -0.852226140  1.86197868 1.0009431
z_listing[1151]  0.129231981 0.93335886 -1.350163711  1.63473745 1.0004776
z_listing[1152]  0.084082245 0.96530539 -1.441096975  1.60599456 1.0019569
z_listing[1153] -0.115078027 0.65940495 -1.130543932  0.96777282 0.9996589
z_listing[1154]  0.067634394 0.81141061 -1.198253442  1.38241425 1.0000937
z_listing[1155]  0.237686305 0.67755666 -0.809451491  1.36827553 1.0046740
z_listing[1156]  0.528955193 0.85799183 -0.794076471  1.93895367 1.0010224
z_listing[1157] -0.126964511 0.87962990 -1.482984414  1.30790750 1.0016113
z_listing[1158] -0.849229503 0.49392908 -1.607378434 -0.04112060 1.0010072
z_listing[1159] -0.420746261 0.92593329 -1.915512887  1.07883553 1.0015007
z_listing[1160]  0.368710222 0.90032261 -1.043524816  1.85585952 1.0009072
z_listing[1161] -0.443477186 0.56203332 -1.293807729  0.46555355 0.9998223
z_listing[1162] -0.312285619 0.68858427 -1.364530540  0.80433076 1.0018428
z_listing[1163] -0.515407000 0.57985155 -1.433489536  0.44482065 0.9999521
z_listing[1164] -0.531678488 0.56974641 -1.407083692  0.40776221 1.0008566
z_listing[1165] -0.459148089 0.70524214 -1.537266183  0.73045569 0.9999075
z_listing[1166] -0.210416376 0.85728675 -1.575468465  1.18002337 1.0034415
z_listing[1167] -0.852751029 0.73716388 -2.001092263  0.34972123 1.0017685
z_listing[1168]  0.153096418 0.94740429 -1.357375450  1.68565782 1.0012415
z_listing[1169] -0.295879970 0.88921217 -1.661415640  1.17517662 1.0013456
z_listing[1170] -0.162637308 0.84986964 -1.517380337  1.21193265 1.0007645
z_listing[1171]  0.094849283 0.96977624 -1.416496100  1.65482870 0.9995304
z_listing[1172]  0.076757549 0.98151301 -1.473355535  1.66796447 1.0005189
z_listing[1173] -0.937401645 0.75786199 -2.126047162  0.25357133 1.0016266
z_listing[1174] -0.786246022 0.84791963 -2.116777590  0.58152575 1.0006905
z_listing[1175] -0.364942097 0.92217265 -1.828564131  1.09920851 1.0020753
z_listing[1176]  0.731061641 0.69455998 -0.332514363  1.88378338 1.0017624
z_listing[1177]  0.089726165 0.98034754 -1.440821847  1.63273813 1.0005357
z_listing[1178]  0.483438445 0.72212950 -0.625830643  1.65511674 1.0007723
z_listing[1179]  0.079318027 0.97674117 -1.480473810  1.69026850 1.0012478
z_listing[1180]  0.149899835 0.92685058 -1.301397470  1.63169491 0.9999426
z_listing[1181]  0.102999504 0.71681520 -1.008641278  1.30434530 1.0011165
z_listing[1182] -0.314492763 0.89979265 -1.707496072  1.15878893 1.0006346
z_listing[1183]  0.154887522 0.97151379 -1.396813431  1.72078555 0.9994188
z_listing[1184]  0.717901202 0.64821256 -0.244507647  1.81945090 1.0016095
z_listing[1185]  0.108609302 0.97889659 -1.446780034  1.65403746 1.0012144
z_listing[1186]  0.309754073 0.75970727 -0.879779785  1.58107425 1.0006856
z_listing[1187]  0.431174480 0.67686182 -0.644440506  1.55180119 1.0026141
z_listing[1188]  0.123928893 0.82512780 -1.149540860  1.46247788 1.0002613
z_listing[1189]  0.212632439 0.91872924 -1.277221606  1.67104471 1.0014489
z_listing[1190]  0.158400438 0.95234823 -1.334328147  1.65429450 1.0030634
z_listing[1191]  0.973839318 0.79050269 -0.254965897  2.27070400 1.0008093
z_listing[1192]  0.835675259 0.78896534 -0.377343110  2.13133871 1.0022769
z_listing[1193] -0.350957797 0.66678453 -1.388119230  0.75053961 1.0012933
z_listing[1194]  1.130206759 0.79104079 -0.115639204  2.46570389 1.0005462
z_listing[1195]  0.219040102 0.95202376 -1.275009058  1.76693693 1.0015559
z_listing[1196]  0.108186187 0.98829303 -1.453061150  1.67416946 1.0015059
z_listing[1197]  0.206995299 0.60973152 -0.735952090  1.22865717 1.0006086
z_listing[1198] -1.884328865 0.44716049 -2.572459186 -1.17010560 1.0008762
z_listing[1199]  0.088439453 0.97506063 -1.461023742  1.66441074 1.0000832
z_listing[1200]  0.080322539 0.83286945 -1.187917537  1.45603292 1.0001548
a_bar            2.527577631 0.05029364  2.447877163  2.60779698 1.0001987
b_rev            0.213962678 0.02891499  0.167137583  0.25979783 1.0031650
sigma_listing    0.732805166 0.04076185  0.669327486  0.79959641 1.0011896
a_listing[1]     2.086034188 0.70690359  0.963294053  3.22104880 1.0021119
a_listing[2]     2.639178025 0.70080713  1.522242307  3.76268216 1.0024581
a_listing[3]     2.838548898 0.65866184  1.799095536  3.92886258 0.9997137
a_listing[4]     2.600209192 0.72521053  1.441926300  3.78284043 1.0015088
a_listing[5]     2.226137863 0.67471692  1.170778253  3.31627325 1.0032149
a_listing[6]     2.896675191 0.62196647  1.935461100  3.90078414 0.9998979
a_listing[7]     3.142307320 0.58174650  2.274185816  4.12748245 1.0010865
a_listing[8]     3.123311523 0.46840536  2.416144743  3.92199727 1.0018998
a_listing[9]     2.089697802 0.70678241  0.966467711  3.22778160 1.0024269
a_listing[10]    2.783568079 0.67206003  1.735382008  3.89469942 1.0017756
a_listing[11]    2.613035849 0.59442502  1.698306581  3.57894590 1.0006885
a_listing[12]    2.414540813 0.63139899  1.440931573  3.45677739 1.0015672
a_listing[13]    2.595344361 0.71464228  1.459743391  3.74716664 1.0000586
a_listing[14]    3.010766430 0.61293085  2.061362872  4.00689990 1.0018987
a_listing[15]    3.068433955 0.49479875  2.304478862  3.86642603 1.0006590
a_listing[16]    2.720180530 0.52289096  1.913231223  3.58117487 1.0023658
a_listing[17]    2.137286788 0.60182597  1.191814135  3.13664046 1.0020027
a_listing[18]    1.963084451 0.51956507  1.155820489  2.82015754 1.0001811
a_listing[19]    2.571904262 0.61564918  1.593482611  3.56821751 1.0012251
a_listing[20]    1.994032832 0.47738095  1.255115092  2.78302680 1.0018059
a_listing[21]    1.264865832 0.30081671  0.799229034  1.76567565 1.0003318
a_listing[22]    2.970106951 0.62297341  2.012745765  4.00346661 1.0006588
a_listing[23]    2.319302143 0.64089400  1.302447207  3.37680316 1.0003098
a_listing[24]    2.681162519 0.71090065  1.570330903  3.85071872 1.0012520
a_listing[25]    3.164530180 0.52447175  2.364338951  4.02444412 1.0003286
a_listing[26]    3.198903337 0.48340679  2.445112775  4.00891663 1.0000664
a_listing[27]    3.321165390 0.44553738  2.645712969  4.05923680 1.0018289
a_listing[28]    3.440699329 0.55294760  2.605016195  4.37666556 1.0009536
a_listing[29]    1.731409683 0.56099425  0.857365822  2.63799292 1.0011125
a_listing[30]    1.681501045 0.46809362  0.958675102  2.43425193 1.0005013
a_listing[31]    2.098356299 0.45693005  1.405313447  2.84310417 1.0001787
a_listing[32]    2.646992889 0.70683726  1.527632133  3.79343599 1.0006414
a_listing[33]    2.457814803 0.60373085  1.511037047  3.45587837 0.9996469
a_listing[34]    2.893905237 0.48196116  2.154648589  3.71216420 1.0017224
a_listing[35]    2.607898044 0.58435889  1.694013569  3.56958528 1.0008650
a_listing[36]    2.910908798 0.54674272  2.057062253  3.81749946 1.0010019
a_listing[37]    2.370767934 0.64395995  1.373309864  3.43399645 0.9995799
a_listing[38]    2.589153543 0.70675881  1.475401555  3.72727326 1.0008281
a_listing[39]    1.452839473 0.41617756  0.801506515  2.13654752 0.9998511
a_listing[40]    2.837323540 0.47948420  2.086831563  3.62509974 1.0008747
a_listing[41]    2.580202828 0.60172897  1.651138508  3.56467370 1.0007060
a_listing[42]    2.568654913 0.52178294  1.756831999  3.42885631 1.0028545
a_listing[43]    1.718221491 0.22755094  1.359320693  2.09086955 1.0015623
a_listing[44]    3.207616656 0.58348375  2.313117489  4.19868241 1.0040875
a_listing[45]    1.974602608 0.47802146  1.235759224  2.77745841 1.0002263
a_listing[46]    2.641176864 0.68148517  1.568844367  3.74128666 1.0049029
a_listing[47]    1.895727450 0.64214547  0.878966200  2.93097504 1.0027656
a_listing[48]    2.583677691 0.73876845  1.422341695  3.77187218 1.0004779
a_listing[49]    2.819480188 0.62550515  1.836379808  3.84294286 1.0025070
a_listing[50]    2.920856275 0.48121279  2.174731506  3.72843276 1.0003508
a_listing[51]    2.726467570 0.68366627  1.645751192  3.80449791 1.0036466
a_listing[52]    2.342206930 0.55494695  1.494171329  3.26354440 1.0028362
a_listing[53]    1.676371520 0.37725467  1.106314739  2.29318302 1.0004606
a_listing[54]    2.384839089 0.61600328  1.397842394  3.40214148 1.0015089
a_listing[55]    3.082146364 0.60343130  2.149756426  4.05369473 1.0051115
a_listing[56]    2.844068308 0.65689451  1.826829505  3.90541649 1.0010331
a_listing[57]    2.359735233 0.65371804  1.354045783  3.41028032 1.0014607
a_listing[58]    2.463361467 0.61575241  1.501390253  3.43987436 1.0002512
a_listing[59]    2.215253909 0.68298317  1.128542157  3.31153650 1.0036410
a_listing[60]    2.222658702 0.68126628  1.155837501  3.30035392 1.0009328
a_listing[61]    2.412505043 0.64182252  1.422680592  3.46205505 1.0041248
a_listing[62]    2.536924391 0.61753907  1.579980411  3.54842102 1.0014571
a_listing[63]    2.605540617 0.71136183  1.460926215  3.75669962 1.0012375
a_listing[64]    1.086888198 0.18136744  0.804283038  1.37762782 1.0006337
a_listing[65]    2.914077299 0.38686591  2.315023672  3.56090008 1.0026665
a_listing[66]    2.986240150 0.42984810  2.325830656  3.69662776 1.0002830
a_listing[67]    1.078982931 0.18234067  0.790245771  1.37368591 1.0032279
a_listing[68]    2.995192085 0.52946510  2.180788145  3.87313079 1.0015123
a_listing[69]    3.010008329 0.59722028  2.098126417  3.97582156 1.0010402
a_listing[70]    2.647916118 0.70627285  1.512851298  3.80719768 1.0010720
a_listing[71]    2.603148246 0.69977147  1.501686554  3.69054154 1.0006048
a_listing[72]    2.183011913 0.58905748  1.276353299  3.16709904 1.0019722
a_listing[73]    2.310738369 0.66675644  1.262327855  3.38515140 1.0024358
a_listing[74]    2.962821405 0.63372073  1.950575308  3.96991698 1.0005852
a_listing[75]    2.603201778 0.71135423  1.493806990  3.74359278 1.0000922
a_listing[76]    2.763895206 0.67515415  1.699452903  3.86267145 0.9998427
a_listing[77]    2.836504422 0.68317011  1.784279881  3.97909278 1.0010357
a_listing[78]    2.095207486 0.69543164  0.991417679  3.19322793 1.0015947
a_listing[79]    3.015759502 0.54506581  2.198551157  3.94906387 1.0040833
a_listing[80]    2.675294998 0.69907256  1.580149726  3.77761226 1.0032716
a_listing[81]    1.806094733 0.50617099  1.017102805  2.63226436 0.9997525
a_listing[82]    2.159519399 0.67671397  1.089887735  3.26167170 1.0006494
a_listing[83]    2.936416674 0.66556341  1.880774203  4.03238665 1.0008571
a_listing[84]    2.156617676 0.68497375  1.056474886  3.24761074 1.0013488
a_listing[85]    2.596443909 0.50724178  1.818561953  3.44021109 1.0005543
a_listing[86]    2.583883335 0.70945137  1.440527515  3.69151450 1.0020101
a_listing[87]    3.035885764 0.61833457  2.087570887  4.04406919 1.0019402
a_listing[88]    2.715443549 0.70001647  1.609119837  3.89098885 1.0025739
a_listing[89]    1.697926714 0.69513775  0.578259815  2.81342944 1.0029745
a_listing[90]    2.095167200 0.69891356  1.014929600  3.22203462 1.0024689
a_listing[91]    2.650224275 0.70893937  1.539444101  3.79460297 1.0057948
a_listing[92]    2.631714603 0.68047545  1.545053085  3.72635678 0.9999328
a_listing[93]    2.979729492 0.53098122  2.168778781  3.83813062 1.0016225
a_listing[94]    2.995683372 0.63481574  2.041183533  4.03031550 1.0006462
a_listing[95]    2.572700837 0.46671580  1.847051546  3.34226493 1.0009326
a_listing[96]    3.167376098 0.50980055  2.388118889  4.00905633 1.0018333
a_listing[97]    2.657275695 0.68754892  1.559251234  3.76642756 1.0007548
a_listing[98]    2.611765851 0.45246825  1.909018424  3.37007027 1.0017190
a_listing[99]    2.591249723 0.71726085  1.460242154  3.73524169 1.0005428
a_listing[100]   2.680464783 0.68829617  1.612233374  3.79839230 0.9997978
a_listing[101]   2.231466100 0.70436964  1.126503613  3.34096624 1.0003130
a_listing[102]   3.507336042 0.51464384  2.739337938  4.34515325 1.0000037
a_listing[103]   1.701392895 0.68111373  0.636283092  2.82399068 1.0002913
a_listing[104]   1.889430414 0.38339229  1.304585804  2.51990909 1.0008354
a_listing[105]   3.083253373 0.59653983  2.158808895  4.04870260 1.0006404
a_listing[106]   2.828690577 0.34947907  2.292338196  3.39142371 1.0003706
a_listing[107]   2.402052570 0.35439689  1.847138276  2.99513263 1.0035591
a_listing[108]   2.645840071 0.69722537  1.548935137  3.78803339 1.0021997
a_listing[109]   2.584456390 0.70546489  1.447116408  3.71435154 1.0018779
a_listing[110]   2.839896484 0.64738190  1.811405039  3.88251310 1.0019888
a_listing[111]   3.008641042 0.59623359  2.053943192  3.97699856 1.0008703
a_listing[112]   2.975432976 0.62441000  1.992576328  3.99492147 1.0015007
a_listing[113]   2.898485624 0.41861494  2.264108291  3.59700446 1.0020834
a_listing[114]   2.345402240 0.65065729  1.330762511  3.39996094 1.0010478
a_listing[115]   2.816328857 0.65619890  1.801383663  3.89154706 1.0000431
a_listing[116]   2.822138320 0.66652962  1.769498937  3.89619808 0.9999432
a_listing[117]   2.075294422 0.41692409  1.441524348  2.76453744 1.0003947
a_listing[118]   2.602780233 0.72740293  1.448021207  3.76362943 1.0031740
a_listing[119]   2.590091103 0.70656306  1.486293910  3.75159764 1.0039172
a_listing[120]   1.935948865 0.62235025  0.957713652  2.93797297 1.0016447
a_listing[121]   2.412019715 0.63369710  1.410568642  3.43538478 1.0005316
a_listing[122]   2.902022066 0.62461351  1.934426880  3.91532314 1.0012172
a_listing[123]   2.881567980 0.56402078  2.021185660  3.84567066 1.0024496
a_listing[124]   2.646139757 0.68782572  1.545784411  3.76189689 1.0000799
a_listing[125]   2.998741881 0.62618104  2.033805709  4.04918239 1.0007793
a_listing[126]   2.798612254 0.49278017  2.016669601  3.61429033 1.0015079
a_listing[127]   2.100606458 0.71248438  0.966415136  3.22160811 1.0006073
a_listing[128]   2.272166594 0.44901959  1.575219323  3.00631380 1.0024198
a_listing[129]   2.633731944 0.67919730  1.570007002  3.73104165 1.0011678
a_listing[130]   2.636742915 0.50839778  1.871748276  3.49330115 0.9996134
a_listing[131]   2.481517980 0.34722147  1.946263990  3.05261454 1.0017753
a_listing[132]   2.299729132 0.53915088  1.468534508  3.18857788 1.0003353
a_listing[133]   2.692961201 0.69371868  1.602328853  3.79463253 1.0029735
a_listing[134]   2.102176367 0.74345400  0.891831234  3.27327527 1.0024485
a_listing[135]   1.577268884 0.28036793  1.146768702  2.04529392 1.0011397
a_listing[136]   2.794395739 0.66171826  1.776359062  3.86392616 1.0016175
a_listing[137]   2.649650060 0.71060968  1.518145346  3.77184745 1.0011072
a_listing[138]   2.072477232 0.34914875  1.536177462  2.64448176 1.0041868
a_listing[139]   2.159548940 0.56328981  1.318109987  3.08355197 1.0013991
a_listing[140]   2.736917619 0.56337159  1.868418894  3.66379556 1.0018341
a_listing[141]   2.663045452 0.68597405  1.565505866  3.76929800 1.0036000
a_listing[142]   2.388040470 0.54435741  1.554079341  3.27707506 1.0023338
a_listing[143]   2.309892141 0.65023894  1.284628440  3.33726061 1.0001162
a_listing[144]   2.586115578 0.51681793  1.798196320  3.44439750 1.0040400
a_listing[145]   1.830884865 0.63400351  0.834690687  2.84821458 1.0005191
a_listing[146]   2.303335620 0.65594014  1.269000622  3.36790275 1.0000431
a_listing[147]   2.587430211 0.72105429  1.437557971  3.74905256 1.0025290
a_listing[148]   2.592878754 0.70305040  1.490651673  3.73302043 1.0014584
a_listing[149]   2.595620374 0.72972818  1.421264518  3.77486337 1.0005668
a_listing[150]   2.127255888 0.59476066  1.210907887  3.10562888 1.0010246
a_listing[151]   2.606566106 0.50969525  1.811076008  3.46484602 1.0002899
a_listing[152]   2.735108357 0.57472246  1.845176649  3.67098779 1.0016723
a_listing[153]   2.102288618 0.71602759  0.953918701  3.22813818 1.0029006
a_listing[154]   2.794719531 0.56103491  1.926515468  3.71293885 1.0007520
a_listing[155]   2.155599260 0.71764444  1.004970123  3.27595130 1.0029853
a_listing[156]   2.751291342 0.67669652  1.676197751  3.86138989 1.0020147
a_listing[157]   2.639318423 0.69110620  1.549224687  3.76057233 1.0008128
a_listing[158]   2.768010609 0.66847881  1.717401347  3.85063091 0.9997441
a_listing[159]   2.618318356 0.58077835  1.720913490  3.58383434 1.0001952
a_listing[160]   2.047160473 0.37619402  1.470395577  2.66535929 1.0020375
a_listing[161]   3.017722401 0.54629494  2.179482280  3.92131745 1.0034767
a_listing[162]   2.356851035 0.47940440  1.617495008  3.15467422 1.0023796
a_listing[163]   2.599893307 0.70078961  1.498275107  3.74485984 1.0002532
a_listing[164]   2.583741342 0.69734985  1.461719198  3.69358501 1.0015928
a_listing[165]   2.217804734 0.67940489  1.172938551  3.29481595 1.0012342
a_listing[166]   1.938262577 0.61168718  0.975273393  2.93389742 1.0016550
a_listing[167]   1.679782895 0.39181232  1.061779787  2.32727543 1.0011551
a_listing[168]   1.773804221 0.66402161  0.710846312  2.82953010 1.0007532
a_listing[169]   2.596547101 0.72666671  1.460113889  3.77114533 0.9999519
a_listing[170]   2.302801299 0.66048113  1.251452014  3.36999697 1.0006635
a_listing[171]   2.362348804 0.38860549  1.774986780  3.00754324 1.0015219
a_listing[172]   2.095867166 0.71492675  0.961511637  3.25127132 1.0004846
a_listing[173]   2.097383490 0.69243495  1.007062109  3.22328200 1.0016839
a_listing[174]   2.090053747 0.70968262  0.978288419  3.22993362 1.0002960
a_listing[175]   2.099771399 0.70714031  0.963843547  3.21635759 1.0011083
a_listing[176]   2.594581612 0.71687399  1.462667487  3.73837754 1.0040921
a_listing[177]   3.064277270 0.60422413  2.135189452  4.06792299 1.0014488
a_listing[178]   2.603614152 0.70661495  1.497734484  3.72465742 1.0034320
a_listing[179]   2.071576685 0.70041528  0.962647219  3.19270515 1.0009851
a_listing[180]   2.590636937 0.71431676  1.455841839  3.75362451 1.0014756
a_listing[181]   2.092019319 0.72619194  0.950464642  3.25025702 0.9993450
a_listing[182]   2.641104607 0.70432750  1.527447279  3.80845104 1.0002867
a_listing[183]   2.454329189 0.53602752  1.622219087  3.34677335 1.0029187
a_listing[184]   2.884511382 0.63918769  1.890019786  3.94408791 1.0010042
a_listing[185]   2.326990299 0.44392099  1.653322836  3.06725490 1.0036105
a_listing[186]   2.606677010 0.70544269  1.503712686  3.74780097 1.0006718
a_listing[187]   2.585123026 0.70169389  1.483650856  3.71056626 1.0000903
a_listing[188]   2.607370371 0.70978323  1.479386663  3.73965079 1.0030975
a_listing[189]   2.900162731 0.64700059  1.916753853  3.95747132 1.0006400
a_listing[190]   2.633505348 0.70509379  1.534291193  3.77573195 0.9997457
a_listing[191]   2.961469346 0.52182019  2.152071210  3.82037429 1.0006043
a_listing[192]   2.915578463 0.64974749  1.896852189  3.96422213 1.0008955
a_listing[193]   3.193565355 0.59720574  2.296072931  4.18028667 1.0005685
a_listing[194]   2.738584922 0.69892716  1.626900446  3.87352967 0.9996375
a_listing[195]   2.673819455 0.66859889  1.576209882  3.77002716 1.0045252
a_listing[196]   2.584733621 0.58747521  1.673418355  3.56561834 1.0027782
a_listing[197]   2.594680181 0.72470451  1.437649289  3.75056308 1.0026785
a_listing[198]   2.737881231 0.67941697  1.695883979  3.88616161 1.0013596
a_listing[199]   2.384934749 0.63418507  1.419789900  3.40397265 1.0004161
a_listing[200]   2.541261013 0.60447386  1.620182842  3.53139744 0.9995383
a_listing[201]   2.266033561 0.66426232  1.220496060  3.37113960 1.0004700
a_listing[202]   2.737764420 0.57974433  1.843717239  3.70290915 1.0018987
a_listing[203]   2.639560688 0.68632668  1.537004990  3.75946977 0.9997001
a_listing[204]   2.335193433 0.64132522  1.327343251  3.37369218 1.0012125
a_listing[205]   2.590492455 0.71536571  1.427801544  3.73430797 1.0017953
a_listing[206]   2.589106987 0.70846207  1.455905513  3.70417529 1.0020141
a_listing[207]   2.689011172 0.70134053  1.592683826  3.77512733 1.0001300
a_listing[208]   3.167581563 0.59228856  2.253946760  4.16273477 1.0034564
a_listing[209]   3.004575955 0.62018761  2.037149337  4.02069134 1.0026827
a_listing[210]   2.597039188 0.72336252  1.437849301  3.74315893 1.0026649
a_listing[211]   2.956178682 0.62451145  1.991981480  3.97650838 1.0005387
a_listing[212]   2.192842606 0.58195119  1.285337973  3.14843937 1.0002795
a_listing[213]   1.637291204 0.32672951  1.134011075  2.16681885 0.9999209
a_listing[214]   2.597098962 0.73261913  1.406086088  3.79850593 1.0012064
a_listing[215]   2.683593890 0.67581758  1.615266704  3.78905385 1.0026096
a_listing[216]   1.471427540 0.48612405  0.735194146  2.26226607 1.0035222
a_listing[217]   2.594580404 0.69393346  1.473870328  3.69652240 1.0004087
a_listing[218]   1.302593142 0.42352413  0.657689970  1.98579864 1.0003454
a_listing[219]   2.610721064 0.70580641  1.491605727  3.73068718 1.0009236
a_listing[220]   1.756518139 0.66691894  0.691404606  2.82723207 1.0008694
a_listing[221]   2.362400561 0.62932368  1.376810024  3.36763487 1.0009446
a_listing[222]   1.931885591 0.40006292  1.303493284  2.57781079 1.0003917
a_listing[223]   2.581729660 0.72092994  1.439101965  3.75545546 1.0015683
a_listing[224]   2.599874679 0.69803710  1.492798829  3.73385497 1.0007862
a_listing[225]   2.980246189 0.61971075  2.028005532  3.97297732 1.0016195
a_listing[226]   2.517847401 0.60654572  1.564114078  3.49383749 1.0003935
a_listing[227]   2.260694580 0.65619076  1.226830124  3.31931733 1.0005424
a_listing[228]   2.611135247 0.38239457  2.017703690  3.24973132 1.0017690
a_listing[229]   2.770115126 0.67905083  1.706964477  3.88405457 1.0017105
a_listing[230]   2.478504536 0.60393031  1.565308934  3.47326859 0.9998093
a_listing[231]   1.276541172 0.25697454  0.873981930  1.69391092 1.0009737
a_listing[232]   1.732095564 0.42542720  1.067127118  2.42547384 0.9998770
a_listing[233]   2.683150432 0.57484516  1.764059422  3.63212444 0.9998614
a_listing[234]   2.792349485 0.65441852  1.775568940  3.85109337 1.0008394
a_listing[235]   2.596683537 0.72006564  1.459775954  3.76026788 1.0015325
a_listing[236]   2.472745188 0.61231339  1.538850238  3.44568172 1.0000231
a_listing[237]   2.735736675 0.68349696  1.662319269  3.83411024 1.0001263
a_listing[238]   3.109295203 0.60689595  2.181662453  4.09927237 1.0000387
a_listing[239]   2.587954349 0.72589772  1.448194381  3.74139816 1.0007010
a_listing[240]   2.826602402 0.63622929  1.827960177  3.87173555 1.0009648
a_listing[241]   2.607862589 0.51018063  1.804118228  3.44655972 1.0000630
a_listing[242]   2.739540808 0.68084880  1.692530805  3.84314939 0.9998922
a_listing[243]   2.200889710 0.68580938  1.121734081  3.32503319 1.0007457
a_listing[244]   2.584202168 0.71211010  1.447613166  3.73789263 1.0026942
a_listing[245]   2.638809864 0.69613166  1.545183551  3.74703494 0.9999298
a_listing[246]   2.498275834 0.47216651  1.778050818  3.28560292 1.0015440
a_listing[247]   2.815251776 0.66236688  1.796430564  3.86328098 1.0012635
a_listing[248]   2.716397219 0.67677002  1.649904557  3.80264015 1.0003920
a_listing[249]   2.322588745 0.55364891  1.472100135  3.21747740 1.0010915
a_listing[250]   2.591042357 0.58821910  1.686673566  3.53547420 1.0003253
a_listing[251]   2.876730858 0.64437788  1.868802937  3.90072760 0.9995103
a_listing[252]   2.706065289 0.68940816  1.611157850  3.82858906 0.9999933
a_listing[253]   2.150560133 0.68898238  1.086656109  3.25415248 0.9998945
a_listing[254]   2.593825996 0.71398210  1.473570820  3.73480820 1.0013030
a_listing[255]   1.338598052 0.64049389  0.301263336  2.35778629 0.9997917
a_listing[256]   2.818440441 0.65111038  1.806635063  3.87679126 1.0039426
a_listing[257]   2.342785120 0.56274952  1.464797680  3.29370216 1.0016879
a_listing[258]   2.688241615 0.66966818  1.655610885  3.76108138 0.9999531
a_listing[259]   2.652520640 0.68416880  1.551720264  3.73741510 1.0009979
a_listing[260]   2.603327564 0.70703085  1.478259659  3.72242621 1.0002800
a_listing[261]   2.852996979 0.65978411  1.821209042  3.93425617 1.0004157
a_listing[262]   2.186651401 0.57203273  1.299177166  3.13468874 1.0006114
a_listing[263]   2.972288937 0.52379389  2.165118530  3.82567318 1.0002174
a_listing[264]   2.917327796 0.52808993  2.116526550  3.79261698 1.0017879
a_listing[265]   2.881962569 0.63214441  1.905172871  3.92571138 1.0030407
a_listing[266]   2.523956805 0.61780027  1.574643466  3.55518095 1.0014249
a_listing[267]   2.584827940 0.71440980  1.473625759  3.72797771 1.0003430
a_listing[268]   2.713192081 0.67505810  1.660692161  3.77729733 0.9995238
a_listing[269]   2.783578155 0.66136987  1.733923667  3.84727178 1.0023044
a_listing[270]   2.155446250 0.68644032  1.081815619  3.23741519 0.9996623
a_listing[271]   1.825377338 0.56229857  0.949135840  2.73586929 1.0004041
a_listing[272]   2.222202567 0.67876156  1.145121806  3.30802615 1.0003400
a_listing[273]   2.153949254 0.67867703  1.091624428  3.22634710 1.0008684
a_listing[274]   2.951707698 0.65013365  1.943509517  4.02487365 1.0012412
a_listing[275]   2.688525459 0.71546915  1.546059546  3.83593114 1.0042990
a_listing[276]   3.162918515 0.57501187  2.290319464  4.09448814 0.9997104
a_listing[277]   3.129063032 0.60158877  2.196214487  4.11894663 1.0014284
a_listing[278]   2.214111023 0.66402164  1.171263566  3.26808871 1.0003001
a_listing[279]   2.143503050 0.70442117  1.026867788  3.26054482 1.0022417
a_listing[280]   2.601413757 0.73041620  1.445656807  3.77414313 1.0022249
a_listing[281]   3.547873908 0.38059674  2.964277857  4.17924176 1.0011306
a_listing[282]   2.096543863 0.59629101  1.164425291  3.07291867 1.0029180
a_listing[283]   2.101984118 0.70669787  0.964359068  3.26102315 1.0027763
a_listing[284]   2.315467156 0.66828282  1.276573836  3.39362104 1.0009351
a_listing[285]   1.383587647 0.19134743  1.083502330  1.68458699 1.0002967
a_listing[286]   2.808931040 0.65914351  1.786199140  3.90319215 1.0020017
a_listing[287]   2.791139353 0.68582245  1.744495793  3.91723395 1.0013958
a_listing[288]   1.563097655 0.43874801  0.905370365  2.29310743 1.0010789
a_listing[289]   2.585217018 0.70420767  1.473695850  3.72869088 1.0027782
a_listing[290]   2.877379432 0.56404153  2.016591664  3.79893754 1.0008574
a_listing[291]   1.909593433 0.56367136  1.044222844  2.83599912 1.0016591
a_listing[292]   2.707068790 0.68122318  1.650655142  3.80300474 1.0001329
a_listing[293]   2.033982293 0.46768198  1.322626734  2.79047394 1.0012032
a_listing[294]   2.176004017 0.57972321  1.275753399  3.13068743 1.0010049
a_listing[295]   2.217800371 0.66353828  1.164689834  3.29375816 1.0003712
a_listing[296]   2.104528348 0.70132830  0.999394338  3.22051189 1.0015132
a_listing[297]   2.265435350 0.54719461  1.416671722  3.13886687 1.0001269
a_listing[298]   2.271283424 0.65249278  1.250352609  3.33951099 1.0016168
a_listing[299]   2.607779750 0.73353172  1.454719990  3.79703519 1.0033624
a_listing[300]   2.647920969 0.69047392  1.553398369  3.76261278 1.0005588
a_listing[301]   1.511142960 0.33102385  0.998758105  2.04034676 1.0001246
a_listing[302]   2.816589206 0.55649383  1.963413500  3.75493091 1.0035033
a_listing[303]   2.228047678 0.67821053  1.165423325  3.30503427 1.0019753
a_listing[304]   2.635178635 0.70051615  1.517823366  3.74452028 1.0013002
a_listing[305]   2.719673272 0.69498884  1.644024146  3.85841087 1.0021316
a_listing[306]   2.265692124 0.66310270  1.196227498  3.34751337 1.0000540
a_listing[307]   2.432805281 0.62248092  1.475655281  3.46726969 1.0007901
a_listing[308]   2.596504657 0.73614001  1.415821391  3.77098541 1.0007911
a_listing[309]   2.582972312 0.72396874  1.425439497  3.70955301 1.0004704
a_listing[310]   1.867954670 0.53365662  1.029831320  2.74352980 1.0026849
a_listing[311]   1.886530976 0.64149356  0.876955874  2.95773062 1.0002446
a_listing[312]   2.607995184 0.73561438  1.473277911  3.77479217 1.0025221
a_listing[313]   2.648048168 0.72186206  1.500445286  3.80141415 1.0025103
a_listing[314]   2.647561502 0.71200801  1.532609509  3.80869216 1.0014788
a_listing[315]   3.281652142 0.55524424  2.429341879  4.19123086 1.0012531
a_listing[316]   2.930084497 0.62451366  1.967145319  3.92418785 1.0002702
a_listing[317]   2.717712477 0.69555890  1.619304869  3.86799626 1.0022345
a_listing[318]   2.744960418 0.58315627  1.858264917  3.69705469 1.0014745
a_listing[319]   2.909080758 0.63619520  1.932643084  3.95121783 1.0003374
a_listing[320]   2.304956157 0.65059335  1.294442719  3.36063985 1.0013037
a_listing[321]   2.520313289 0.52060472  1.717145081  3.39055662 1.0009905
a_listing[322]   3.102102000 0.52940108  2.295421125  3.98648312 1.0020106
a_listing[323]   2.651885057 0.70121881  1.560199054  3.77988934 1.0008377
a_listing[324]   1.690160010 0.67023310  0.608019591  2.77154845 1.0004376
a_listing[325]   3.061282713 0.59819926  2.133517738  4.07786141 0.9998794
a_listing[326]   2.154681065 0.69003702  1.062159497  3.26527129 1.0000772
a_listing[327]   2.086371797 0.72514452  0.938188915  3.26246757 1.0022100
a_listing[328]   2.179587730 0.68615587  1.101684081  3.27404902 1.0007084
a_listing[329]   1.766588149 0.64852428  0.748273751  2.79571595 0.9998849
a_listing[330]   1.699133402 0.46266566  0.997376736  2.45801764 1.0009752
a_listing[331]   1.870419756 0.49704411  1.097815379  2.68121701 1.0018850
a_listing[332]   2.236017853 0.56244132  1.367028632  3.14965232 1.0012501
a_listing[333]   2.599729081 0.71211845  1.434212738  3.74843737 1.0016469
a_listing[334]   2.164813601 0.68589915  1.066925921  3.28225907 1.0023683
a_listing[335]   1.777438779 0.66819639  0.721928877  2.85824671 1.0009499
a_listing[336]   1.776596091 0.67606925  0.714951475  2.87092569 1.0014397
a_listing[337]   2.204348476 0.67878245  1.121164424  3.29700396 1.0032030
a_listing[338]   2.023164184 0.58905085  1.088598040  2.98093898 1.0012836
a_listing[339]   2.636602804 0.68990427  1.563082771  3.75918649 1.0004337
a_listing[340]   2.773161059 0.66343704  1.756192586  3.86315486 1.0012772
a_listing[341]   2.219787693 0.64459699  1.200312795  3.28825393 1.0013008
a_listing[342]   2.778803775 0.64503709  1.759975437  3.83166114 1.0018303
a_listing[343]   2.085732577 0.50971839  1.311478805  2.91170813 1.0014704
a_listing[344]   1.803949326 0.57921801  0.914090134  2.72706925 1.0018900
a_listing[345]   2.827569744 0.64721029  1.794280374  3.85571421 1.0016949
a_listing[346]   2.689846757 0.69380887  1.600818629  3.81708552 1.0006681
a_listing[347]   2.810636830 0.66592331  1.770425059  3.90229048 1.0007285
a_listing[348]   2.690556424 0.72124651  1.532224626  3.85694875 1.0001607
a_listing[349]   2.850107546 0.65955127  1.811208866  3.90712079 1.0012258
a_listing[350]   2.495516083 0.61912727  1.532769082  3.50593172 1.0051751
a_listing[351]   2.685786047 0.67948643  1.611347681  3.78921526 1.0016023
a_listing[352]   2.677588276 0.70850378  1.567745334  3.83495496 1.0003859
a_listing[353]   2.598971368 0.72630274  1.428507594  3.75221457 1.0007866
a_listing[354]   2.715171680 0.69113208  1.632802887  3.83401736 1.0003669
a_listing[355]   3.001748617 0.51967034  2.197258684  3.85224626 1.0007686
a_listing[356]   2.512625858 0.41467225  1.871785883  3.20701753 1.0014785
a_listing[357]   2.645339905 0.71793798  1.511434385  3.79337457 1.0007653
a_listing[358]   2.298855882 0.67248612  1.249834893  3.40601030 1.0012263
a_listing[359]   1.812013876 0.56487854  0.928775498  2.73445153 1.0004255
a_listing[360]   3.136130637 0.59159800  2.221440220  4.12139695 1.0047207
a_listing[361]   2.643974992 0.69064203  1.513194641  3.78949283 1.0010708
a_listing[362]   2.452319345 0.61975181  1.486618983  3.45617941 1.0007956
a_listing[363]   2.382468818 0.64139920  1.359777807  3.41956138 0.9993792
a_listing[364]   2.762754135 0.67670891  1.698323460  3.83658611 1.0019567
a_listing[365]   2.503587540 0.52398618  1.700289238  3.35578852 1.0013210
a_listing[366]   1.631095579 0.40173869  1.014751687  2.30299973 1.0001271
a_listing[367]   2.680185143 0.69109505  1.594890064  3.80452348 1.0018460
a_listing[368]   2.782227906 0.65637506  1.773258026  3.84190188 1.0022758
a_listing[369]   2.662441520 0.71337403  1.540150664  3.80771439 1.0041218
a_listing[370]   2.639942938 0.70539584  1.526672782  3.80036044 1.0034496
a_listing[371]   2.835301919 0.44350161  2.146437799  3.56624216 1.0002006
a_listing[372]   2.750248449 0.67847602  1.685254382  3.83256069 1.0005555
a_listing[373]   2.512034671 0.61686884  1.563501959  3.50027023 1.0019348
a_listing[374]   2.113031093 0.43081087  1.456676934  2.84289596 1.0009738
a_listing[375]   1.854355124 0.39301008  1.244519005  2.49879594 1.0012460
a_listing[376]   1.834823346 0.66212283  0.811807807  2.88725265 1.0037227
a_listing[377]   2.987158890 0.61509083  2.040900282  4.00472304 1.0009127
a_listing[378]   3.635064166 0.39971149  3.022660844  4.29004713 1.0018393
a_listing[379]   2.135837341 0.52934323  1.304135234  3.00947208 1.0014399
a_listing[380]   2.678437168 0.57244356  1.782727522  3.62446392 0.9996637
a_listing[381]   3.595579080 0.39882873  2.992544665  4.25779407 1.0015995
a_listing[382]   2.687133879 0.68208634  1.610382628  3.79035826 1.0010041
a_listing[383]   2.102061113 0.59165627  1.185667371  3.07046005 0.9997026
a_listing[384]   2.532007332 0.59795691  1.606935474  3.50625629 1.0018977
a_listing[385]   2.160009292 0.68866655  1.057799863  3.26228893 1.0000564
a_listing[386]   2.147502687 0.68306614  1.082713051  3.26518313 1.0028307
a_listing[387]   1.459368999 0.54137890  0.594330807  2.32829288 0.9998595
a_listing[388]   2.711091591 0.64647279  1.699325142  3.74273072 1.0028241
a_listing[389]   2.718405011 0.68759484  1.623423238  3.81983151 1.0009181
a_listing[390]   2.239831208 0.57663621  1.342077255  3.19943706 1.0009061
a_listing[391]   2.689329511 0.58602339  1.768517819  3.64803765 1.0003011
a_listing[392]   2.201759355 0.49785329  1.438727458  3.00184791 1.0015891
a_listing[393]   2.679365373 0.70136006  1.568026028  3.80920245 1.0006373
a_listing[394]   2.458951028 0.61533427  1.495691516  3.46034271 1.0022857
a_listing[395]   2.058436092 0.59740078  1.140675975  3.03672999 0.9996669
a_listing[396]   2.589654207 0.69777144  1.464224023  3.67389992 1.0019623
a_listing[397]   2.221203126 0.51663177  1.419658506  3.08536340 1.0004263
a_listing[398]   2.766617451 0.67058321  1.728779439  3.85043586 1.0023081
a_listing[399]   2.646584104 0.70366832  1.506593833  3.75206269 1.0003192
a_listing[400]   2.629691012 0.70092227  1.509346386  3.78217170 1.0016520
a_listing[401]   2.642651829 0.51556425  1.850416484  3.48046795 0.9999543
a_listing[402]   2.258379160 0.67346856  1.197106618  3.34552280 1.0006570
a_listing[403]   2.585610095 0.70959700  1.467469448  3.75095549 1.0003370
a_listing[404]   2.773609645 0.67423599  1.714859573  3.89530348 0.9997594
a_listing[405]   2.630653003 0.68282795  1.535182293  3.73008756 1.0011152
a_listing[406]   2.090657357 0.70638623  0.972938227  3.21985506 1.0000034
a_listing[407]   2.693832983 0.56686584  1.815787226  3.62922504 1.0008970
a_listing[408]   2.536473953 0.60289201  1.608888121  3.53158258 1.0028690
a_listing[409]   2.378935046 0.63510787  1.384194419  3.42295336 1.0009071
a_listing[410]   2.373554239 0.54807592  1.532276187  3.26486960 0.9995378
a_listing[411]   2.263898041 0.57836061  1.381590993  3.19756022 1.0008290
a_listing[412]   1.897001512 0.48190469  1.154510914  2.68951255 1.0011585
a_listing[413]   2.801273178 0.66679087  1.766903811  3.85557405 1.0014159
a_listing[414]   2.801715974 0.66010088  1.793258286  3.88977354 1.0012163
a_listing[415]   2.263089166 0.67008740  1.212108627  3.35644312 0.9997176
a_listing[416]   2.093724242 0.70633925  0.940423201  3.21303539 1.0002041
a_listing[417]   1.643106832 0.42114070  0.998346936  2.33029716 1.0002804
a_listing[418]   2.884328029 0.54967990  2.040114583  3.78610172 1.0011455
a_listing[419]   2.265933517 0.55829721  1.399917471  3.19211436 1.0003426
a_listing[420]   2.718818128 0.70447281  1.599247397  3.87438247 1.0043806
a_listing[421]   2.392950546 0.50292506  1.598486257  3.23126799 1.0011324
a_listing[422]   2.481761146 0.61440720  1.544668678  3.48704356 1.0003319
a_listing[423]   2.407594385 0.63141945  1.426707828  3.45930306 1.0003273
a_listing[424]   2.053402353 0.60671687  1.115932330  3.04574222 1.0003196
a_listing[425]   2.632095489 0.68973171  1.554743002  3.76445518 1.0010803
a_listing[426]   2.937403766 0.63059058  1.957768520  3.97512134 1.0001768
a_listing[427]   2.413952141 0.52790443  1.569799428  3.32013273 1.0005857
a_listing[428]   2.632471073 0.69041300  1.518141756  3.74428770 1.0009982
a_listing[429]   2.338735619 0.64352653  1.327730942  3.37036736 1.0012483
a_listing[430]   2.548488920 0.52463164  1.735148652  3.42846838 0.9999300
a_listing[431]   2.870740169 0.47113462  2.147044027  3.65845500 1.0024663
a_listing[432]   2.084133264 0.46191438  1.357857456  2.85908946 1.0029029
a_listing[433]   2.764368267 0.49538994  2.006082646  3.57554420 0.9998514
a_listing[434]   2.121797840 0.51282423  1.337460941  2.96645020 1.0012908
a_listing[435]   2.772044187 0.64978292  1.744537724  3.81283437 0.9997958
a_listing[436]   2.352208924 0.64238244  1.342312001  3.40165436 1.0022803
a_listing[437]   2.514589436 0.46691747  1.793642020  3.26429480 1.0010280
a_listing[438]   2.093069923 0.71007047  0.950613444  3.25247121 0.9993992
a_listing[439]   2.639119910 0.68580166  1.577149979  3.73469054 1.0020258
a_listing[440]   2.887593283 0.63968087  1.894684485  3.89864769 0.9996713
a_listing[441]   2.798394736 0.66650235  1.773137609  3.89716722 1.0015333
a_listing[442]   2.725526119 0.56328570  1.842012486  3.63729456 1.0030948
a_listing[443]   2.635454137 0.69380484  1.525128182  3.74294808 1.0017059
a_listing[444]   2.441619524 0.63411645  1.442129412  3.47883452 1.0028342
a_listing[445]   2.261985137 0.65161509  1.243555958  3.31855539 1.0019435
a_listing[446]   2.117500952 0.69374060  1.006726133  3.23657333 1.0012825
a_listing[447]   2.302526282 0.66538834  1.281054379  3.38650559 1.0015556
a_listing[448]   2.596815750 0.74860015  1.422914466  3.77071870 1.0016649
a_listing[449]   2.615048382 0.70515675  1.489862816  3.72838948 1.0032810
a_listing[450]   2.085570332 0.69289817  1.005180946  3.18780351 1.0002302
a_listing[451]   2.630079958 0.71497890  1.498963443  3.77084343 1.0006952
a_listing[452]   2.640640377 0.68549160  1.539889899  3.72971322 1.0009470
a_listing[453]   2.602022687 0.73299316  1.449287475  3.75375385 1.0001897
a_listing[454]   2.581026213 0.72241552  1.433829093  3.73253985 1.0016125
a_listing[455]   2.587420364 0.71007176  1.478987172  3.75158365 1.0004048
a_listing[456]   2.575975624 0.69776306  1.462173250  3.68057249 1.0023970
a_listing[457]   3.073537328 0.61325149  2.117661153  4.07801555 1.0011143
a_listing[458]   3.056166016 0.60821723  2.121692100  4.07349383 1.0017458
a_listing[459]   2.961950858 0.62183078  2.003263258  3.97825045 1.0025142
a_listing[460]   2.940480355 0.61902812  1.957599511  3.94578719 1.0022834
a_listing[461]   2.849213559 0.67315083  1.792569580  3.90977984 1.0011025
a_listing[462]   2.603901576 0.70378398  1.482246858  3.73212100 1.0019628
a_listing[463]   2.556939148 0.60857485  1.607181258  3.56295496 1.0007621
a_listing[464]   2.610772433 0.73541183  1.413796551  3.77227230 1.0003977
a_listing[465]   2.677918777 0.74668817  1.506518558  3.88384317 0.9998903
a_listing[466]   2.729920426 0.68273665  1.669044544  3.84663339 1.0046674
a_listing[467]   2.844306536 0.64438242  1.809061721  3.88022068 1.0006975
a_listing[468]   2.811772719 0.68250167  1.756082672  3.92372377 1.0082541
a_listing[469]   2.647694043 0.70561634  1.537936089  3.78787620 1.0002407
a_listing[470]   1.925827794 0.48608967  1.175928647  2.71020449 1.0012364
a_listing[471]   2.677188985 0.67436590  1.625949178  3.77215004 1.0028768
a_listing[472]   3.067005466 0.58071601  2.179346542  4.01697955 0.9998338
a_listing[473]   2.615182837 0.58979945  1.698848437  3.58880898 1.0019173
a_listing[474]   1.430596402 0.63096537  0.441380916  2.42390448 0.9997768
a_listing[475]   1.889128553 0.62065624  0.918475018  2.88451927 1.0003446
a_listing[476]   2.921884956 0.62490779  1.964822479  3.96836419 0.9995412
a_listing[477]   3.029521734 0.62476508  2.085309700  4.04624631 1.0020961
a_listing[478]   2.158180510 0.57204353  1.269915463  3.09621636 1.0003649
a_listing[479]   2.210996724 0.57549734  1.302269719  3.14668476 1.0000863
a_listing[480]   2.381581593 0.63701161  1.378690171  3.42260826 1.0022364
a_listing[481]   1.718940656 0.45661351  1.015430974  2.45658333 1.0023545
a_listing[482]   2.689329421 0.68256844  1.610941925  3.79169481 1.0027912
a_listing[483]   2.376003693 0.62962418  1.383757351  3.39778173 1.0053651
a_listing[484]   2.608325331 0.71010470  1.486543126  3.75135902 1.0002186
a_listing[485]   2.736976348 0.69091760  1.672847774  3.87240912 1.0016233
a_listing[486]   2.792428633 0.66757763  1.752541031  3.86666324 1.0016273
a_listing[487]   2.756057517 0.68822405  1.692602859  3.88228972 1.0010537
a_listing[488]   2.718949317 0.70346903  1.634305269  3.85381501 1.0006510
a_listing[489]   2.876328343 0.64748720  1.873490301  3.90944999 1.0027862
a_listing[490]   2.853827139 0.64987357  1.822038052  3.92279638 1.0006141
a_listing[491]   2.889694467 0.62637814  1.910348658  3.93711455 1.0015010
a_listing[492]   2.205593804 0.57162168  1.332748578  3.13296251 1.0001992
a_listing[493]   2.775216282 0.66579961  1.721338626  3.86063661 1.0003577
a_listing[494]   2.800186449 0.65804990  1.758773337  3.86798144 1.0021078
a_listing[495]   2.245275890 0.56544996  1.390682609  3.17181458 1.0016922
a_listing[496]   2.882648249 0.63458604  1.910047185  3.90149332 1.0011545
a_listing[497]   2.901433655 0.64876470  1.889276697  3.94179805 0.9999180
a_listing[498]   2.673010467 0.69457473  1.590341512  3.79163572 1.0009023
a_listing[499]   2.610475817 0.71433429  1.462626010  3.77253052 1.0004518
a_listing[500]   2.092796301 0.52713849  1.295030319  2.97164925 1.0020804
a_listing[501]   2.157513832 0.51123681  1.365971285  2.99093941 0.9997735
a_listing[502]   2.387876136 0.56125353  1.547093141  3.32181338 1.0010734
a_listing[503]   2.712477792 0.69613961  1.612167043  3.81432687 0.9999886
a_listing[504]   2.416828273 0.64284885  1.406697237  3.47185502 0.9999014
a_listing[505]   2.834298484 0.64522713  1.816114053  3.87482990 1.0011912
a_listing[506]   2.401650457 0.61377419  1.448936152  3.42141494 1.0003458
a_listing[507]   2.307156471 0.65261718  1.264835773  3.34902534 1.0014001
a_listing[508]   2.981309828 0.61888424  2.019935164  3.98413637 1.0017351
a_listing[509]   2.581434493 0.70367689  1.468951433  3.70800049 1.0002882
a_listing[510]   2.586576946 0.73180921  1.435534138  3.74921868 1.0015131
a_listing[511]   2.614640173 0.43527411  1.963091158  3.31928612 1.0004535
a_listing[512]   2.917312434 0.63855253  1.912224331  3.93815023 1.0001614
a_listing[513]   2.312808432 0.64732836  1.310447926  3.35791231 1.0012565
a_listing[514]   2.586425306 0.70354546  1.482220834  3.69489049 1.0002095
a_listing[515]   2.927958983 0.62614695  1.969195736  3.96018317 1.0011348
a_listing[516]   2.104357362 0.59749083  1.170165899  3.10167863 1.0007320
a_listing[517]   2.201646015 0.58392199  1.293043705  3.15164537 1.0003333
a_listing[518]   2.414960957 0.65168491  1.415497921  3.47097266 1.0002267
a_listing[519]   2.647411740 0.61079442  1.682485587  3.66567901 1.0000422
a_listing[520]   2.095635650 0.70589476  0.977698028  3.23741259 1.0008968
a_listing[521]   2.344299458 0.65281199  1.327809406  3.39753939 1.0021654
a_listing[522]   2.600026656 0.71490128  1.478564978  3.73081040 1.0019057
a_listing[523]   2.403057915 0.61786635  1.449340359  3.41148405 1.0008957
a_listing[524]   2.177860808 0.55718557  1.318394025  3.10388306 1.0043890
a_listing[525]   2.600811185 0.72261537  1.438170056  3.74810772 1.0010306
a_listing[526]   2.926679757 0.62834325  1.953725967  3.96926535 0.9999126
a_listing[527]   2.844881648 0.65983302  1.820899180  3.91527417 1.0011181
a_listing[528]   2.537688444 0.58019654  1.648833810  3.50573822 1.0005515
a_listing[529]   2.484336112 0.62004479  1.527331778  3.51210299 0.9994828
a_listing[530]   2.595022286 0.73334235  1.421841821  3.75986400 1.0004369
a_listing[531]   2.668258924 0.66965637  1.608366603  3.73961778 0.9997960
a_listing[532]   2.727636524 0.68575042  1.633859151  3.79915981 1.0016427
a_listing[533]   2.521060011 0.61361370  1.556600975  3.52437460 0.9998749
a_listing[534]   2.295688450 0.66713662  1.262731925  3.39226683 1.0000808
a_listing[535]   2.643538675 0.68894235  1.552896785  3.75220473 0.9997520
a_listing[536]   2.839793724 0.64754072  1.833953298  3.90577040 1.0021601
a_listing[537]   1.830088590 0.63981661  0.824126111  2.86595010 1.0020386
a_listing[538]   2.342072419 0.64734754  1.328755673  3.39005939 1.0007567
a_listing[539]   2.366414744 0.63328167  1.369794591  3.39263382 1.0006464
a_listing[540]   2.589487981 0.69748417  1.473391139  3.72453018 1.0039659
a_listing[541]   2.086840341 0.70828102  0.962629586  3.23334943 1.0015981
a_listing[542]   2.710721595 0.67311934  1.657841948  3.82606813 0.9998367
a_listing[543]   2.675044721 0.72091824  1.526572431  3.84303571 0.9997102
a_listing[544]   2.774379799 0.65503027  1.767768618  3.83868976 1.0002201
a_listing[545]   2.705027811 0.69557200  1.619975700  3.83750383 1.0013166
a_listing[546]   2.721943405 0.70129867  1.586233628  3.85228200 1.0007457
a_listing[547]   2.742541096 0.66859838  1.706408684  3.82591871 1.0035224
a_listing[548]   1.837386316 0.61662696  0.858506746  2.83456527 1.0027136
a_listing[549]   2.344204532 0.63064930  1.382942559  3.38434519 0.9999521
a_listing[550]   2.871855113 0.64823821  1.846451814  3.90533050 1.0004586
a_listing[551]   2.604625178 0.70290897  1.471297993  3.70401439 1.0028801
a_listing[552]   2.017517953 0.57319919  1.129607536  2.92662805 1.0036919
a_listing[553]   2.674716376 0.69528861  1.571687523  3.79177442 1.0030526
a_listing[554]   2.155194490 0.67165548  1.091042809  3.21749858 0.9999277
a_listing[555]   2.307682800 0.67928958  1.213922917  3.42089999 1.0013698
a_listing[556]   2.890242623 0.61837629  1.911947521  3.89277701 1.0008412
a_listing[557]   2.263322972 0.64609455  1.219672698  3.29485877 1.0001408
a_listing[558]   2.205746507 0.68036485  1.135521938  3.29241184 1.0012238
a_listing[559]   2.730449782 0.70888981  1.602041886  3.88041168 0.9994533
a_listing[560]   2.641923486 0.70782636  1.505307700  3.77343609 1.0002207
a_listing[561]   2.334398890 0.62286379  1.356286921  3.31786720 1.0026950
a_listing[562]   2.631103148 0.69846873  1.545684664  3.77800881 1.0012323
a_listing[563]   1.893449258 0.63813527  0.871393283  2.93075176 1.0009484
a_listing[564]   2.607295529 0.70769418  1.489854351  3.72367662 1.0055333
a_listing[565]   2.027883143 0.62982486  1.067469044  3.05497195 1.0022688
a_listing[566]   2.153062352 0.56855803  1.265905063  3.09252504 1.0010920
a_listing[567]   2.589320966 0.71092082  1.446658259  3.74584904 1.0003721
a_listing[568]   2.750732045 0.66016014  1.702728646  3.80849380 1.0046313
a_listing[569]   2.763466264 0.64055329  1.759970299  3.82673124 1.0012669
a_listing[570]   2.596389874 0.69218617  1.502701162  3.71642116 0.9999580
a_listing[571]   2.577205210 0.72783414  1.453691360  3.73672428 1.0003496
a_listing[572]   2.058814458 0.59834878  1.126749778  3.02518087 1.0013019
a_listing[573]   2.643461726 0.69843240  1.527297382  3.77844917 1.0025537
a_listing[574]   2.603188840 0.59193679  1.687574172  3.56266209 1.0012288
a_listing[575]   2.584192781 0.72197157  1.418510910  3.74052792 1.0011052
a_listing[576]   2.098713802 0.70304948  0.981942258  3.23988959 1.0027722
a_listing[577]   2.367916583 0.63672794  1.375747771  3.40347590 1.0000782
a_listing[578]   2.716725394 0.68354379  1.639869252  3.82082933 0.9999086
a_listing[579]   2.700531062 0.67450445  1.665050832  3.80908355 1.0008187
a_listing[580]   2.592312163 0.71683657  1.417814921  3.73774394 1.0022055
a_listing[581]   2.714425053 0.66186659  1.665506944  3.77296348 1.0021633
a_listing[582]   2.640554939 0.69062595  1.548935266  3.77522224 0.9999551
a_listing[583]   2.274847042 0.67312825  1.216513461  3.37043172 1.0026792
a_listing[584]   2.803238620 0.40913431  2.170737965  3.46681598 0.9998818
a_listing[585]   2.599231813 0.72934011  1.445657558  3.74634707 1.0005563
a_listing[586]   2.594046329 0.71194430  1.470303752  3.74303364 1.0000598
a_listing[587]   2.301985255 0.67261066  1.265220372  3.38362490 1.0002939
a_listing[588]   2.678223395 0.68714389  1.596121663  3.79209311 1.0007273
a_listing[589]   2.714954170 0.67726342  1.646841764  3.80125040 1.0024936
a_listing[590]   2.654852844 0.72354132  1.495402554  3.83546929 1.0015222
a_listing[591]   2.609366042 0.71303062  1.458681493  3.72991072 1.0033893
a_listing[592]   2.602239348 0.70823227  1.468543055  3.73479980 1.0011959
a_listing[593]   2.159758156 0.67067388  1.093027001  3.23739010 1.0010408
a_listing[594]   2.639519632 0.69226746  1.541487989  3.75387652 1.0013519
a_listing[595]   2.681806746 0.68115347  1.582414618  3.79123035 1.0002234
a_listing[596]   2.590467139 0.71334061  1.470629832  3.72228104 1.0012987
a_listing[597]   2.645770447 0.68947421  1.549105563  3.77522165 1.0019951
a_listing[598]   2.663488043 0.68069869  1.593749128  3.75363557 1.0012654
a_listing[599]   2.603593859 0.71383685  1.456250144  3.72680665 1.0004945
a_listing[600]   2.296067862 0.66065382  1.250229103  3.35486531 1.0015665
a_listing[601]   2.604636553 0.71879179  1.461787919  3.75377632 1.0014877
a_listing[602]   2.638629534 0.70986412  1.535241975  3.76805301 1.0000310
a_listing[603]   2.600371962 0.72786713  1.450299691  3.76224762 0.9998606
a_listing[604]   2.594319724 0.69393168  1.504602489  3.70827651 1.0016309
a_listing[605]   2.369637562 0.61751580  1.395772201  3.36921371 0.9999460
a_listing[606]   2.083018522 0.70451414  0.967738847  3.21791649 1.0043525
a_listing[607]   2.638060788 0.68245805  1.556159049  3.72273940 1.0000400
a_listing[608]   2.592004236 0.71256789  1.436876941  3.73813900 1.0008535
a_listing[609]   2.624986318 0.68686530  1.538273398  3.74324547 1.0005227
a_listing[610]   2.255118099 0.65749586  1.209288765  3.35603415 1.0015022
a_listing[611]   2.250681043 0.50359044  1.473929168  3.07697342 1.0003479
a_listing[612]   2.603671917 0.72679907  1.455986436  3.76159313 1.0047050
a_listing[613]   2.673682689 0.70091667  1.570724792  3.81295238 1.0009131
a_listing[614]   2.594436214 0.73721369  1.421537939  3.74143144 1.0028001
a_listing[615]   2.636044496 0.69548759  1.515206022  3.74875908 1.0004545
a_listing[616]   2.376722468 0.65179230  1.359622908  3.43031443 1.0015735
a_listing[617]   3.003649399 0.61095432  2.070353113  4.01368479 1.0018234
a_listing[618]   2.593648064 0.69689269  1.484019251  3.70009865 1.0010103
a_listing[619]   2.778822718 0.69169409  1.696918230  3.89676790 1.0021816
a_listing[620]   2.763604693 0.68430088  1.699793787  3.87155023 1.0028081
a_listing[621]   2.767840300 0.65926006  1.744881461  3.84481412 1.0012579
a_listing[622]   1.531465058 0.27567678  1.101989773  1.98061077 1.0011754
a_listing[623]   2.965486984 0.40587370  2.340580996  3.65444977 1.0033502
a_listing[624]   2.592534713 0.72311434  1.435775410  3.77329013 1.0021905
a_listing[625]   2.797619926 0.67929723  1.725895606  3.90810624 1.0019521
a_listing[626]   2.127980096 0.44932126  1.437539139  2.87173656 1.0007111
a_listing[627]   2.633201826 0.69638939  1.532404854  3.76851760 1.0005475
a_listing[628]   2.484578142 0.61452283  1.530735490  3.46994375 1.0009347
a_listing[629]   2.605339558 0.71082597  1.461191375  3.71659159 1.0020298
a_listing[630]   2.901708451 0.63773854  1.898291421  3.92546469 1.0007769
a_listing[631]   2.541275567 0.60294355  1.590021710  3.50498993 1.0010087
a_listing[632]   3.174772803 0.46520001  2.471190126  3.93788049 1.0007904
a_listing[633]   2.514700794 0.61279970  1.548414348  3.54444621 1.0021861
a_listing[634]   2.603027805 0.69311607  1.496877320  3.70920076 0.9995509
a_listing[635]   2.632474207 0.68170952  1.577958821  3.71023665 1.0039371
a_listing[636]   2.351312384 0.63802348  1.339284404  3.39340361 1.0008918
a_listing[637]   2.815457153 0.66032057  1.774080102  3.90029660 1.0009618
a_listing[638]   2.848518384 0.55217274  1.996602192  3.74091713 0.9997973
a_listing[639]   2.852492683 0.55313243  2.007599868  3.74954266 0.9998347
a_listing[640]   2.628955958 0.58860048  1.689504944  3.58164659 1.0015412
a_listing[641]   2.771637560 0.67480045  1.700686044  3.85610295 1.0006140
a_listing[642]   2.955152748 0.63175148  1.996386279  3.98277260 1.0025548
a_listing[643]   2.588043051 0.71735704  1.453541143  3.73508285 1.0005264
a_listing[644]   2.865346580 0.65391248  1.841230983  3.91753917 1.0042403
a_listing[645]   1.937622206 0.54741629  1.111071035  2.86199407 1.0004578
a_listing[646]   2.823179521 0.65981058  1.806414393  3.88731522 1.0021216
a_listing[647]   2.606971707 0.71823080  1.493792022  3.77182744 0.9998035
a_listing[648]   2.519658309 0.60930304  1.559777165  3.50517241 1.0002115
a_listing[649]   2.345868796 0.53328424  1.519135233  3.21680279 1.0000924
a_listing[650]   2.831969751 0.64640580  1.786295264  3.93385814 1.0034790
a_listing[651]   2.338478272 0.45261333  1.647932292  3.07893726 1.0005148
a_listing[652]   2.629295645 0.69708986  1.512243745  3.74274781 0.9997898
a_listing[653]   2.486254411 0.47872293  1.762696306  3.27489582 1.0010554
a_listing[654]   2.905647294 0.62543784  1.934456483  3.93205343 1.0014107
a_listing[655]   2.893799335 0.65232724  1.870612027  3.96148043 1.0000383
a_listing[656]   2.187209274 0.34412318  1.653426618  2.75782438 1.0030009
a_listing[657]   3.103587270 0.49949173  2.355324833  3.94254349 1.0015326
a_listing[658]   2.869792129 0.55218858  2.024151984  3.78613876 1.0015366
a_listing[659]   2.584597604 0.70905848  1.446076201  3.72089800 1.0023120
a_listing[660]   2.352084274 0.63045360  1.366113685  3.35766918 0.9997914
a_listing[661]   2.853878948 0.34822110  2.320540434  3.42967690 1.0028821
a_listing[662]   2.590026137 0.73139718  1.394973679  3.75538613 1.0001125
a_listing[663]   2.643101107 0.67993429  1.571958813  3.74387159 1.0008347
a_listing[664]   2.764610200 0.65915265  1.745739144  3.82107849 1.0018804
a_listing[665]   2.756992839 0.45512935  2.067534824  3.51279487 1.0004337
a_listing[666]   2.578367954 0.52858833  1.767519087  3.46160887 1.0014219
a_listing[667]   2.715008183 0.68211323  1.637579727  3.82239781 1.0006647
a_listing[668]   2.657240302 0.70128846  1.551962381  3.78847377 0.9998337
a_listing[669]   2.237298044 0.57558510  1.365422402  3.18683696 0.9999850
a_listing[670]   2.085517835 0.52372800  1.285372726  2.96136517 1.0002572
a_listing[671]   2.190882429 0.25877146  1.779854910  2.60726735 1.0013277
a_listing[672]   1.181171811 0.29028308  0.727837652  1.65094139 1.0015101
a_listing[673]   2.950505950 0.62195818  1.988100984  3.99694437 1.0000092
a_listing[674]   2.856248545 0.64813147  1.849292536  3.91436274 1.0013905
a_listing[675]   2.067763571 0.47221768  1.350574478  2.84434075 1.0010293
a_listing[676]   2.914689181 0.64527768  1.909953616  3.98626427 0.9994723
a_listing[677]   2.603503417 0.71463256  1.476516508  3.75012050 1.0003270
a_listing[678]   2.210786647 0.56375535  1.377027144  3.13430778 1.0001524
a_listing[679]   1.230202406 0.19970635  0.916901839  1.56084192 1.0008391
a_listing[680]   2.332914064 0.49221369  1.586366342  3.14513800 1.0013342
a_listing[681]   2.597000794 0.69556397  1.506734449  3.69899467 1.0013081
a_listing[682]   2.757611405 0.40084686  2.147141549  3.42508613 1.0015827
a_listing[683]   2.298201822 0.43709576  1.613048614  2.99958989 1.0011046
a_listing[684]   2.711493211 0.67549906  1.652530504  3.77983420 1.0022020
a_listing[685]   2.816327607 0.65592933  1.797267360  3.90633884 0.9997316
a_listing[686]   2.968871615 0.62505372  1.980170773  3.99007155 1.0004106
a_listing[687]   2.589402046 0.74603565  1.432996164  3.79760857 1.0023232
a_listing[688]   3.066307394 0.60857110  2.121015880  4.05389734 1.0000500
a_listing[689]   2.677913536 0.69245635  1.583195281  3.82670536 1.0014517
a_listing[690]   2.638007568 0.71279949  1.522535273  3.78661217 1.0022282
a_listing[691]   2.597306004 0.53582911  1.787764188  3.49129024 1.0005665
a_listing[692]   2.718102655 0.67764971  1.649128055  3.78580841 1.0010184
a_listing[693]   2.423388683 0.61187807  1.463165925  3.41484053 1.0018481
a_listing[694]   2.775343812 0.68944425  1.671278694  3.91990624 1.0018287
a_listing[695]   2.816845211 0.65974480  1.792843866  3.87238746 0.9999561
a_listing[696]   2.221878555 0.29547642  1.773885847  2.71224548 1.0015742
a_listing[697]   2.766663357 0.44519916  2.079184129  3.49592374 1.0000852
a_listing[698]   2.580143556 0.72176725  1.436701458  3.73776933 1.0035351
a_listing[699]   2.157945042 0.58708164  1.239776116  3.13300402 1.0020800
a_listing[700]   2.861070664 0.63513461  1.859646679  3.87783789 0.9999710
a_listing[701]   2.992134817 0.61269977  2.019287338  3.98895273 1.0011934
a_listing[702]   2.029408169 0.35504030  1.482749370  2.61783201 1.0020011
a_listing[703]   2.581885443 0.71505421  1.430831272  3.74145366 1.0023138
a_listing[704]   2.828968972 0.64643620  1.826911048  3.89516414 1.0005571
a_listing[705]   2.718292866 0.69102514  1.618278121  3.85438111 1.0046808
a_listing[706]   2.314673189 0.36358757  1.768307896  2.92362081 1.0009921
a_listing[707]   2.484548739 0.35398356  1.925823516  3.06862532 1.0008754
a_listing[708]   2.802928498 0.63707648  1.795037990  3.86321431 1.0019234
a_listing[709]   2.265256879 0.66776254  1.204601069  3.36231768 1.0019090
a_listing[710]   2.936800250 0.61163690  1.982850942  3.94923438 0.9997475
a_listing[711]   2.225332438 0.49346654  1.470987804  3.03342516 1.0000786
a_listing[712]   3.032162969 0.43659513  2.359309244  3.75425229 1.0009503
a_listing[713]   2.206717839 0.67020932  1.166276877  3.30822764 0.9999250
a_listing[714]   2.821838228 0.38595178  2.219286480  3.44169077 0.9996068
a_listing[715]   2.899987479 0.64543439  1.893722395  3.93836696 0.9996268
a_listing[716]   2.785070257 0.49645230  2.034349208  3.62472019 1.0013563
a_listing[717]   2.705818594 0.69145497  1.612105285  3.81557383 1.0004790
a_listing[718]   2.995862603 0.62751906  1.994359861  4.02691820 1.0011694
a_listing[719]   2.615082013 0.70239047  1.495231864  3.71979635 1.0021965
a_listing[720]   2.866445743 0.64019128  1.874413782  3.91378080 1.0008054
a_listing[721]   2.784731826 0.56294003  1.914979905  3.73256094 1.0001794
a_listing[722]   2.585242047 0.60663174  1.643199212  3.58188495 1.0012386
a_listing[723]   2.579024745 0.71184154  1.455078601  3.72888992 1.0005215
a_listing[724]   2.036088073 0.60948418  1.092904242  3.03590861 1.0005553
a_listing[725]   2.647067135 0.69837305  1.541929272  3.77698394 1.0004509
a_listing[726]   2.906063264 0.65909891  1.880791682  3.96287209 1.0020196
a_listing[727]   2.848109492 0.64073303  1.874810066  3.88787372 1.0014949
a_listing[728]   3.071518949 0.51138106  2.296676574  3.92236300 1.0009669
a_listing[729]   2.387463753 0.49058591  1.628649331  3.20753636 1.0010223
a_listing[730]   2.592920702 0.71305578  1.463666793  3.73942117 1.0029244
a_listing[731]   2.942067051 0.63925176  1.945949446  3.97765766 1.0011442
a_listing[732]   2.562823689 0.47785832  1.830921404  3.35468465 1.0004208
a_listing[733]   2.204763079 0.39181802  1.603171585  2.86179088 1.0008827
a_listing[734]   3.373526078 0.57681156  2.493234462  4.32957997 1.0020085
a_listing[735]   2.336162030 0.55059307  1.477515825  3.24067662 0.9996752
a_listing[736]   2.695953123 0.44674611  2.015938613  3.43409446 1.0004700
a_listing[737]   2.630325351 0.39507884  2.029015038  3.28059830 1.0002441
a_listing[738]   2.674513519 0.72340148  1.525056470  3.82534443 1.0004572
a_listing[739]   2.677403636 0.68618867  1.596053502  3.76966697 1.0002288
a_listing[740]   2.545925290 0.60992653  1.606213426  3.52607297 1.0001478
a_listing[741]   2.662085709 0.71193634  1.535157230  3.80591035 1.0011049
a_listing[742]   2.855212176 0.56555187  1.968032480  3.78445547 1.0011614
a_listing[743]   2.811674838 0.64743960  1.828383682  3.86145844 1.0014647
a_listing[744]   2.825270878 0.55017228  1.982793242  3.71970445 1.0002043
a_listing[745]   2.031716578 0.61057797  1.064621336  3.03278963 1.0003229
a_listing[746]   1.169546943 0.27122139  0.732361361  1.60406108 1.0005107
a_listing[747]   2.771158695 0.65472743  1.699645397  3.82927865 1.0028413
a_listing[748]   2.577393705 0.51883524  1.770848236  3.46456965 1.0011949
a_listing[749]   1.188116452 0.23579725  0.823184653  1.58748295 0.9999614
a_listing[750]   2.637656427 0.69500616  1.531560493  3.74795319 1.0016627
a_listing[751]   2.669809739 0.37250328  2.086327922  3.28831793 0.9999361
a_listing[752]   2.600164877 0.70087218  1.516821428  3.71950822 1.0022327
a_listing[753]   2.806277475 0.44646140  2.121631738  3.54076106 1.0026683
a_listing[754]   2.684023243 0.69599706  1.582282867  3.81000893 1.0017101
a_listing[755]   2.657381370 0.69912208  1.551467386  3.76663949 0.9999778
a_listing[756]   2.883845573 0.53860435  2.055206174  3.75768621 1.0035920
a_listing[757]   2.710237963 0.69351820  1.599999867  3.82265073 1.0013109
a_listing[758]   2.793384517 0.64858579  1.780368014  3.82715966 1.0007496
a_listing[759]   2.794568142 0.63909431  1.798446977  3.81876306 1.0007600
a_listing[760]   2.731404725 0.67424409  1.651097190  3.81013535 1.0005733
a_listing[761]   2.601495544 0.60166593  1.667364425  3.58592815 1.0007273
a_listing[762]   3.017640718 0.60515985  2.082122904  4.00784796 1.0013874
a_listing[763]   3.000583370 0.61464925  2.049753855  3.99603434 1.0005557
a_listing[764]   2.998777146 0.61896913  2.042768446  4.00555644 1.0003492
a_listing[765]   2.598692916 0.71822945  1.427840828  3.76390990 1.0009606
a_listing[766]   2.603426909 0.72672793  1.478972982  3.78362849 1.0003442
a_listing[767]   2.593503773 0.70528950  1.484276402  3.73310970 1.0019700
a_listing[768]   3.028580446 0.61421476  2.093829359  4.03798622 1.0025454
a_listing[769]   3.303953651 0.50523324  2.524386827  4.12620255 1.0008265
a_listing[770]   2.534709258 0.61911245  1.555518342  3.55637811 1.0016471
a_listing[771]   2.331906782 0.55896161  1.469943083  3.23709237 1.0012534
a_listing[772]   2.899928867 0.53601258  2.092308115  3.79317057 1.0018228
a_listing[773]   2.386803573 0.40535210  1.761804961  3.06634210 1.0027600
a_listing[774]   2.495683076 0.59919837  1.547034068  3.43692781 0.9995631
a_listing[775]   2.349314416 0.43852951  1.669260435  3.08098041 1.0003183
a_listing[776]   2.688792342 0.70107260  1.612082437  3.82865571 0.9999508
a_listing[777]   3.361514132 0.55997529  2.520391918  4.28706698 1.0002570
a_listing[778]   2.955723730 0.53712553  2.123405788  3.82996950 1.0001995
a_listing[779]   2.634433632 0.54039671  1.827435675  3.55482242 1.0042753
a_listing[780]   2.810383160 0.66340305  1.770259669  3.88476825 1.0002323
a_listing[781]   2.598864432 0.71429224  1.460247775  3.74163881 1.0000397
a_listing[782]   2.276672773 0.56687367  1.400810797  3.22115150 1.0012492
a_listing[783]   1.753844514 0.39543330  1.137106867  2.40218142 1.0002245
a_listing[784]   3.006621208 0.63445952  2.035748213  4.04548530 1.0027977
a_listing[785]   2.741343867 0.68055499  1.659585723  3.85802036 1.0013859
a_listing[786]   1.965630128 0.24583818  1.578645951  2.36311770 1.0025108
a_listing[787]   3.138505267 0.58591061  2.227425054  4.09442050 1.0022515
a_listing[788]   2.603134091 0.70320513  1.493458864  3.73975275 1.0008784
a_listing[789]   2.824406835 0.56267283  1.954566715  3.77325086 1.0018634
a_listing[790]   2.607906469 0.72399810  1.447009278  3.76238926 1.0004273
a_listing[791]   2.633525770 0.71059136  1.496377527  3.76712425 1.0026773
a_listing[792]   3.258852591 0.57304840  2.369617455  4.18012008 1.0021897
a_listing[793]   2.459356006 0.52415982  1.646750671  3.31764166 1.0045093
a_listing[794]   2.507012499 0.52861919  1.679577547  3.39063339 1.0031375
a_listing[795]   2.845479098 0.65816289  1.808512414  3.93533282 0.9993116
a_listing[796]   2.736528215 0.55229564  1.871961587  3.62968799 1.0006433
a_listing[797]   2.633524478 0.70548187  1.531319800  3.77417940 1.0030489
a_listing[798]   2.651926889 0.71139591  1.524911244  3.80830425 1.0016587
a_listing[799]   2.577273280 0.52110800  1.764058669  3.43798200 1.0031590
a_listing[800]   2.683012775 0.69304428  1.587069170  3.79947209 1.0005508
a_listing[801]   2.639685410 0.70988131  1.540376536  3.78716299 1.0011423
a_listing[802]   2.572019335 0.34040563  2.045076126  3.13174500 1.0014334
a_listing[803]   2.650088244 0.69783443  1.560727393  3.78550435 1.0021408
a_listing[804]   2.575597074 0.74797996  1.407257927  3.79500082 1.0023475
a_listing[805]   2.751633544 0.67062367  1.677745096  3.82576186 1.0011219
a_listing[806]   3.016251567 0.60123736  2.075459541  4.00504427 1.0011353
a_listing[807]   2.439855548 0.43819834  1.761616285  3.16435077 1.0017598
a_listing[808]   2.635884452 0.57304227  1.746380438  3.56565703 1.0015651
a_listing[809]   2.798683710 0.64950154  1.786520221  3.86413515 1.0014073
a_listing[810]   2.597415952 0.71809538  1.445405581  3.77083983 1.0017449
a_listing[811]   2.640801815 0.59137231  1.734893372  3.58108098 1.0015797
a_listing[812]   2.771316638 0.49956826  2.011916938  3.61851104 1.0036281
a_listing[813]   2.592362119 0.52262274  1.777870021  3.45140154 1.0001625
a_listing[814]   1.785887005 0.25629252  1.378061703  2.20503296 1.0011590
a_listing[815]   2.591029594 0.70748006  1.469025164  3.70381577 1.0006058
a_listing[816]   2.713865864 0.67560575  1.647403981  3.79214919 0.9998264
a_listing[817]   2.703804908 0.68269153  1.636700338  3.80552654 0.9998204
a_listing[818]   2.635229308 0.70135610  1.548463400  3.76878159 1.0000241
a_listing[819]   2.337737468 0.66323349  1.302472589  3.41021419 1.0012783
a_listing[820]   2.786739949 0.67089257  1.722720623  3.88067667 1.0004388
a_listing[821]   2.605623198 0.73506527  1.441081174  3.76850821 1.0004305
a_listing[822]   2.842724532 0.65125048  1.815700992  3.90441372 1.0009976
a_listing[823]   2.382433419 0.54585890  1.538583620  3.29670740 0.9998206
a_listing[824]   2.680561552 0.68783814  1.612971080  3.77283174 1.0011490
a_listing[825]   2.716840485 0.56313870  1.845139267  3.65035762 1.0007951
a_listing[826]   2.517399056 0.51220253  1.723133221  3.34777967 1.0008760
a_listing[827]   2.982761714 0.61715666  2.032210533  4.01102660 1.0010338
a_listing[828]   1.250002765 0.27996979  0.817417084  1.71422778 0.9998967
a_listing[829]   2.376364061 0.62784057  1.379606309  3.37213026 1.0006976
a_listing[830]   3.269828495 0.56757282  2.408894836  4.21040872 1.0021298
a_listing[831]   2.597064600 0.70836710  1.469090083  3.73326896 1.0022264
a_listing[832]   3.104256359 0.59786590  2.184709224  4.10156610 1.0010950
a_listing[833]   2.588430449 0.69050577  1.488098147  3.68665300 1.0019970
a_listing[834]   2.512553429 0.59975077  1.595605936  3.50324797 0.9996390
a_listing[835]   2.402294872 0.61595512  1.453275322  3.41456229 1.0002025
a_listing[836]   2.589836288 0.71313608  1.461587146  3.75235307 0.9998186
a_listing[837]   2.369258153 0.54087013  1.533259445  3.25417246 1.0004568
a_listing[838]   2.924707040 0.62342850  1.935111438  3.92288705 1.0013427
a_listing[839]   2.489906408 0.55625119  1.631446759  3.40023276 0.9999366
a_listing[840]   2.589169605 0.69139781  1.508830028  3.72690136 1.0052742
a_listing[841]   2.123428307 0.39066697  1.523703118  2.76859659 1.0008119
a_listing[842]   2.777030689 0.66248240  1.739766780  3.83532353 1.0016938
a_listing[843]   2.877923785 0.62824014  1.905748484  3.91938883 1.0016684
a_listing[844]   2.352454052 0.55136532  1.502939404  3.26180901 1.0022565
a_listing[845]   2.979335752 0.61223337  2.009154040  3.98139978 0.9996423
a_listing[846]   1.786954923 0.50836207  0.993594644  2.63330140 0.9998574
a_listing[847]   2.118244625 0.46562717  1.404970131  2.89099516 1.0020223
a_listing[848]   2.030891784 0.48720656  1.294048131  2.83342721 1.0022817
a_listing[849]   2.191032436 0.57332943  1.313968324  3.11619001 1.0003848
a_listing[850]   2.045660674 0.47611553  1.318051982  2.83559245 1.0006241
a_listing[851]   2.251131650 0.54290595  1.406724211  3.11334254 1.0008086
a_listing[852]   1.593238195 0.38911080  0.989304851  2.23956852 1.0015848
a_listing[853]   3.030069512 0.54200130  2.194389524  3.92667673 1.0016203
a_listing[854]   2.309077707 0.63690676  1.319061994  3.32107975 1.0018371
a_listing[855]   2.809787114 0.48722975  2.050094764  3.60244883 1.0003886
a_listing[856]   2.703287479 0.69449384  1.597001002  3.80171448 1.0007611
a_listing[857]   1.987504275 0.55429745  1.136352309  2.90122431 1.0007881
a_listing[858]   1.881591667 0.41393878  1.247572383  2.55311290 1.0024640
a_listing[859]   2.707758178 0.67359435  1.647664123  3.77850559 1.0015660
a_listing[860]   2.641864509 0.59439202  1.733724452  3.61925086 1.0021293
a_listing[861]   2.442635855 0.46975326  1.721577667  3.21708125 1.0006813
a_listing[862]   2.337017562 0.53864401  1.497235104  3.23730261 1.0013289
a_listing[863]   2.321345396 0.49715740  1.560785621  3.13108860 1.0003093
a_listing[864]   1.647837969 0.41656708  0.995415567  2.32512887 1.0000316
a_listing[865]   2.302960865 0.55482615  1.433652812  3.22154023 1.0011564
a_listing[866]   1.755006854 0.45308461  1.058925486  2.50271713 1.0008935
a_listing[867]   1.423971930 0.64005917  0.406365949  2.44927413 1.0040271
a_listing[868]   1.340041502 0.34313015  0.809449599  1.91040633 1.0000249
a_listing[869]   2.134438973 0.57899659  1.244109736  3.08155893 1.0021649
a_listing[870]   1.857794671 0.41375437  1.215721803  2.55740522 1.0011020
a_listing[871]   3.023928106 0.46875218  2.308590812  3.79804197 1.0005034
a_listing[872]   2.598804071 0.71430568  1.479094713  3.72670636 1.0005213
a_listing[873]   2.202096883 0.51386568  1.405725325  3.04745660 1.0013777
a_listing[874]   1.683539812 0.53769799  0.851374135  2.55870585 1.0001240
a_listing[875]   2.216037036 0.52016509  1.417181203  3.07413353 1.0018622
a_listing[876]   2.196640348 0.51026118  1.390668283  3.04537052 1.0003610
a_listing[877]   1.920031208 0.40585957  1.298610009  2.59241751 1.0002643
a_listing[878]   2.098447010 0.53413447  1.262529475  2.98121628 1.0001460
a_listing[879]   2.671218868 0.58063556  1.806221388  3.63684326 1.0017753
a_listing[880]   2.371313979 0.47917238  1.633045342  3.15956094 0.9998827
a_listing[881]   2.916662066 0.43603586  2.246940415  3.64834935 1.0029000
a_listing[882]   1.699752165 0.47165929  0.971431870  2.48528752 1.0010561
a_listing[883]   3.038222273 0.60356901  2.111413987  4.04698980 0.9997709
a_listing[884]   1.357739346 0.32224551  0.846722688  1.89545662 1.0020273
a_listing[885]   2.419141425 0.49080098  1.663843791  3.24512655 1.0017016
a_listing[886]   2.711026887 0.48860237  1.964243568  3.52108289 1.0017629
a_listing[887]   1.562528136 0.30076252  1.088789892  2.06495601 1.0000772
a_listing[888]   2.947023605 0.60452760  2.004311580  3.93361580 1.0034688
a_listing[889]   2.680018980 0.70828584  1.560706610  3.80179901 0.9993714
a_listing[890]   2.472349496 0.46898785  1.760918563  3.24690417 1.0016778
a_listing[891]   2.069713212 0.47524253  1.332356786  2.86693168 1.0015213
a_listing[892]   2.199662612 0.51312199  1.414222092  3.02755548 1.0028902
a_listing[893]   3.015195179 0.51260472  2.232372296  3.86900763 1.0023787
a_listing[894]   1.659969247 0.51175218  0.858858624  2.48236727 0.9994210
a_listing[895]   2.658061105 0.58490381  1.754567243  3.62482700 1.0005358
a_listing[896]   2.160363785 0.45410250  1.454879781  2.91819623 1.0010194
a_listing[897]   2.585493403 0.41100372  1.956608767  3.25659560 1.0016968
a_listing[898]   3.156208349 0.51530787  2.371320698  4.00021814 1.0000242
a_listing[899]   2.031832252 0.50880416  1.255830889  2.86565611 1.0004501
a_listing[900]   1.651519763 0.52364704  0.835547315  2.52191229 1.0001140
a_listing[901]   2.302760216 0.55135412  1.448008686  3.21686969 1.0020864
a_listing[902]   2.259846739 0.56774731  1.363211305  3.18993770 1.0038884
a_listing[903]   1.734936003 0.45434968  1.036647261  2.47148135 1.0009395
a_listing[904]   1.995273893 0.53785541  1.173465514  2.86837208 0.9997569
a_listing[905]   2.829972634 0.65055005  1.813496339  3.87386128 1.0004163
a_listing[906]   2.457718920 0.60810785  1.527606868  3.45146073 0.9998273
a_listing[907]   2.058542963 0.52812168  1.235236163  2.90924840 0.9996197
a_listing[908]   1.948245314 0.47455716  1.202817207  2.73912468 0.9998987
a_listing[909]   2.010914510 0.59495760  1.072047981  2.99248962 0.9994414
a_listing[910]   1.928549668 0.54243563  1.083851564  2.81057469 1.0041757
a_listing[911]   3.072444467 0.61594290  2.116926666  4.08203876 1.0022247
a_listing[912]   3.030992731 0.46740278  2.323666443  3.82575447 1.0001401
a_listing[913]   2.408056195 0.62445166  1.417705017  3.43641607 1.0008727
a_listing[914]   2.634854417 0.58662863  1.728753724  3.61185516 1.0016156
a_listing[915]   2.582472450 0.69589805  1.454651840  3.68925209 1.0000996
a_listing[916]   2.692933726 0.68985593  1.597722256  3.82181812 1.0012025
a_listing[917]   1.572418499 0.27288197  1.150463227  2.00845294 1.0019362
a_listing[918]   2.346714321 0.55291122  1.491757605  3.23616476 1.0021416
a_listing[919]   2.336419235 0.50553637  1.551748265  3.17093157 1.0023781
a_listing[920]   2.599334255 0.72813820  1.456333958  3.77105254 1.0054033
a_listing[921]   3.342837472 0.55704047  2.487278930  4.26099744 1.0029878
a_listing[922]   2.930303930 0.61634746  1.965118119  3.92296616 1.0003803
a_listing[923]   3.257496447 0.50894261  2.460482105  4.08446095 1.0022710
a_listing[924]   2.217144333 0.29984845  1.752581463  2.70601808 1.0003806
a_listing[925]   2.637629751 0.68364525  1.565817893  3.74634562 1.0011033
a_listing[926]   2.634924860 0.69059793  1.520395355  3.76091374 1.0009432
a_listing[927]   2.682540476 0.67294729  1.620759993  3.77470822 1.0026503
a_listing[928]   2.269425214 0.55430315  1.401155455  3.19678434 0.9998621
a_listing[929]   2.305249300 0.66908848  1.248920222  3.39442355 0.9997930
a_listing[930]   2.392469414 0.61908537  1.427953764  3.39143073 1.0035817
a_listing[931]   2.973733916 0.53817061  2.156656208  3.84896176 1.0002093
a_listing[932]   3.234753299 0.58358115  2.341924931  4.20461437 1.0001568
a_listing[933]   2.804895404 0.67043259  1.780624156  3.89638590 1.0017531
a_listing[934]   2.683289967 0.66763601  1.633089194  3.75536359 1.0001047
a_listing[935]   2.684999376 0.67821612  1.615973206  3.77926555 1.0002875
a_listing[936]   2.616967468 0.59247329  1.686306668  3.60753330 1.0015097
a_listing[937]   3.159489385 0.47251945  2.440135612  3.94880174 1.0014818
a_listing[938]   2.633690318 0.69315093  1.531317508  3.76209975 1.0000622
a_listing[939]   3.224759809 0.57694335  2.336147001  4.18127706 1.0017677
a_listing[940]   2.641038924 0.70671758  1.545065219  3.79572747 1.0005209
a_listing[941]   2.923222807 0.54520909  2.072295340  3.83256316 1.0001558
a_listing[942]   2.416381158 0.54202174  1.588108269  3.31671704 1.0037719
a_listing[943]   3.021614239 0.47958712  2.282426259  3.83107100 1.0025736
a_listing[944]   1.996434344 0.63584694  1.006155642  2.97749770 1.0028176
a_listing[945]   2.600531592 0.59604581  1.679998351  3.59669255 0.9999742
a_listing[946]   2.407695794 0.55490209  1.548509857  3.32982588 1.0005972
a_listing[947]   1.431183297 0.27900668  0.989227983  1.89406434 1.0025575
a_listing[948]   2.300899893 0.63990060  1.269448473  3.34735245 1.0007397
a_listing[949]   2.730178681 0.57786958  1.839369453  3.68674739 1.0018795
a_listing[950]   2.591055123 0.71703730  1.449257728  3.76036359 1.0023220
a_listing[951]   2.813581508 0.65408765  1.789403554  3.88149487 1.0005993
a_listing[952]   2.605625336 0.69722785  1.508808473  3.71321103 1.0024683
a_listing[953]   1.340962721 0.30905909  0.861601461  1.84203127 1.0003905
a_listing[954]   3.083426844 0.45751029  2.382558668  3.84495380 1.0013342
a_listing[955]   2.826144892 0.36266664  2.278479327  3.44269783 1.0008073
a_listing[956]   2.517629676 0.60523322  1.571293463  3.51184296 1.0007782
a_listing[957]   2.100642697 0.46887443  1.378872639  2.85580799 1.0018254
a_listing[958]   2.745704238 0.67085438  1.720449077  3.83333924 1.0016534
a_listing[959]   1.727478229 0.38834061  1.140963258  2.36765579 1.0018853
a_listing[960]   3.471894321 0.48264619  2.738214019  4.27821963 1.0005620
a_listing[961]   2.889090982 0.54963039  2.067141684  3.79072155 1.0049115
a_listing[962]   2.138331216 0.30967529  1.659133740  2.64558409 1.0029232
a_listing[963]   1.863460287 0.41535247  1.211219234  2.56421462 1.0008966
a_listing[964]   2.608002976 0.69764583  1.505191754  3.73696026 1.0010167
a_listing[965]   0.797684621 0.20312618  0.480189151  1.11954523 1.0025864
a_listing[966]   2.847607663 0.65833112  1.823177003  3.95361649 1.0004202
a_listing[967]   3.105013103 0.52122392  2.318898953  3.98391431 1.0005410
a_listing[968]   2.703207009 0.66691023  1.648951216  3.78610750 1.0014086
a_listing[969]   3.109904530 0.47883756  2.381254574  3.92471437 1.0002442
a_listing[970]   2.530495134 0.61424498  1.570358270  3.53353639 1.0023794
a_listing[971]   2.586365691 0.69608456  1.464673134  3.69232790 1.0002041
a_listing[972]   2.642155583 0.70485843  1.535000254  3.79083710 1.0013083
a_listing[973]   2.520390825 0.53993302  1.687532097  3.41269269 1.0002614
a_listing[974]   2.862227248 0.55238855  2.005898102  3.77953525 1.0002697
a_listing[975]   2.866326104 0.65804270  1.829496342  3.94147823 1.0000865
a_listing[976]   2.692484806 0.43374910  2.018828375  3.40845136 1.0011406
a_listing[977]   2.207393350 0.66098952  1.160755419  3.27846401 1.0002351
a_listing[978]   2.589490450 0.74350816  1.429369326  3.76627957 1.0013260
a_listing[979]   2.809165696 0.36672307  2.249270832  3.42436853 1.0026538
a_listing[980]   2.451311005 0.52590244  1.644498465  3.32029512 1.0039067
a_listing[981]   2.748482596 0.69435467  1.638924551  3.87998569 1.0002551
a_listing[982]   2.608622059 0.72042225  1.433453419  3.78192392 1.0025669
a_listing[983]   2.773233501 0.64008384  1.750920553  3.80436484 1.0000571
a_listing[984]   3.438419360 0.40113716  2.831655279  4.10178952 1.0028100
a_listing[985]   2.378758587 0.63221794  1.404859542  3.40744565 0.9997222
a_listing[986]   2.572979876 0.60376593  1.642553202  3.57793661 1.0004293
a_listing[987]   2.807210104 0.65335157  1.794896274  3.86973211 1.0023549
a_listing[988]   3.080271191 0.60231712  2.160330388  4.07724334 1.0026802
a_listing[989]   2.634087735 0.72059375  1.488541720  3.81207354 1.0007404
a_listing[990]   3.043368461 0.60730880  2.093700924  4.02780730 1.0009055
a_listing[991]   3.449129954 0.47573596  2.719877530  4.24856581 1.0000437
a_listing[992]   2.388674160 0.38301544  1.800151069  2.99968560 1.0010323
a_listing[993]   2.780892837 0.55989706  1.925353769  3.69702258 1.0007340
a_listing[994]   2.975326277 0.63402318  1.990391693  4.03802630 1.0017025
a_listing[995]   1.716880462 0.57932766  0.806023352  2.64419589 1.0014909
a_listing[996]   0.873675197 0.38131832  0.273519417  1.49387893 1.0003808
a_listing[997]   0.764615540 0.28976883  0.312720641  1.23800969 1.0047005
a_listing[998]   1.568188706 0.40803233  0.936773104  2.23457407 1.0008043
a_listing[999]   1.942773485 0.49625723  1.189467347  2.75522541 0.9995635
a_listing[1000]  2.088934213 0.70632514  0.972249621  3.23798846 1.0003903
a_listing[1001]  1.409663781 0.44661290  0.703454762  2.13869697 1.0010198
a_listing[1002]  1.857412698 0.22455028  1.512420648  2.23240517 1.0011158
a_listing[1003]  2.842959688 0.64697333  1.835615457  3.92300412 1.0025876
a_listing[1004]  3.005812110 0.32514637  2.515682520  3.55302970 1.0014583
a_listing[1005]  2.545578036 0.61182105  1.594489495  3.55690041 1.0003509
a_listing[1006]  2.655163475 0.69984685  1.548216236  3.77394760 1.0000674
a_listing[1007]  3.143875004 0.41264141  2.523036900  3.83204652 1.0011720
a_listing[1008]  2.370281876 0.63102904  1.388631713  3.39043037 1.0017794
a_listing[1009]  2.924323751 0.63982656  1.903783627  3.97412089 1.0038880
a_listing[1010]  2.222441810 0.67143519  1.174610028  3.31719364 1.0010539
a_listing[1011]  2.635925521 0.70584822  1.513330124  3.77540901 1.0013222
a_listing[1012]  2.674928980 0.70491979  1.562222382  3.82191018 1.0043958
a_listing[1013]  2.873021755 0.54069932  2.031115440  3.76125750 1.0033972
a_listing[1014]  2.644151775 0.68799310  1.553540239  3.74585271 1.0006384
a_listing[1015]  2.766253696 0.66283021  1.729263002  3.85728721 1.0008498
a_listing[1016]  3.463687061 0.54647595  2.642474838  4.38251116 1.0029267
a_listing[1017]  3.287065380 0.50506874  2.516919930  4.11973574 0.9998797
a_listing[1018]  2.397737704 0.50377579  1.625189643  3.24711469 1.0010456
a_listing[1019]  2.639994377 0.71194047  1.513093389  3.77481490 1.0004371
a_listing[1020]  2.707757221 0.58526533  1.793817253  3.66827220 0.9998343
a_listing[1021]  2.644856952 0.69695161  1.554219868  3.75011007 1.0043522
a_listing[1022]  2.969827118 0.60937272  2.035884141  3.97209880 1.0009784
a_listing[1023]  3.153260470 0.58481566  2.252515095  4.12552941 1.0011672
a_listing[1024]  2.414128985 0.30781373  1.936684668  2.92126560 1.0007704
a_listing[1025]  3.000802589 0.61564322  2.038885446  4.00699904 1.0013581
a_listing[1026]  2.668567171 0.68857676  1.568810698  3.80765781 0.9997069
a_listing[1027]  2.450524085 0.53803092  1.633083899  3.32072027 1.0036093
a_listing[1028]  2.738081855 0.66380658  1.713562851  3.82709936 1.0013989
a_listing[1029]  2.424940895 0.53100495  1.598730973  3.30071725 0.9999383
a_listing[1030]  2.432612030 0.63361095  1.450736555  3.44359648 1.0012839
a_listing[1031]  2.814662499 0.55635650  1.965894809  3.73739539 1.0029811
a_listing[1032]  2.715972959 0.56159349  1.841967695  3.64096127 1.0006876
a_listing[1033]  2.715054590 0.67467230  1.651069276  3.82180136 1.0006790
a_listing[1034]  2.849072154 0.63766284  1.849979329  3.91166182 1.0051396
a_listing[1035]  2.885667478 0.33324877  2.366850943  3.44101628 1.0013057
a_listing[1036]  2.054957533 0.47006935  1.326561303  2.85605615 1.0037154
a_listing[1037]  2.845190968 0.55461090  1.987335401  3.76148046 1.0017753
a_listing[1038]  2.961618072 0.64049275  1.985830782  4.02280190 1.0024449
a_listing[1039]  2.414595778 0.62261721  1.441743483  3.43185658 1.0063495
a_listing[1040]  2.676466955 0.68561810  1.604802757  3.76684090 1.0024107
a_listing[1041]  2.587945507 0.70069128  1.480783036  3.71054685 1.0030658
a_listing[1042]  2.767322431 0.67886567  1.701362657  3.90338187 1.0011337
a_listing[1043]  2.649706231 0.68875334  1.564826606  3.78032002 1.0009763
a_listing[1044]  2.085736926 0.52067587  1.274182203  2.94893266 1.0011827
a_listing[1045]  2.894783105 0.64205666  1.890745601  3.94299630 1.0004107
a_listing[1046]  2.643218379 0.70155752  1.533544651  3.77387526 1.0014747
a_listing[1047]  2.890349828 0.64020974  1.889066522  3.93862010 1.0011505
a_listing[1048]  2.814255879 0.66593535  1.760813103  3.89810129 1.0036353
a_listing[1049]  3.064100011 0.46958896  2.361530026  3.84834358 1.0009543
a_listing[1050]  2.599474710 0.71225323  1.452062406  3.74474445 1.0009114
a_listing[1051]  2.444409950 0.63947701  1.447482057  3.47321366 1.0008864
a_listing[1052]  2.361611422 0.55689868  1.513938838  3.28728551 1.0029227
a_listing[1053]  2.856163554 0.40338741  2.235848024  3.51583977 1.0012410
a_listing[1054]  2.299092644 0.64335728  1.297217897  3.35943776 1.0005109
a_listing[1055]  1.471686664 0.30656134  0.990994858  1.98298994 1.0015344
a_listing[1056]  3.289955576 0.54910921  2.410696688  4.20759642 1.0015756
a_listing[1057]  2.678968331 0.68152728  1.613219992  3.78340279 1.0039311
a_listing[1058]  1.567588931 0.28175148  1.127304354  2.02415337 0.9999653
a_listing[1059]  1.517682632 0.25341352  1.119195123  1.93117847 1.0011460
a_listing[1060]  1.591418514 0.52560171  0.777831355  2.43531029 1.0003387
a_listing[1061]  2.586497529 0.71557837  1.455977465  3.76795315 1.0002760
a_listing[1062]  2.907326145 0.55652767  2.042592606  3.82528624 1.0012185
a_listing[1063]  2.723341226 0.50841502  1.933106445  3.56483638 1.0020069
a_listing[1064]  2.676495168 0.69631593  1.588517123  3.82251058 1.0004470
a_listing[1065]  2.041448675 0.26986928  1.625761027  2.49627120 0.9998596
a_listing[1066]  2.642520704 0.71919214  1.500951547  3.81036546 1.0021080
a_listing[1067]  3.294669331 0.58328022  2.386640145  4.28000456 1.0011424
a_listing[1068]  2.789310593 0.65829534  1.758031927  3.84399750 1.0016591
a_listing[1069]  3.256385368 0.57842155  2.352328700  4.22098891 1.0005288
a_listing[1070]  2.743197032 0.58518873  1.824458281  3.69348067 1.0027195
a_listing[1071]  2.773720608 0.45217251  2.082594161  3.52029691 1.0011336
a_listing[1072]  2.151424157 0.70362609  1.035293280  3.27863738 1.0004179
a_listing[1073]  2.680217869 0.69527952  1.576580365  3.79663174 1.0004065
a_listing[1074]  2.496931448 0.62137904  1.512401889  3.52787015 1.0005822
a_listing[1075]  2.206226830 0.68952866  1.092906657  3.31669437 1.0012355
a_listing[1076]  2.634551038 0.71493582  1.508593460  3.78405251 1.0003024
a_listing[1077]  2.126053570 0.51569540  1.336848081  2.96821837 1.0012999
a_listing[1078]  2.173011775 0.58266562  1.259089906  3.14087389 1.0020551
a_listing[1079]  2.104644737 0.60764090  1.184895784  3.08274303 1.0004725
a_listing[1080]  1.949878012 0.63824816  0.952331804  3.00035947 1.0023078
a_listing[1081]  3.265213632 0.55660008  2.394969955  4.18392391 1.0005431
a_listing[1082]  2.334178700 0.40483389  1.725863933  3.00095568 1.0024049
a_listing[1083]  2.915208324 0.63652073  1.914935630  3.94843177 0.9999659
a_listing[1084]  1.957097803 0.43906464  1.273211749  2.66040587 0.9996528
a_listing[1085]  2.639209349 0.73161869  1.496316771  3.81190927 1.0010518
a_listing[1086]  2.594646449 0.70171825  1.473047043  3.74160778 1.0009982
a_listing[1087]  2.785940194 0.55407549  1.930843557  3.68427477 1.0002251
a_listing[1088]  2.639572320 0.68703430  1.546685466  3.75273031 1.0005815
a_listing[1089]  2.679780218 0.68830047  1.600658405  3.78878973 0.9995883
a_listing[1090]  2.678270472 0.69084924  1.580663414  3.80386611 1.0002932
a_listing[1091]  3.133665524 0.59804552  2.219381222  4.10768354 1.0011624
a_listing[1092]  2.788182103 0.55432752  1.944704263  3.71636685 1.0007845
a_listing[1093]  2.261470535 0.67825608  1.167583147  3.33624261 1.0023918
a_listing[1094]  2.748360295 0.68406002  1.661828865  3.85503256 1.0008422
a_listing[1095]  2.554154751 0.60170115  1.623459790  3.53332353 1.0016429
a_listing[1096]  2.614732323 0.60056535  1.680175474  3.61577285 1.0032478
a_listing[1097]  3.058307882 0.52506087  2.248642648  3.94433944 0.9997772
a_listing[1098]  2.333703541 0.45561197  1.639287724  3.08619934 1.0030130
a_listing[1099]  2.970236079 0.54669361  2.123754799  3.88052476 1.0001466
a_listing[1100]  2.746531654 0.67983579  1.689777830  3.82433564 0.9999716
a_listing[1101]  2.619064747 0.51694182  1.840949153  3.49100887 1.0024873
a_listing[1102]  2.794823361 0.65349696  1.785650443  3.86559123 1.0006507
a_listing[1103]  2.393440832 0.61970925  1.430344316  3.38894302 1.0036034
a_listing[1104]  2.646172151 0.69222950  1.540878822  3.75058864 0.9999056
a_listing[1105]  2.603364061 0.72620858  1.457511550  3.76014923 0.9996500
a_listing[1106]  2.367509380 0.47401356  1.624412561  3.16831195 1.0001042
a_listing[1107]  2.684924552 0.68971004  1.594390626  3.82177095 1.0014889
a_listing[1108]  2.594625683 0.44078392  1.904549884  3.33684190 1.0033399
a_listing[1109]  3.459386924 0.53756542  2.634908722  4.35205211 1.0004177
a_listing[1110]  3.167754440 0.45983171  2.454184264  3.94032477 1.0013381
a_listing[1111]  2.597615244 0.73212613  1.419829296  3.77359452 1.0010950
a_listing[1112]  2.709233349 0.66954462  1.652649731  3.81815268 1.0010252
a_listing[1113]  2.639992230 0.72307351  1.486591664  3.83144303 1.0018608
a_listing[1114]  2.614808648 0.59197010  1.722404453  3.57318297 1.0004214
a_listing[1115]  2.654661357 0.70859095  1.525092516  3.80938511 1.0008126
a_listing[1116]  2.998735530 0.63154741  2.008257797  4.05390514 1.0008391
a_listing[1117]  2.808691619 0.65892332  1.783077092  3.88480919 1.0009694
a_listing[1118]  2.637148845 0.69041817  1.537356365  3.75153950 1.0010882
a_listing[1119]  2.091943082 0.72212303  0.941217919  3.23746768 1.0010582
a_listing[1120]  1.777232362 0.57047435  0.885189683  2.71415134 1.0005228
a_listing[1121]  3.108330582 0.58998764  2.190820325  4.07312297 0.9999024
a_listing[1122]  2.684930967 0.46188059  1.979910633  3.46797891 1.0000266
a_listing[1123]  2.661253763 0.56868857  1.799376248  3.59939635 1.0011359
a_listing[1124]  2.422928450 0.48982495  1.663537237  3.23501107 1.0000299
a_listing[1125]  1.546087525 0.52296218  0.727977182  2.41928468 1.0010005
a_listing[1126]  2.160312262 0.59048544  1.243496925  3.14215494 1.0014996
a_listing[1127]  2.702100154 0.66688898  1.642551192  3.79380899 1.0005280
a_listing[1128]  2.595614424 0.70748829  1.471871773  3.72533894 1.0010063
a_listing[1129]  2.625840997 0.70603428  1.482639090  3.75405816 0.9996554
a_listing[1130]  2.586567854 0.72865816  1.429271613  3.75388952 1.0004072
a_listing[1131]  2.638533750 0.70639795  1.516913780  3.80159791 1.0007539
a_listing[1132]  2.811782415 0.67033740  1.743261377  3.91084980 1.0010086
a_listing[1133]  2.082156182 0.71138509  0.956722665  3.22962362 1.0021763
a_listing[1134]  2.711512146 0.69756259  1.608455007  3.86414865 0.9994060
a_listing[1135]  2.675493773 0.67720129  1.595102640  3.75878505 1.0004618
a_listing[1136]  2.570214459 0.59952110  1.640678555  3.56363807 1.0039542
a_listing[1137]  2.364582472 0.63161104  1.375646413  3.39322829 1.0047353
a_listing[1138]  1.927977797 0.64556322  0.917471197  2.98726878 1.0027478
a_listing[1139]  2.670481385 0.66873759  1.613764370  3.77334002 1.0016280
a_listing[1140]  2.231967106 0.37279476  1.677252986  2.85700614 1.0011865
a_listing[1141]  2.484836543 0.43025950  1.823060503  3.19862706 1.0018350
a_listing[1142]  2.512282544 0.61161927  1.574561434  3.53225766 1.0010310
a_listing[1143]  2.445869252 0.33099499  1.930279738  2.99077319 1.0006719
a_listing[1144]  2.227635018 0.57062164  1.315168026  3.15500220 1.0002349
a_listing[1145]  3.181983538 0.58531518  2.276374408  4.17473998 1.0014638
a_listing[1146]  2.999628375 0.61850539  2.021616214  4.01921616 1.0023685
a_listing[1147]  2.832205485 0.65030796  1.806678325  3.88846579 1.0004732
a_listing[1148]  2.935629408 0.60932992  1.990303488  3.92499245 1.0001586
a_listing[1149]  3.076945732 0.61295679  2.122431864  4.07979639 0.9994352
a_listing[1150]  2.886760875 0.63078431  1.903944359  3.90908619 1.0010200
a_listing[1151]  2.623769142 0.68809511  1.529176171  3.73538328 1.0002276
a_listing[1152]  2.588314990 0.71003824  1.451689907  3.70451465 1.0021562
a_listing[1153]  2.442981414 0.48302737  1.701424035  3.23576893 1.0003061
a_listing[1154]  2.577637027 0.59549788  1.647889688  3.53707248 1.0000976
a_listing[1155]  2.700615264 0.49586462  1.930100566  3.51440244 1.0041463
a_listing[1156]  2.915472127 0.63292799  1.942027726  3.96016166 1.0013836
a_listing[1157]  2.434073441 0.64493969  1.437336330  3.48020528 1.0015844
a_listing[1158]  1.906187261 0.36389955  1.350777805  2.50131271 1.0004759
a_listing[1159]  2.217718696 0.67988343  1.123936658  3.33129535 1.0016813
a_listing[1160]  2.798862305 0.66292346  1.762166407  3.88522542 1.0012428
a_listing[1161]  2.201943759 0.41345087  1.571775128  2.87715291 0.9999069
a_listing[1162]  2.299052745 0.50346195  1.539752352  3.10757043 1.0017290
a_listing[1163]  2.149918756 0.42494745  1.485929420  2.84902890 0.9997868
a_listing[1164]  2.138025777 0.41784945  1.499996991  2.83055863 1.0010347
a_listing[1165]  2.191083073 0.51925376  1.398203821  3.07783494 1.0000104
a_listing[1166]  2.372722306 0.62778730  1.384675094  3.39641574 1.0025334
a_listing[1167]  1.901789602 0.54187002  1.067240577  2.78461489 1.0014448
a_listing[1168]  2.640507829 0.69770892  1.550496100  3.76051269 1.0009459
a_listing[1169]  2.310130331 0.65413625  1.310147745  3.38898910 1.0011288
a_listing[1170]  2.408440677 0.62331335  1.414511648  3.40979453 1.0009180
a_listing[1171]  2.598122021 0.71621059  1.491731255  3.78138948 0.9995550
a_listing[1172]  2.583453326 0.72201567  1.433163835  3.75896341 1.0005297
a_listing[1173]  1.839678440 0.55617883  0.952831936  2.71683216 1.0010733
a_listing[1174]  1.950744589 0.62561875  0.980358333  2.95587291 1.0006711
a_listing[1175]  2.259312547 0.67862561  1.180619364  3.35598167 1.0026317
a_listing[1176]  3.064036141 0.51307898  2.286633074  3.91281381 1.0023635
a_listing[1177]  2.593552278 0.72055042  1.469349915  3.73441373 1.0005744
a_listing[1178]  2.881570438 0.53163406  2.068874770  3.74275954 1.0005622
a_listing[1179]  2.586195222 0.71903571  1.439280851  3.75679643 1.0013632
a_listing[1180]  2.637107569 0.68104580  1.570126392  3.73077182 0.9999425
a_listing[1181]  2.601822309 0.52344674  1.785940160  3.46769333 1.0007418
a_listing[1182]  2.297500274 0.66216116  1.270497932  3.39150725 1.0005507
a_listing[1183]  2.642789165 0.71562116  1.512011311  3.78810756 0.9995806
a_listing[1184]  3.053492046 0.47859520  2.341672654  3.85763928 1.0011727
a_listing[1185]  2.608170617 0.71995566  1.462952858  3.76244554 1.0011568
a_listing[1186]  2.754924510 0.55789563  1.886069151  3.67990588 1.0008585
a_listing[1187]  2.843057231 0.49724100  2.055301331  3.67833161 1.0023492
a_listing[1188]  2.618896159 0.60913182  1.686131798  3.60741456 1.0007417
a_listing[1189]  2.683057656 0.67605979  1.595677329  3.77262240 1.0016741
a_listing[1190]  2.643166279 0.70064523  1.545104988  3.74144362 1.0030115
a_listing[1191]  3.241007086 0.58176188  2.347145326  4.20042091 1.0007950
a_listing[1192]  3.141261985 0.58197596  2.249282972  4.10749949 1.0020447
a_listing[1193]  2.269804765 0.48847931  1.512876164  3.07371906 1.0010290
a_listing[1194]  3.356292184 0.58513736  2.447691250  4.32599045 1.0005508
a_listing[1195]  2.688840871 0.70064731  1.587691270  3.82695908 1.0018032
a_listing[1196]  2.607522005 0.72590308  1.458959070  3.76396500 1.0015615
a_listing[1197]  2.679170741 0.44803632  1.990849479  3.42686578 1.0006026
a_listing[1198]  1.149416725 0.32384284  0.652659149  1.67256283 1.0009609
a_listing[1199]  2.591978246 0.71800780  1.445917202  3.75391074 1.0001599
a_listing[1200]  2.586537327 0.61090854  1.654695945  3.59563128 1.0004186
                ess_bulk
z_listing[1]    6859.636
z_listing[2]    6402.268
z_listing[3]    7759.460
z_listing[4]    6452.468
z_listing[5]    7502.701
z_listing[6]    7384.575
z_listing[7]    7558.343
z_listing[8]    6319.318
z_listing[9]    7597.357
z_listing[10]   7163.078
z_listing[11]   6499.037
z_listing[12]   7396.612
z_listing[13]   6182.116
z_listing[14]   7202.794
z_listing[15]   6260.638
z_listing[16]   8032.860
z_listing[17]   6384.288
z_listing[18]   6295.830
z_listing[19]   6853.964
z_listing[20]   6295.352
z_listing[21]   5602.815
z_listing[22]   7566.566
z_listing[23]   7950.512
z_listing[24]   6927.372
z_listing[25]   7138.036
z_listing[26]   6555.887
z_listing[27]   6404.051
z_listing[28]   5713.205
z_listing[29]   6892.891
z_listing[30]   6996.061
z_listing[31]   6584.088
z_listing[32]   6404.837
z_listing[33]   7738.974
z_listing[34]   7494.510
z_listing[35]   6469.387
z_listing[36]   6891.098
z_listing[37]   7163.253
z_listing[38]   7145.761
z_listing[39]   6058.051
z_listing[40]   6611.491
z_listing[41]   6847.983
z_listing[42]   5400.968
z_listing[43]   4026.905
z_listing[44]   7062.356
z_listing[45]   7181.409
z_listing[46]   6405.123
z_listing[47]   7062.703
z_listing[48]   7921.291
z_listing[49]   7247.087
z_listing[50]   7349.835
z_listing[51]   6758.632
z_listing[52]   7225.054
z_listing[53]   7089.360
z_listing[54]   5871.075
z_listing[55]   6248.896
z_listing[56]   7105.873
z_listing[57]   7711.475
z_listing[58]   8204.903
z_listing[59]   7406.145
z_listing[60]   6697.017
z_listing[61]   6787.430
z_listing[62]   7592.441
z_listing[63]   6759.123
z_listing[64]   2080.389
z_listing[65]   6013.050
z_listing[66]   6987.889
z_listing[67]   2134.569
z_listing[68]   7314.978
z_listing[69]   7066.020
z_listing[70]   7049.014
z_listing[71]   7470.856
z_listing[72]   7308.472
z_listing[73]   6746.744
z_listing[74]   7880.813
z_listing[75]   5723.141
z_listing[76]   7256.478
z_listing[77]   6196.031
z_listing[78]   6083.082
z_listing[79]   6084.867
z_listing[80]   6873.477
z_listing[81]   6769.615
z_listing[82]   7119.716
z_listing[83]   6225.066
z_listing[84]   6886.805
z_listing[85]   6791.565
z_listing[86]   7411.814
z_listing[87]   6533.214
z_listing[88]   6398.484
z_listing[89]   7695.848
z_listing[90]   6982.440
z_listing[91]   6369.670
z_listing[92]   8138.439
z_listing[93]   6770.261
z_listing[94]   6096.399
z_listing[95]   6201.468
z_listing[96]   6229.912
z_listing[97]   5980.615
z_listing[98]   8459.284
z_listing[99]   6723.242
z_listing[100]  5952.336
z_listing[101]  6584.760
z_listing[102]  6606.245
z_listing[103]  6384.639
z_listing[104]  6224.754
z_listing[105]  8004.370
z_listing[106]  6695.478
z_listing[107]  5332.050
z_listing[108]  6676.830
z_listing[109]  7084.158
z_listing[110]  6036.262
z_listing[111]  6885.409
z_listing[112]  7617.355
z_listing[113]  6262.964
z_listing[114]  7013.620
z_listing[115]  5527.517
z_listing[116]  5599.090
z_listing[117]  6900.869
z_listing[118]  6811.219
z_listing[119]  7187.847
z_listing[120]  8091.256
z_listing[121]  7592.428
z_listing[122]  6631.288
z_listing[123]  7480.551
z_listing[124]  7280.625
z_listing[125]  6396.631
z_listing[126]  5761.808
z_listing[127]  7693.329
z_listing[128]  7267.118
z_listing[129]  6166.303
z_listing[130]  6487.260
z_listing[131]  6399.261
z_listing[132]  6880.078
z_listing[133]  6927.228
z_listing[134]  7217.083
z_listing[135]  5218.357
z_listing[136]  6895.361
z_listing[137]  7315.228
z_listing[138]  6171.830
z_listing[139]  7780.229
z_listing[140]  7410.172
z_listing[141]  6909.693
z_listing[142]  6243.998
z_listing[143]  5776.502
z_listing[144]  6432.886
z_listing[145]  7068.486
z_listing[146]  7024.468
z_listing[147]  6914.501
z_listing[148]  5645.872
z_listing[149]  7288.998
z_listing[150]  6482.722
z_listing[151]  7244.934
z_listing[152]  6323.406
z_listing[153]  7896.173
z_listing[154]  7118.753
z_listing[155]  8593.051
z_listing[156]  6344.654
z_listing[157]  6357.889
z_listing[158]  6402.378
z_listing[159]  6856.867
z_listing[160]  8082.303
z_listing[161]  6639.447
z_listing[162]  6228.549
z_listing[163]  8583.967
z_listing[164]  6996.030
z_listing[165]  6285.856
z_listing[166]  6027.065
z_listing[167]  6266.214
z_listing[168]  6306.010
z_listing[169]  5970.504
z_listing[170]  5957.337
z_listing[171]  7274.950
z_listing[172]  6618.503
z_listing[173]  6131.803
z_listing[174]  7965.930
z_listing[175]  7666.202
z_listing[176]  6529.352
z_listing[177]  6520.891
z_listing[178]  6797.658
z_listing[179]  6598.200
z_listing[180]  6684.124
z_listing[181]  7453.485
z_listing[182]  6691.398
z_listing[183]  6350.597
z_listing[184]  6252.148
z_listing[185]  5863.218
z_listing[186]  6914.093
z_listing[187]  7883.627
z_listing[188]  6806.539
z_listing[189]  6444.767
z_listing[190]  6966.973
z_listing[191]  6948.107
z_listing[192]  6808.018
z_listing[193]  6474.611
z_listing[194]  7664.560
z_listing[195]  6896.958
z_listing[196]  6296.964
z_listing[197]  7900.689
z_listing[198]  7236.981
z_listing[199]  7127.780
z_listing[200]  6366.012
z_listing[201]  6947.791
z_listing[202]  6898.384
z_listing[203]  6984.662
z_listing[204]  7854.458
z_listing[205]  8283.851
z_listing[206]  6123.226
z_listing[207]  6427.704
z_listing[208]  7696.061
z_listing[209]  6274.852
z_listing[210]  6643.208
z_listing[211]  6570.243
z_listing[212]  7930.632
z_listing[213]  6656.557
z_listing[214]  6408.187
z_listing[215]  6553.408
z_listing[216]  7814.669
z_listing[217]  7245.256
z_listing[218]  7069.629
z_listing[219]  7796.210
z_listing[220]  6260.720
z_listing[221]  6853.271
z_listing[222]  6841.820
z_listing[223]  7929.267
z_listing[224]  7762.936
z_listing[225]  6906.216
z_listing[226]  6655.178
z_listing[227]  6413.542
z_listing[228]  5199.110
z_listing[229]  7011.323
z_listing[230]  7890.573
z_listing[231]  5126.737
z_listing[232]  6299.466
z_listing[233]  7323.950
z_listing[234]  6559.354
z_listing[235]  5349.349
z_listing[236]  6375.333
z_listing[237]  7029.527
z_listing[238]  6460.622
z_listing[239]  6847.563
z_listing[240]  7001.683
z_listing[241]  7126.298
z_listing[242]  6901.871
z_listing[243]  6951.691
z_listing[244]  6110.721
z_listing[245]  7973.306
z_listing[246]  7538.797
z_listing[247]  6624.137
z_listing[248]  7208.080
z_listing[249]  6732.904
z_listing[250]  7394.529
z_listing[251]  7579.105
z_listing[252]  6523.978
z_listing[253]  5913.995
z_listing[254]  6547.777
z_listing[255]  7659.375
z_listing[256]  5521.929
z_listing[257]  7134.523
z_listing[258]  6933.667
z_listing[259]  8056.065
z_listing[260]  7782.936
z_listing[261]  7207.648
z_listing[262]  6400.157
z_listing[263]  6727.347
z_listing[264]  6223.146
z_listing[265]  7759.654
z_listing[266]  6275.487
z_listing[267]  8408.739
z_listing[268]  9350.238
z_listing[269]  6082.001
z_listing[270]  6737.298
z_listing[271]  5797.499
z_listing[272]  7305.389
z_listing[273]  6943.513
z_listing[274]  7533.386
z_listing[275]  7533.812
z_listing[276]  6761.746
z_listing[277]  8828.106
z_listing[278]  6580.674
z_listing[279]  8845.407
z_listing[280]  6936.659
z_listing[281]  5903.541
z_listing[282]  6404.885
z_listing[283]  7389.744
z_listing[284]  7814.043
z_listing[285]  2459.772
z_listing[286]  6889.268
z_listing[287]  7911.013
z_listing[288]  6504.759
z_listing[289]  6948.378
z_listing[290]  7488.014
z_listing[291]  6630.355
z_listing[292]  6479.632
z_listing[293]  5434.586
z_listing[294]  6237.191
z_listing[295]  6244.823
z_listing[296]  6144.771
z_listing[297]  6756.279
z_listing[298]  6182.826
z_listing[299]  6435.365
z_listing[300]  6760.221
z_listing[301]  7295.837
z_listing[302]  6251.099
z_listing[303]  6951.674
z_listing[304]  6376.334
z_listing[305]  7278.941
z_listing[306]  7564.553
z_listing[307]  6605.726
z_listing[308]  7528.581
z_listing[309]  5812.127
z_listing[310]  7783.286
z_listing[311]  6052.201
z_listing[312]  7500.113
z_listing[313]  6922.742
z_listing[314]  7535.687
z_listing[315]  7593.315
z_listing[316]  6943.099
z_listing[317]  7147.287
z_listing[318]  6415.141
z_listing[319]  6785.264
z_listing[320]  6777.029
z_listing[321]  6922.430
z_listing[322]  8066.072
z_listing[323]  7166.595
z_listing[324]  6678.543
z_listing[325]  6555.457
z_listing[326]  7991.787
z_listing[327]  8012.328
z_listing[328]  6381.267
z_listing[329]  6689.105
z_listing[330]  7169.310
z_listing[331]  7838.686
z_listing[332]  7840.042
z_listing[333]  6150.282
z_listing[334]  6503.908
z_listing[335]  7662.927
z_listing[336]  8087.089
z_listing[337]  7193.249
z_listing[338]  6749.715
z_listing[339]  7653.247
z_listing[340]  7235.393
z_listing[341]  6958.468
z_listing[342]  6569.815
z_listing[343]  5824.924
z_listing[344]  6449.067
z_listing[345]  6543.667
z_listing[346]  7101.621
z_listing[347]  5719.179
z_listing[348]  7513.400
z_listing[349]  7396.538
z_listing[350]  7046.020
z_listing[351]  6923.917
z_listing[352]  7783.307
z_listing[353]  6833.784
z_listing[354]  7696.939
z_listing[355]  6365.240
z_listing[356]  6544.130
z_listing[357]  6947.043
z_listing[358]  7337.145
z_listing[359]  5621.514
z_listing[360]  6060.766
z_listing[361]  5470.354
z_listing[362]  7311.864
z_listing[363]  6920.609
z_listing[364]  7225.876
z_listing[365]  6929.703
z_listing[366]  5780.532
z_listing[367]  6741.048
z_listing[368]  7155.433
z_listing[369]  6953.297
z_listing[370]  8102.849
z_listing[371]  6534.905
z_listing[372]  7285.651
z_listing[373]  7802.935
z_listing[374]  7375.455
z_listing[375]  7860.233
z_listing[376]  6870.823
z_listing[377]  5935.574
z_listing[378]  6521.481
z_listing[379]  6660.272
z_listing[380]  7734.899
z_listing[381]  6789.425
z_listing[382]  7880.789
z_listing[383]  7946.543
z_listing[384]  7069.773
z_listing[385]  6540.295
z_listing[386]  6855.877
z_listing[387]  7224.060
z_listing[388]  5927.365
z_listing[389]  6453.552
z_listing[390]  7045.659
z_listing[391]  6093.050
z_listing[392]  8015.076
z_listing[393]  7275.085
z_listing[394]  6034.062
z_listing[395]  6939.615
z_listing[396]  7147.878
z_listing[397]  7371.372
z_listing[398]  7701.796
z_listing[399]  6290.564
z_listing[400]  7376.608
z_listing[401]  7486.529
z_listing[402]  7214.995
z_listing[403]  6469.668
z_listing[404]  7636.937
z_listing[405]  6236.845
z_listing[406]  6568.622
z_listing[407]  7235.722
z_listing[408]  7280.225
z_listing[409]  7702.198
z_listing[410]  7565.246
z_listing[411]  6310.854
z_listing[412]  6256.860
z_listing[413]  6457.305
z_listing[414]  7396.530
z_listing[415]  6811.893
z_listing[416]  6488.847
z_listing[417]  7086.427
z_listing[418]  6471.920
z_listing[419]  6522.089
z_listing[420]  6506.612
z_listing[421]  6327.071
z_listing[422]  6679.351
z_listing[423]  6902.267
z_listing[424]  6577.407
z_listing[425]  6575.406
z_listing[426]  7122.394
z_listing[427]  7222.854
z_listing[428]  6328.127
z_listing[429]  7141.273
z_listing[430]  7523.940
z_listing[431]  6771.261
z_listing[432]  7045.646
z_listing[433]  7292.840
z_listing[434]  6140.412
z_listing[435]  7038.081
z_listing[436]  5763.748
z_listing[437]  8106.968
z_listing[438]  7594.355
z_listing[439]  6790.024
z_listing[440]  6963.167
z_listing[441]  5536.194
z_listing[442]  6795.221
z_listing[443]  5967.337
z_listing[444]  6613.361
z_listing[445]  7159.175
z_listing[446]  6373.430
z_listing[447]  7647.659
z_listing[448]  7428.453
z_listing[449]  6585.826
z_listing[450]  6902.373
z_listing[451]  6122.780
z_listing[452]  5765.822
z_listing[453]  7812.106
z_listing[454]  6872.723
z_listing[455]  6928.904
z_listing[456]  8087.749
z_listing[457]  6583.534
z_listing[458]  7474.296
z_listing[459]  7206.576
z_listing[460]  6749.666
z_listing[461]  7438.166
z_listing[462]  6672.395
z_listing[463]  6768.741
z_listing[464]  5926.587
z_listing[465]  8759.770
z_listing[466]  7531.422
z_listing[467]  7567.923
z_listing[468]  6263.040
z_listing[469]  7224.664
z_listing[470]  6535.755
z_listing[471]  7934.336
z_listing[472]  7188.957
z_listing[473]  7516.576
z_listing[474]  6257.962
z_listing[475]  7530.977
z_listing[476]  6105.091
z_listing[477]  7719.604
z_listing[478]  7243.545
z_listing[479]  7058.153
z_listing[480]  6993.605
z_listing[481]  6577.180
z_listing[482]  6203.208
z_listing[483]  6730.159
z_listing[484]  7169.020
z_listing[485]  6416.966
z_listing[486]  7171.301
z_listing[487]  7605.535
z_listing[488]  6937.712
z_listing[489]  6432.613
z_listing[490]  6669.093
z_listing[491]  7873.270
z_listing[492]  6610.735
z_listing[493]  6987.526
z_listing[494]  6486.013
z_listing[495]  6931.490
z_listing[496]  5908.640
z_listing[497]  8817.945
z_listing[498]  7689.810
z_listing[499]  6083.054
z_listing[500]  7276.542
z_listing[501]  7112.952
z_listing[502]  6377.266
z_listing[503]  6823.071
z_listing[504]  6542.386
z_listing[505]  6224.357
z_listing[506]  7468.546
z_listing[507]  7022.598
z_listing[508]  6576.268
z_listing[509]  6949.545
z_listing[510]  7313.797
z_listing[511]  7512.083
z_listing[512]  6599.594
z_listing[513]  6343.829
z_listing[514]  6176.276
z_listing[515]  5829.325
z_listing[516]  6764.403
z_listing[517]  5977.683
z_listing[518]  6911.502
z_listing[519]  6685.129
z_listing[520]  8267.078
z_listing[521]  7358.948
z_listing[522]  7678.671
z_listing[523]  6510.387
z_listing[524]  7691.389
z_listing[525]  7777.256
z_listing[526]  6765.038
z_listing[527]  6985.438
z_listing[528]  7800.358
z_listing[529]  7651.533
z_listing[530]  6313.922
z_listing[531]  6510.837
z_listing[532]  6394.365
z_listing[533]  6573.783
z_listing[534]  7529.332
z_listing[535]  6841.858
z_listing[536]  7073.743
z_listing[537]  7349.158
z_listing[538]  6908.915
z_listing[539]  6478.287
z_listing[540]  7019.259
z_listing[541]  7201.261
z_listing[542]  7892.693
z_listing[543]  7796.853
z_listing[544]  6198.465
z_listing[545]  9484.204
z_listing[546]  7391.350
z_listing[547]  6916.718
z_listing[548]  6676.456
z_listing[549]  6719.755
z_listing[550]  7590.156
z_listing[551]  7540.103
z_listing[552]  6546.181
z_listing[553]  7820.785
z_listing[554]  6576.105
z_listing[555]  7648.406
z_listing[556]  7098.547
z_listing[557]  6124.989
z_listing[558]  6497.058
z_listing[559]  7308.448
z_listing[560]  6659.405
z_listing[561]  7139.162
z_listing[562]  6706.827
z_listing[563]  8062.648
z_listing[564]  7722.765
z_listing[565]  6913.437
z_listing[566]  5734.025
z_listing[567]  7275.348
z_listing[568]  5632.434
z_listing[569]  5808.820
z_listing[570]  7216.953
z_listing[571]  6933.906
z_listing[572]  7703.959
z_listing[573]  8037.158
z_listing[574]  7148.918
z_listing[575]  7233.151
z_listing[576]  6961.148
z_listing[577]  6357.372
z_listing[578]  5651.100
z_listing[579]  7422.633
z_listing[580]  8268.994
z_listing[581]  7382.074
z_listing[582]  7034.614
z_listing[583]  8383.277
z_listing[584]  5919.841
z_listing[585]  6840.442
z_listing[586]  6303.852
z_listing[587]  7230.764
z_listing[588]  6931.682
z_listing[589]  8114.205
z_listing[590]  7431.835
z_listing[591]  7957.208
z_listing[592]  5802.871
z_listing[593]  7008.164
z_listing[594]  6530.041
z_listing[595]  7734.807
z_listing[596]  6483.150
z_listing[597]  6086.093
z_listing[598]  7292.767
z_listing[599]  7241.573
z_listing[600]  7348.571
z_listing[601]  6327.096
z_listing[602]  7629.453
z_listing[603]  7120.602
z_listing[604]  6324.042
z_listing[605]  6115.794
z_listing[606]  8900.378
z_listing[607]  7810.614
z_listing[608]  7661.856
z_listing[609]  7086.751
z_listing[610]  6135.412
z_listing[611]  6438.623
z_listing[612]  7432.192
z_listing[613]  6854.998
z_listing[614]  7104.570
z_listing[615]  7805.455
z_listing[616]  6812.770
z_listing[617]  6726.452
z_listing[618]  6154.047
z_listing[619]  7443.319
z_listing[620]  6654.432
z_listing[621]  4998.794
z_listing[622]  5240.456
z_listing[623]  7274.440
z_listing[624]  7807.748
z_listing[625]  7421.953
z_listing[626]  6739.964
z_listing[627]  6843.298
z_listing[628]  6713.825
z_listing[629]  8193.093
z_listing[630]  6101.552
z_listing[631]  7153.322
z_listing[632]  7642.579
z_listing[633]  6697.094
z_listing[634]  7491.732
z_listing[635]  6673.343
z_listing[636]  6685.107
z_listing[637]  6282.141
z_listing[638]  6100.874
z_listing[639]  5823.249
z_listing[640]  9052.542
z_listing[641]  6445.090
z_listing[642]  5985.269
z_listing[643]  5920.364
z_listing[644]  6315.567
z_listing[645]  6723.856
z_listing[646]  5809.344
z_listing[647]  7118.811
z_listing[648]  6209.784
z_listing[649]  6574.954
z_listing[650]  6961.855
z_listing[651]  6320.219
z_listing[652]  7208.108
z_listing[653]  7490.505
z_listing[654]  6260.240
z_listing[655]  7402.772
z_listing[656]  5299.223
z_listing[657]  6742.542
z_listing[658]  7634.343
z_listing[659]  6128.739
z_listing[660]  7645.078
z_listing[661]  5958.017
z_listing[662]  7727.757
z_listing[663]  6574.260
z_listing[664]  7305.979
z_listing[665]  6497.378
z_listing[666]  6181.634
z_listing[667]  7546.656
z_listing[668]  5923.719
z_listing[669]  6876.109
z_listing[670]  6390.584
z_listing[671]  4749.435
z_listing[672]  4926.002
z_listing[673]  6029.369
z_listing[674]  6130.064
z_listing[675]  6211.406
z_listing[676]  5799.148
z_listing[677]  6524.688
z_listing[678]  6145.197
z_listing[679]  2870.719
z_listing[680]  7701.933
z_listing[681]  6813.986
z_listing[682]  6409.001
z_listing[683]  6166.437
z_listing[684]  7930.658
z_listing[685]  6524.807
z_listing[686]  6613.403
z_listing[687]  8177.328
z_listing[688]  7428.594
z_listing[689]  7232.132
z_listing[690]  6955.169
z_listing[691]  6542.085
z_listing[692]  7012.594
z_listing[693]  6847.497
z_listing[694]  8185.699
z_listing[695]  6434.862
z_listing[696]  5750.187
z_listing[697]  5724.029
z_listing[698]  6716.550
z_listing[699]  7885.408
z_listing[700]  5522.640
z_listing[701]  6876.914
z_listing[702]  6744.878
z_listing[703]  6610.118
z_listing[704]  7719.508
z_listing[705]  6602.727
z_listing[706]  6092.487
z_listing[707]  6725.910
z_listing[708]  6199.262
z_listing[709]  7109.800
z_listing[710]  7392.755
z_listing[711]  6328.386
z_listing[712]  6824.856
z_listing[713]  6434.694
z_listing[714]  5678.476
z_listing[715]  6931.974
z_listing[716]  7323.992
z_listing[717]  6535.215
z_listing[718]  6236.110
z_listing[719]  6632.892
z_listing[720]  7131.349
z_listing[721]  7336.162
z_listing[722]  7458.008
z_listing[723]  7570.996
z_listing[724]  6504.357
z_listing[725]  7208.272
z_listing[726]  6149.210
z_listing[727]  7158.408
z_listing[728]  6081.645
z_listing[729]  6827.530
z_listing[730]  6514.654
z_listing[731]  7171.609
z_listing[732]  6832.653
z_listing[733]  5538.810
z_listing[734]  7705.402
z_listing[735]  6378.529
z_listing[736]  6453.038
z_listing[737]  6767.444
z_listing[738]  7272.455
z_listing[739]  7288.415
z_listing[740]  6330.353
z_listing[741]  8471.040
z_listing[742]  6640.408
z_listing[743]  7023.612
z_listing[744]  5225.806
z_listing[745]  7807.804
z_listing[746]  5264.765
z_listing[747]  7723.722
z_listing[748]  6945.399
z_listing[749]  4391.148
z_listing[750]  6381.617
z_listing[751]  5851.997
z_listing[752]  6348.228
z_listing[753]  6643.217
z_listing[754]  7180.202
z_listing[755]  7705.785
z_listing[756]  6425.573
z_listing[757]  5914.089
z_listing[758]  5991.041
z_listing[759]  6182.804
z_listing[760]  8121.560
z_listing[761]  6851.244
z_listing[762]  7314.248
z_listing[763]  5764.690
z_listing[764]  6889.399
z_listing[765]  6366.512
z_listing[766]  7305.785
z_listing[767]  7356.782
z_listing[768]  7414.029
z_listing[769]  6447.900
z_listing[770]  7211.648
z_listing[771]  7199.326
z_listing[772]  7361.805
z_listing[773]  5643.864
z_listing[774]  6339.206
z_listing[775]  6523.126
z_listing[776]  7312.665
z_listing[777]  6901.955
z_listing[778]  6707.507
z_listing[779]  7073.322
z_listing[780]  6396.273
z_listing[781]  7054.345
z_listing[782]  8181.648
z_listing[783]  7528.414
z_listing[784]  7303.002
z_listing[785]  8163.180
z_listing[786]  5041.061
z_listing[787]  6046.815
z_listing[788]  7195.732
z_listing[789]  6914.612
z_listing[790]  6536.253
z_listing[791]  6335.244
z_listing[792]  7376.448
z_listing[793]  7566.555
z_listing[794]  6601.132
z_listing[795]  6572.259
z_listing[796]  6066.266
z_listing[797]  7094.592
z_listing[798]  7635.518
z_listing[799]  7287.288
z_listing[800]  7550.986
z_listing[801]  6570.902
z_listing[802]  6597.678
z_listing[803]  6327.605
z_listing[804]  7987.851
z_listing[805]  7386.095
z_listing[806]  6984.447
z_listing[807]  7726.018
z_listing[808]  6461.156
z_listing[809]  6659.022
z_listing[810]  6248.189
z_listing[811]  8060.995
z_listing[812]  7332.252
z_listing[813]  5672.519
z_listing[814]  5406.172
z_listing[815]  7323.525
z_listing[816]  7001.730
z_listing[817]  6875.583
z_listing[818]  6354.439
z_listing[819]  7308.384
z_listing[820]  5877.458
z_listing[821]  7456.988
z_listing[822]  7057.817
z_listing[823]  7780.655
z_listing[824]  7111.305
z_listing[825]  6590.038
z_listing[826]  6639.149
z_listing[827]  7042.185
z_listing[828]  5403.710
z_listing[829]  6721.511
z_listing[830]  6132.887
z_listing[831]  7129.618
z_listing[832]  6200.128
z_listing[833]  6260.233
z_listing[834]  7669.508
z_listing[835]  8753.378
z_listing[836]  6379.622
z_listing[837]  6475.558
z_listing[838]  7374.004
z_listing[839]  6974.437
z_listing[840]  6474.425
z_listing[841]  8189.780
z_listing[842]  7453.500
z_listing[843]  6507.026
z_listing[844]  7381.079
z_listing[845]  7525.210
z_listing[846]  7444.425
z_listing[847]  7561.261
z_listing[848]  7398.897
z_listing[849]  7347.456
z_listing[850]  7490.432
z_listing[851]  6421.204
z_listing[852]  5016.583
z_listing[853]  6652.015
z_listing[854]  7896.768
z_listing[855]  7625.085
z_listing[856]  7685.022
z_listing[857]  7540.269
z_listing[858]  6263.444
z_listing[859]  6841.543
z_listing[860]  6657.307
z_listing[861]  5565.254
z_listing[862]  7023.229
z_listing[863]  6836.198
z_listing[864]  7858.945
z_listing[865]  6880.236
z_listing[866]  7534.827
z_listing[867]  6209.322
z_listing[868]  6384.189
z_listing[869]  5782.876
z_listing[870]  5996.966
z_listing[871]  6932.857
z_listing[872]  6812.852
z_listing[873]  6885.756
z_listing[874]  7058.195
z_listing[875]  7250.831
z_listing[876]  7666.593
z_listing[877]  6382.509
z_listing[878]  7285.851
z_listing[879]  6707.392
z_listing[880]  6968.648
z_listing[881]  7671.070
z_listing[882]  6693.363
z_listing[883]  7331.329
z_listing[884]  6141.298
z_listing[885]  6955.142
z_listing[886]  7930.599
z_listing[887]  5358.389
z_listing[888]  7540.395
z_listing[889]  7413.313
z_listing[890]  7023.179
z_listing[891]  7217.779
z_listing[892]  6919.408
z_listing[893]  7822.207
z_listing[894]  6833.276
z_listing[895]  6181.803
z_listing[896]  6208.202
z_listing[897]  6184.160
z_listing[898]  5864.459
z_listing[899]  5853.562
z_listing[900]  6200.756
z_listing[901]  7069.801
z_listing[902]  6562.317
z_listing[903]  6375.617
z_listing[904]  6710.940
z_listing[905]  7968.586
z_listing[906]  8459.635
z_listing[907]  7441.696
z_listing[908]  7220.356
z_listing[909]  6449.887
z_listing[910]  6610.624
z_listing[911]  8146.377
z_listing[912]  6473.785
z_listing[913]  7215.041
z_listing[914]  7358.257
z_listing[915]  7822.264
z_listing[916]  5832.469
z_listing[917]  5149.368
z_listing[918]  6972.293
z_listing[919]  8111.292
z_listing[920]  6727.633
z_listing[921]  6595.114
z_listing[922]  7633.413
z_listing[923]  6677.398
z_listing[924]  5965.044
z_listing[925]  6944.570
z_listing[926]  6818.668
z_listing[927]  7425.647
z_listing[928]  6418.804
z_listing[929]  8116.626
z_listing[930]  7160.112
z_listing[931]  6176.494
z_listing[932]  7418.505
z_listing[933]  8235.365
z_listing[934]  5728.810
z_listing[935]  7337.509
z_listing[936]  6956.943
z_listing[937]  6751.776
z_listing[938]  7948.217
z_listing[939]  6435.121
z_listing[940]  6492.058
z_listing[941]  7088.098
z_listing[942]  6945.437
z_listing[943]  6153.555
z_listing[944]  6021.860
z_listing[945]  6354.377
z_listing[946]  6177.968
z_listing[947]  5829.961
z_listing[948]  6503.052
z_listing[949]  7647.238
z_listing[950]  7849.073
z_listing[951]  6672.217
z_listing[952]  7440.060
z_listing[953]  6177.585
z_listing[954]  6073.531
z_listing[955]  5676.688
z_listing[956]  6097.246
z_listing[957]  6870.999
z_listing[958]  5939.262
z_listing[959]  5811.964
z_listing[960]  5070.655
z_listing[961]  7001.300
z_listing[962]  5669.672
z_listing[963]  6311.768
z_listing[964]  8027.309
z_listing[965]  2875.362
z_listing[966]  6324.941
z_listing[967]  7789.985
z_listing[968]  6826.590
z_listing[969]  5511.561
z_listing[970]  5734.816
z_listing[971]  6944.882
z_listing[972]  6162.745
z_listing[973]  6809.682
z_listing[974]  6954.278
z_listing[975]  5988.518
z_listing[976]  6363.697
z_listing[977]  6526.493
z_listing[978]  7745.374
z_listing[979]  7506.928
z_listing[980]  6554.116
z_listing[981]  7524.163
z_listing[982]  6999.929
z_listing[983]  5807.499
z_listing[984]  6066.763
z_listing[985]  5044.293
z_listing[986]  7079.186
z_listing[987]  7217.063
z_listing[988]  7183.869
z_listing[989]  6872.272
z_listing[990]  5502.918
z_listing[991]  6916.806
z_listing[992]  6478.131
z_listing[993]  6679.029
z_listing[994]  6586.733
z_listing[995]  5483.630
z_listing[996]  6973.248
z_listing[997]  5608.750
z_listing[998]  8237.554
z_listing[999]  7291.789
z_listing[1000] 5887.871
z_listing[1001] 7115.202
z_listing[1002] 3358.379
z_listing[1003] 5615.135
z_listing[1004] 4867.707
z_listing[1005] 6256.927
z_listing[1006] 6955.282
z_listing[1007] 6548.834
z_listing[1008] 7616.166
z_listing[1009] 6718.428
z_listing[1010] 7585.832
z_listing[1011] 7611.783
z_listing[1012] 6631.081
z_listing[1013] 6977.165
z_listing[1014] 7384.681
z_listing[1015] 7631.868
z_listing[1016] 7263.088
z_listing[1017] 6313.201
z_listing[1018] 6651.631
z_listing[1019] 7993.789
z_listing[1020] 7084.241
z_listing[1021] 6585.267
z_listing[1022] 6264.140
z_listing[1023] 7514.695
z_listing[1024] 5660.133
z_listing[1025] 6919.682
z_listing[1026] 6152.571
z_listing[1027] 7456.880
z_listing[1028] 7475.241
z_listing[1029] 7032.670
z_listing[1030] 6947.839
z_listing[1031] 6155.398
z_listing[1032] 7264.893
z_listing[1033] 7259.443
z_listing[1034] 7234.312
z_listing[1035] 5497.506
z_listing[1036] 4877.001
z_listing[1037] 7132.084
z_listing[1038] 7043.112
z_listing[1039] 7331.066
z_listing[1040] 6946.106
z_listing[1041] 6579.231
z_listing[1042] 7754.089
z_listing[1043] 6627.345
z_listing[1044] 7147.781
z_listing[1045] 6959.153
z_listing[1046] 7341.077
z_listing[1047] 6662.458
z_listing[1048] 6286.989
z_listing[1049] 5681.066
z_listing[1050] 6446.485
z_listing[1051] 5453.156
z_listing[1052] 6005.395
z_listing[1053] 6903.700
z_listing[1054] 7070.156
z_listing[1055] 5865.882
z_listing[1056] 7742.165
z_listing[1057] 6788.273
z_listing[1058] 4803.902
z_listing[1059] 4873.458
z_listing[1060] 7605.386
z_listing[1061] 6003.559
z_listing[1062] 7349.491
z_listing[1063] 7443.886
z_listing[1064] 7538.101
z_listing[1065] 4978.221
z_listing[1066] 6955.174
z_listing[1067] 7103.996
z_listing[1068] 6961.595
z_listing[1069] 6204.339
z_listing[1070] 6290.728
z_listing[1071] 6251.804
z_listing[1072] 6894.105
z_listing[1073] 8225.071
z_listing[1074] 8154.401
z_listing[1075] 7245.466
z_listing[1076] 7165.412
z_listing[1077] 8419.283
z_listing[1078] 6416.791
z_listing[1079] 6333.647
z_listing[1080] 5377.835
z_listing[1081] 7246.488
z_listing[1082] 5573.735
z_listing[1083] 8606.923
z_listing[1084] 7964.614
z_listing[1085] 6003.785
z_listing[1086] 6394.286
z_listing[1087] 7559.988
z_listing[1088] 6600.517
z_listing[1089] 6064.851
z_listing[1090] 6325.962
z_listing[1091] 6179.052
z_listing[1092] 6528.929
z_listing[1093] 5969.719
z_listing[1094] 7526.665
z_listing[1095] 6837.543
z_listing[1096] 6528.875
z_listing[1097] 6026.560
z_listing[1098] 7213.762
z_listing[1099] 6815.834
z_listing[1100] 6344.647
z_listing[1101] 7677.535
z_listing[1102] 7411.004
z_listing[1103] 7069.994
z_listing[1104] 7015.895
z_listing[1105] 6523.444
z_listing[1106] 7366.949
z_listing[1107] 6177.382
z_listing[1108] 7213.537
z_listing[1109] 7155.313
z_listing[1110] 6044.665
z_listing[1111] 5956.296
z_listing[1112] 6587.733
z_listing[1113] 6424.269
z_listing[1114] 7503.655
z_listing[1115] 7187.973
z_listing[1116] 7146.703
z_listing[1117] 7404.111
z_listing[1118] 8601.194
z_listing[1119] 6590.324
z_listing[1120] 6953.476
z_listing[1121] 7062.575
z_listing[1122] 6235.021
z_listing[1123] 6970.823
z_listing[1124] 6754.497
z_listing[1125] 6919.075
z_listing[1126] 7982.625
z_listing[1127] 5963.152
z_listing[1128] 6230.592
z_listing[1129] 7014.287
z_listing[1130] 7054.593
z_listing[1131] 6941.192
z_listing[1132] 7932.967
z_listing[1133] 6380.693
z_listing[1134] 7821.083
z_listing[1135] 7321.462
z_listing[1136] 6867.830
z_listing[1137] 7134.618
z_listing[1138] 7139.323
z_listing[1139] 6628.484
z_listing[1140] 6017.160
z_listing[1141] 5468.668
z_listing[1142] 6898.301
z_listing[1143] 5087.193
z_listing[1144] 5917.435
z_listing[1145] 6312.317
z_listing[1146] 6915.097
z_listing[1147] 7550.522
z_listing[1148] 6779.565
z_listing[1149] 6588.259
z_listing[1150] 6859.357
z_listing[1151] 7061.354
z_listing[1152] 6473.410
z_listing[1153] 7852.949
z_listing[1154] 6654.241
z_listing[1155] 7493.735
z_listing[1156] 7745.592
z_listing[1157] 7175.023
z_listing[1158] 5825.154
z_listing[1159] 6127.893
z_listing[1160] 6909.448
z_listing[1161] 7502.504
z_listing[1162] 6893.234
z_listing[1163] 6548.781
z_listing[1164] 7471.320
z_listing[1165] 6165.331
z_listing[1166] 7264.249
z_listing[1167] 8145.485
z_listing[1168] 7754.268
z_listing[1169] 6660.119
z_listing[1170] 7150.012
z_listing[1171] 5763.474
z_listing[1172] 7601.864
z_listing[1173] 7236.515
z_listing[1174] 6456.429
z_listing[1175] 6008.788
z_listing[1176] 6919.402
z_listing[1177] 7393.350
z_listing[1178] 6841.449
z_listing[1179] 6650.537
z_listing[1180] 7234.127
z_listing[1181] 7941.729
z_listing[1182] 6896.477
z_listing[1183] 7044.949
z_listing[1184] 7166.756
z_listing[1185] 6829.875
z_listing[1186] 7002.402
z_listing[1187] 6682.766
z_listing[1188] 7147.262
z_listing[1189] 6378.393
z_listing[1190] 6702.700
z_listing[1191] 7918.697
z_listing[1192] 6675.006
z_listing[1193] 6733.717
z_listing[1194] 6778.325
z_listing[1195] 6039.324
z_listing[1196] 8003.542
z_listing[1197] 5853.652
z_listing[1198] 6136.042
z_listing[1199] 6382.179
z_listing[1200] 6363.899
a_bar           2603.337
b_rev           1460.532
sigma_listing   1279.533
a_listing[1]    6793.342
a_listing[2]    6336.440
a_listing[3]    7318.352
a_listing[4]    6286.593
a_listing[5]    7504.864
a_listing[6]    7104.896
a_listing[7]    7213.761
a_listing[8]    6162.715
a_listing[9]    7562.467
a_listing[10]   6637.624
a_listing[11]   6449.214
a_listing[12]   7392.583
a_listing[13]   6057.898
a_listing[14]   6855.431
a_listing[15]   6042.750
a_listing[16]   7976.655
a_listing[17]   6454.941
a_listing[18]   6255.251
a_listing[19]   6974.218
a_listing[20]   6251.387
a_listing[21]   5877.265
a_listing[22]   7414.829
a_listing[23]   7790.640
a_listing[24]   6832.513
a_listing[25]   6316.563
a_listing[26]   6126.155
a_listing[27]   5856.258
a_listing[28]   5438.236
a_listing[29]   6937.559
a_listing[30]   6706.614
a_listing[31]   6712.631
a_listing[32]   6281.288
a_listing[33]   7770.705
a_listing[34]   7288.379
a_listing[35]   6288.180
a_listing[36]   6683.668
a_listing[37]   7298.608
a_listing[38]   7193.994
a_listing[39]   6248.744
a_listing[40]   6316.711
a_listing[41]   6946.650
a_listing[42]   5184.042
a_listing[43]   4206.166
a_listing[44]   6562.848
a_listing[45]   7201.900
a_listing[46]   6403.184
a_listing[47]   6733.928
a_listing[48]   7905.127
a_listing[49]   6896.452
a_listing[50]   7315.396
a_listing[51]   6535.048
a_listing[52]   7411.930
a_listing[53]   7182.975
a_listing[54]   5847.524
a_listing[55]   5986.312
a_listing[56]   6954.134
a_listing[57]   7677.598
a_listing[58]   8127.394
a_listing[59]   7342.588
a_listing[60]   6563.459
a_listing[61]   6892.771
a_listing[62]   7648.096
a_listing[63]   6679.855
a_listing[64]   2636.439
a_listing[65]   5622.099
a_listing[66]   6653.300
a_listing[67]   2706.730
a_listing[68]   6892.000
a_listing[69]   6841.084
a_listing[70]   7082.625
a_listing[71]   7472.742
a_listing[72]   6956.744
a_listing[73]   6575.156
a_listing[74]   7422.785
a_listing[75]   5607.769
a_listing[76]   6994.412
a_listing[77]   6126.265
a_listing[78]   5869.910
a_listing[79]   6020.741
a_listing[80]   6834.801
a_listing[81]   6700.688
a_listing[82]   7181.059
a_listing[83]   6285.968
a_listing[84]   6693.402
a_listing[85]   6788.570
a_listing[86]   7249.958
a_listing[87]   6307.701
a_listing[88]   6468.771
a_listing[89]   7469.160
a_listing[90]   6940.988
a_listing[91]   6045.324
a_listing[92]   7954.559
a_listing[93]   6316.945
a_listing[94]   6369.804
a_listing[95]   6089.081
a_listing[96]   5954.883
a_listing[97]   5889.015
a_listing[98]   8242.875
a_listing[99]   6843.141
a_listing[100]  5814.933
a_listing[101]  6886.922
a_listing[102]  6212.847
a_listing[103]  6210.135
a_listing[104]  6294.546
a_listing[105]  7393.228
a_listing[106]  6255.773
a_listing[107]  5105.126
a_listing[108]  6541.450
a_listing[109]  6934.614
a_listing[110]  5825.896
a_listing[111]  6740.790
a_listing[112]  7278.496
a_listing[113]  5722.790
a_listing[114]  6977.258
a_listing[115]  5352.854
a_listing[116]  5508.696
a_listing[117]  6977.645
a_listing[118]  6842.236
a_listing[119]  7086.734
a_listing[120]  7895.135
a_listing[121]  7563.222
a_listing[122]  6319.411
a_listing[123]  7468.462
a_listing[124]  7017.756
a_listing[125]  6297.424
a_listing[126]  5927.000
a_listing[127]  7528.358
a_listing[128]  7293.333
a_listing[129]  6060.741
a_listing[130]  6468.137
a_listing[131]  6054.516
a_listing[132]  6880.071
a_listing[133]  6625.373
a_listing[134]  7094.334
a_listing[135]  5257.845
a_listing[136]  6659.142
a_listing[137]  7205.833
a_listing[138]  6127.164
a_listing[139]  7881.218
a_listing[140]  7209.008
a_listing[141]  6856.664
a_listing[142]  6291.610
a_listing[143]  5611.127
a_listing[144]  6213.632
a_listing[145]  6887.992
a_listing[146]  6930.852
a_listing[147]  6812.759
a_listing[148]  5673.412
a_listing[149]  6989.988
a_listing[150]  6577.693
a_listing[151]  7574.643
a_listing[152]  6316.399
a_listing[153]  7791.568
a_listing[154]  6881.524
a_listing[155]  8478.814
a_listing[156]  5994.504
a_listing[157]  6310.336
a_listing[158]  6301.897
a_listing[159]  6860.449
a_listing[160]  7935.763
a_listing[161]  6438.144
a_listing[162]  6318.134
a_listing[163]  8618.342
a_listing[164]  6886.026
a_listing[165]  6300.071
a_listing[166]  6032.411
a_listing[167]  6094.706
a_listing[168]  6175.644
a_listing[169]  5789.985
a_listing[170]  5996.721
a_listing[171]  7010.488
a_listing[172]  6605.094
a_listing[173]  6091.334
a_listing[174]  7821.815
a_listing[175]  7688.113
a_listing[176]  6490.343
a_listing[177]  6183.061
a_listing[178]  6643.691
a_listing[179]  6493.613
a_listing[180]  6679.282
a_listing[181]  7500.681
a_listing[182]  6603.250
a_listing[183]  6325.833
a_listing[184]  6206.750
a_listing[185]  5872.141
a_listing[186]  7006.980
a_listing[187]  7798.775
a_listing[188]  6646.058
a_listing[189]  6213.209
a_listing[190]  6774.980
a_listing[191]  6593.154
a_listing[192]  6915.750
a_listing[193]  6331.033
a_listing[194]  7588.762
a_listing[195]  6789.206
a_listing[196]  6288.350
a_listing[197]  7884.946
a_listing[198]  7226.712
a_listing[199]  7014.891
a_listing[200]  6492.661
a_listing[201]  7083.967
a_listing[202]  6816.435
a_listing[203]  6849.860
a_listing[204]  7821.816
a_listing[205]  8368.262
a_listing[206]  5906.386
a_listing[207]  6326.166
a_listing[208]  6959.020
a_listing[209]  6023.893
a_listing[210]  6470.493
a_listing[211]  6109.882
a_listing[212]  7882.052
a_listing[213]  6949.495
a_listing[214]  6310.499
a_listing[215]  6469.037
a_listing[216]  7839.541
a_listing[217]  7016.815
a_listing[218]  7162.805
a_listing[219]  7432.178
a_listing[220]  6104.691
a_listing[221]  6874.778
a_listing[222]  6745.212
a_listing[223]  7723.579
a_listing[224]  7565.394
a_listing[225]  6766.990
a_listing[226]  6772.101
a_listing[227]  6392.736
a_listing[228]  4895.743
a_listing[229]  6802.287
a_listing[230]  8274.923
a_listing[231]  5730.681
a_listing[232]  6262.035
a_listing[233]  7068.256
a_listing[234]  6530.130
a_listing[235]  5305.060
a_listing[236]  6308.551
a_listing[237]  6809.396
a_listing[238]  6165.958
a_listing[239]  6766.659
a_listing[240]  6781.780
a_listing[241]  7035.693
a_listing[242]  6727.249
a_listing[243]  6874.963
a_listing[244]  6007.101
a_listing[245]  7736.575
a_listing[246]  7531.820
a_listing[247]  6531.575
a_listing[248]  6952.111
a_listing[249]  6838.447
a_listing[250]  7417.117
a_listing[251]  7315.531
a_listing[252]  6223.409
a_listing[253]  5912.760
a_listing[254]  6362.527
a_listing[255]  7441.714
a_listing[256]  5578.643
a_listing[257]  7047.920
a_listing[258]  6768.823
a_listing[259]  8156.185
a_listing[260]  7433.318
a_listing[261]  6976.619
a_listing[262]  6414.829
a_listing[263]  6092.204
a_listing[264]  5839.832
a_listing[265]  7664.315
a_listing[266]  6288.613
a_listing[267]  8305.888
a_listing[268]  9410.255
a_listing[269]  5913.639
a_listing[270]  6769.372
a_listing[271]  5877.288
a_listing[272]  7312.329
a_listing[273]  6765.456
a_listing[274]  7419.715
a_listing[275]  7307.080
a_listing[276]  6488.185
a_listing[277]  8616.474
a_listing[278]  6571.343
a_listing[279]  8621.641
a_listing[280]  6700.370
a_listing[281]  5152.473
a_listing[282]  6351.355
a_listing[283]  7061.916
a_listing[284]  7734.021
a_listing[285]  2892.696
a_listing[286]  7069.283
a_listing[287]  7596.807
a_listing[288]  6650.316
a_listing[289]  6862.998
a_listing[290]  7408.032
a_listing[291]  6408.704
a_listing[292]  6520.808
a_listing[293]  5319.301
a_listing[294]  6358.449
a_listing[295]  6122.676
a_listing[296]  6185.094
a_listing[297]  6740.653
a_listing[298]  6240.354
a_listing[299]  6629.243
a_listing[300]  6633.554
a_listing[301]  7264.993
a_listing[302]  6102.277
a_listing[303]  6878.969
a_listing[304]  6130.947
a_listing[305]  7110.616
a_listing[306]  7435.091
a_listing[307]  6542.779
a_listing[308]  7340.982
a_listing[309]  5673.606
a_listing[310]  7849.447
a_listing[311]  5975.472
a_listing[312]  7279.237
a_listing[313]  6867.536
a_listing[314]  7516.293
a_listing[315]  7100.248
a_listing[316]  6911.251
a_listing[317]  7013.034
a_listing[318]  6357.116
a_listing[319]  6557.823
a_listing[320]  6800.969
a_listing[321]  6666.869
a_listing[322]  7645.561
a_listing[323]  7142.425
a_listing[324]  6541.492
a_listing[325]  6310.110
a_listing[326]  7769.654
a_listing[327]  7988.527
a_listing[328]  6302.955
a_listing[329]  6582.966
a_listing[330]  7220.734
a_listing[331]  7548.640
a_listing[332]  7842.190
a_listing[333]  6056.532
a_listing[334]  6601.512
a_listing[335]  7347.348
a_listing[336]  7757.578
a_listing[337]  7171.049
a_listing[338]  6627.541
a_listing[339]  7632.235
a_listing[340]  7058.778
a_listing[341]  7069.881
a_listing[342]  6814.541
a_listing[343]  5872.942
a_listing[344]  6391.882
a_listing[345]  6692.751
a_listing[346]  6940.520
a_listing[347]  5568.765
a_listing[348]  7522.700
a_listing[349]  7496.131
a_listing[350]  7004.088
a_listing[351]  6651.735
a_listing[352]  7681.907
a_listing[353]  6812.750
a_listing[354]  7182.951
a_listing[355]  6272.956
a_listing[356]  6530.822
a_listing[357]  6926.069
a_listing[358]  7443.112
a_listing[359]  5818.836
a_listing[360]  5515.965
a_listing[361]  5357.589
a_listing[362]  7384.245
a_listing[363]  6893.543
a_listing[364]  7142.651
a_listing[365]  6825.982
a_listing[366]  5639.411
a_listing[367]  6532.718
a_listing[368]  6904.057
a_listing[369]  7075.592
a_listing[370]  8004.578
a_listing[371]  6327.736
a_listing[372]  7283.957
a_listing[373]  7751.497
a_listing[374]  7363.407
a_listing[375]  7705.618
a_listing[376]  6833.857
a_listing[377]  5783.818
a_listing[378]  5783.062
a_listing[379]  6734.474
a_listing[380]  7717.244
a_listing[381]  6264.771
a_listing[382]  7702.276
a_listing[383]  7983.469
a_listing[384]  7100.323
a_listing[385]  6496.207
a_listing[386]  6812.454
a_listing[387]  7528.172
a_listing[388]  5795.261
a_listing[389]  6624.359
a_listing[390]  7179.417
a_listing[391]  6009.589
a_listing[392]  8406.194
a_listing[393]  7363.453
a_listing[394]  6081.914
a_listing[395]  6732.055
a_listing[396]  6934.186
a_listing[397]  7210.661
a_listing[398]  7378.147
a_listing[399]  6039.358
a_listing[400]  6986.817
a_listing[401]  7122.489
a_listing[402]  7203.193
a_listing[403]  6134.316
a_listing[404]  7261.868
a_listing[405]  6016.019
a_listing[406]  6503.305
a_listing[407]  7051.486
a_listing[408]  7377.742
a_listing[409]  7684.736
a_listing[410]  7609.509
a_listing[411]  6364.644
a_listing[412]  6043.889
a_listing[413]  6340.032
a_listing[414]  7378.730
a_listing[415]  6733.221
a_listing[416]  6360.471
a_listing[417]  7107.145
a_listing[418]  6449.076
a_listing[419]  6402.779
a_listing[420]  6411.077
a_listing[421]  6259.438
a_listing[422]  6598.851
a_listing[423]  7039.550
a_listing[424]  6534.691
a_listing[425]  6544.814
a_listing[426]  6803.238
a_listing[427]  7054.482
a_listing[428]  6142.278
a_listing[429]  7136.129
a_listing[430]  7592.413
a_listing[431]  6597.842
a_listing[432]  6814.370
a_listing[433]  7455.292
a_listing[434]  6118.268
a_listing[435]  6867.573
a_listing[436]  5632.286
a_listing[437]  8159.838
a_listing[438]  7384.160
a_listing[439]  6727.353
a_listing[440]  6841.078
a_listing[441]  5162.252
a_listing[442]  6803.121
a_listing[443]  5819.949
a_listing[444]  6612.664
a_listing[445]  7142.582
a_listing[446]  6269.496
a_listing[447]  7655.221
a_listing[448]  7374.136
a_listing[449]  6486.590
a_listing[450]  6789.033
a_listing[451]  5974.404
a_listing[452]  5713.649
a_listing[453]  7851.742
a_listing[454]  6827.033
a_listing[455]  6776.722
a_listing[456]  7840.396
a_listing[457]  6374.917
a_listing[458]  7487.890
a_listing[459]  6667.225
a_listing[460]  6692.776
a_listing[461]  7191.973
a_listing[462]  6589.301
a_listing[463]  6697.236
a_listing[464]  5871.634
a_listing[465]  8632.679
a_listing[466]  7642.059
a_listing[467]  7670.447
a_listing[468]  6247.663
a_listing[469]  6945.914
a_listing[470]  6506.972
a_listing[471]  7683.497
a_listing[472]  6686.578
a_listing[473]  7414.275
a_listing[474]  6005.060
a_listing[475]  7282.284
a_listing[476]  6000.737
a_listing[477]  7476.535
a_listing[478]  6876.604
a_listing[479]  6982.524
a_listing[480]  7032.124
a_listing[481]  6693.957
a_listing[482]  6339.587
a_listing[483]  6618.961
a_listing[484]  7110.998
a_listing[485]  6238.198
a_listing[486]  7319.148
a_listing[487]  7128.679
a_listing[488]  7215.266
a_listing[489]  6125.435
a_listing[490]  6602.733
a_listing[491]  7583.181
a_listing[492]  6563.560
a_listing[493]  6705.708
a_listing[494]  6359.196
a_listing[495]  6971.033
a_listing[496]  5879.714
a_listing[497]  8616.008
a_listing[498]  7636.227
a_listing[499]  6139.823
a_listing[500]  7389.297
a_listing[501]  6931.897
a_listing[502]  6285.821
a_listing[503]  6495.532
a_listing[504]  6570.272
a_listing[505]  6269.313
a_listing[506]  7505.325
a_listing[507]  7011.256
a_listing[508]  6300.682
a_listing[509]  6957.793
a_listing[510]  7295.932
a_listing[511]  7277.124
a_listing[512]  6522.593
a_listing[513]  6589.517
a_listing[514]  5976.796
a_listing[515]  5733.893
a_listing[516]  6819.484
a_listing[517]  5935.398
a_listing[518]  7330.942
a_listing[519]  6742.911
a_listing[520]  8038.879
a_listing[521]  7374.395
a_listing[522]  7547.987
a_listing[523]  6352.884
a_listing[524]  7790.389
a_listing[525]  7425.682
a_listing[526]  6718.889
a_listing[527]  6842.035
a_listing[528]  7797.228
a_listing[529]  7763.215
a_listing[530]  6210.553
a_listing[531]  6478.379
a_listing[532]  6308.056
a_listing[533]  6533.820
a_listing[534]  7567.698
a_listing[535]  6679.870
a_listing[536]  6901.701
a_listing[537]  7277.457
a_listing[538]  6875.656
a_listing[539]  6615.221
a_listing[540]  6879.543
a_listing[541]  7385.136
a_listing[542]  7907.862
a_listing[543]  7363.775
a_listing[544]  6117.246
a_listing[545]  9138.007
a_listing[546]  7374.746
a_listing[547]  6931.993
a_listing[548]  6523.587
a_listing[549]  6689.407
a_listing[550]  6970.597
a_listing[551]  7465.467
a_listing[552]  6445.373
a_listing[553]  7556.992
a_listing[554]  6558.258
a_listing[555]  7665.952
a_listing[556]  7016.384
a_listing[557]  6193.834
a_listing[558]  6552.061
a_listing[559]  7214.057
a_listing[560]  6519.650
a_listing[561]  7169.883
a_listing[562]  6372.690
a_listing[563]  8052.050
a_listing[564]  7614.367
a_listing[565]  6967.752
a_listing[566]  5719.880
a_listing[567]  7226.103
a_listing[568]  5465.504
a_listing[569]  5631.746
a_listing[570]  7078.766
a_listing[571]  6731.763
a_listing[572]  7783.296
a_listing[573]  7787.882
a_listing[574]  7227.326
a_listing[575]  7082.121
a_listing[576]  7017.834
a_listing[577]  6347.398
a_listing[578]  5600.584
a_listing[579]  7255.857
a_listing[580]  8171.368
a_listing[581]  7382.960
a_listing[582]  7075.525
a_listing[583]  8427.118
a_listing[584]  5744.554
a_listing[585]  6715.970
a_listing[586]  6256.083
a_listing[587]  7180.955
a_listing[588]  6744.681
a_listing[589]  7822.712
a_listing[590]  7117.027
a_listing[591]  7669.848
a_listing[592]  5819.570
a_listing[593]  6959.671
a_listing[594]  6404.320
a_listing[595]  7335.948
a_listing[596]  6428.031
a_listing[597]  6046.133
a_listing[598]  6872.060
a_listing[599]  7111.293
a_listing[600]  7234.919
a_listing[601]  6379.893
a_listing[602]  7473.540
a_listing[603]  7085.530
a_listing[604]  6111.770
a_listing[605]  6227.686
a_listing[606]  8854.964
a_listing[607]  7688.984
a_listing[608]  7363.535
a_listing[609]  7004.996
a_listing[610]  6169.611
a_listing[611]  6394.206
a_listing[612]  7467.278
a_listing[613]  6905.736
a_listing[614]  6896.584
a_listing[615]  7580.533
a_listing[616]  6756.724
a_listing[617]  6780.357
a_listing[618]  5994.877
a_listing[619]  7467.539
a_listing[620]  6446.025
a_listing[621]  4818.430
a_listing[622]  5651.739
a_listing[623]  6804.281
a_listing[624]  7619.658
a_listing[625]  7114.796
a_listing[626]  6762.729
a_listing[627]  6656.467
a_listing[628]  6823.608
a_listing[629]  8109.263
a_listing[630]  6099.836
a_listing[631]  7028.359
a_listing[632]  7314.038
a_listing[633]  6463.103
a_listing[634]  7366.783
a_listing[635]  6620.155
a_listing[636]  6610.639
a_listing[637]  6243.656
a_listing[638]  6233.831
a_listing[639]  5740.943
a_listing[640]  9089.770
a_listing[641]  6263.261
a_listing[642]  5967.650
a_listing[643]  5864.381
a_listing[644]  6240.374
a_listing[645]  6677.063
a_listing[646]  5665.782
a_listing[647]  6947.074
a_listing[648]  6238.898
a_listing[649]  6565.943
a_listing[650]  6742.095
a_listing[651]  6305.956
a_listing[652]  7113.410
a_listing[653]  7190.243
a_listing[654]  6097.145
a_listing[655]  7273.124
a_listing[656]  5534.142
a_listing[657]  6537.873
a_listing[658]  7656.479
a_listing[659]  6167.236
a_listing[660]  7493.955
a_listing[661]  5398.343
a_listing[662]  7357.980
a_listing[663]  6422.507
a_listing[664]  7384.068
a_listing[665]  6154.689
a_listing[666]  6102.966
a_listing[667]  7326.238
a_listing[668]  5865.527
a_listing[669]  6883.543
a_listing[670]  6267.204
a_listing[671]  4398.292
a_listing[672]  5568.171
a_listing[673]  5895.083
a_listing[674]  5920.080
a_listing[675]  6222.478
a_listing[676]  5816.551
a_listing[677]  6330.568
a_listing[678]  6150.352
a_listing[679]  3512.899
a_listing[680]  7459.101
a_listing[681]  6833.501
a_listing[682]  6102.257
a_listing[683]  6225.392
a_listing[684]  7507.188
a_listing[685]  6219.103
a_listing[686]  6371.090
a_listing[687]  8150.509
a_listing[688]  7029.694
a_listing[689]  7122.739
a_listing[690]  7000.497
a_listing[691]  6312.597
a_listing[692]  7036.995
a_listing[693]  6963.372
a_listing[694]  8091.373
a_listing[695]  6204.031
a_listing[696]  5485.320
a_listing[697]  5657.467
a_listing[698]  6476.546
a_listing[699]  7915.047
a_listing[700]  5220.468
a_listing[701]  6502.601
a_listing[702]  6442.874
a_listing[703]  6602.733
a_listing[704]  7652.952
a_listing[705]  6557.039
a_listing[706]  6015.930
a_listing[707]  6328.337
a_listing[708]  6176.154
a_listing[709]  7072.928
a_listing[710]  7233.220
a_listing[711]  6441.445
a_listing[712]  6695.194
a_listing[713]  6330.417
a_listing[714]  5206.556
a_listing[715]  6800.969
a_listing[716]  6854.647
a_listing[717]  6691.399
a_listing[718]  6008.211
a_listing[719]  6657.338
a_listing[720]  6875.259
a_listing[721]  7176.694
a_listing[722]  7424.656
a_listing[723]  7304.648
a_listing[724]  6409.050
a_listing[725]  7121.032
a_listing[726]  6272.132
a_listing[727]  6993.878
a_listing[728]  5934.737
a_listing[729]  6874.927
a_listing[730]  6460.657
a_listing[731]  6918.354
a_listing[732]  6994.534
a_listing[733]  5614.831
a_listing[734]  7187.237
a_listing[735]  6551.084
a_listing[736]  6589.769
a_listing[737]  6362.736
a_listing[738]  7041.222
a_listing[739]  7244.147
a_listing[740]  6551.734
a_listing[741]  8335.553
a_listing[742]  6553.316
a_listing[743]  7000.212
a_listing[744]  5121.485
a_listing[745]  7618.084
a_listing[746]  5685.562
a_listing[747]  7580.644
a_listing[748]  7082.185
a_listing[749]  5009.983
a_listing[750]  6714.906
a_listing[751]  5676.121
a_listing[752]  6189.214
a_listing[753]  6436.176
a_listing[754]  7068.784
a_listing[755]  7438.831
a_listing[756]  6343.728
a_listing[757]  5697.220
a_listing[758]  5954.478
a_listing[759]  6011.217
a_listing[760]  7991.752
a_listing[761]  6711.890
a_listing[762]  6867.496
a_listing[763]  5691.203
a_listing[764]  6644.466
a_listing[765]  6499.966
a_listing[766]  7198.122
a_listing[767]  7235.436
a_listing[768]  7224.057
a_listing[769]  6222.312
a_listing[770]  7243.682
a_listing[771]  7224.376
a_listing[772]  7160.435
a_listing[773]  5520.112
a_listing[774]  6149.675
a_listing[775]  6345.504
a_listing[776]  7177.727
a_listing[777]  6564.431
a_listing[778]  6232.885
a_listing[779]  7008.393
a_listing[780]  6280.053
a_listing[781]  7041.719
a_listing[782]  8275.936
a_listing[783]  7509.563
a_listing[784]  6886.988
a_listing[785]  8074.483
a_listing[786]  4826.146
a_listing[787]  5876.926
a_listing[788]  7069.205
a_listing[789]  6919.298
a_listing[790]  6377.859
a_listing[791]  6187.007
a_listing[792]  6793.534
a_listing[793]  7612.950
a_listing[794]  6399.692
a_listing[795]  6374.810
a_listing[796]  5962.626
a_listing[797]  6843.264
a_listing[798]  7539.404
a_listing[799]  7092.913
a_listing[800]  7322.555
a_listing[801]  6331.833
a_listing[802]  6030.125
a_listing[803]  6243.902
a_listing[804]  7731.084
a_listing[805]  7274.225
a_listing[806]  6788.842
a_listing[807]  7318.072
a_listing[808]  6686.673
a_listing[809]  6529.143
a_listing[810]  6117.301
a_listing[811]  8119.572
a_listing[812]  7229.899
a_listing[813]  5571.308
a_listing[814]  5365.602
a_listing[815]  7207.599
a_listing[816]  6946.388
a_listing[817]  6889.801
a_listing[818]  6228.131
a_listing[819]  7381.590
a_listing[820]  5843.641
a_listing[821]  7281.692
a_listing[822]  6946.790
a_listing[823]  7632.359
a_listing[824]  7097.406
a_listing[825]  6838.472
a_listing[826]  6471.735
a_listing[827]  6716.053
a_listing[828]  6197.132
a_listing[829]  6685.841
a_listing[830]  5915.563
a_listing[831]  7029.232
a_listing[832]  6123.790
a_listing[833]  6331.329
a_listing[834]  7531.639
a_listing[835]  8755.743
a_listing[836]  6280.881
a_listing[837]  6360.031
a_listing[838]  7155.870
a_listing[839]  7029.065
a_listing[840]  6514.556
a_listing[841]  8049.223
a_listing[842]  7356.481
a_listing[843]  6451.914
a_listing[844]  7601.130
a_listing[845]  7174.862
a_listing[846]  7268.812
a_listing[847]  7422.844
a_listing[848]  7414.792
a_listing[849]  7305.587
a_listing[850]  7210.057
a_listing[851]  6479.447
a_listing[852]  4978.842
a_listing[853]  6514.051
a_listing[854]  7949.868
a_listing[855]  7387.479
a_listing[856]  7523.456
a_listing[857]  7641.813
a_listing[858]  6515.300
a_listing[859]  6499.826
a_listing[860]  6525.587
a_listing[861]  5396.198
a_listing[862]  7004.200
a_listing[863]  6981.729
a_listing[864]  8253.515
a_listing[865]  6872.213
a_listing[866]  7416.773
a_listing[867]  6011.511
a_listing[868]  6913.394
a_listing[869]  5868.269
a_listing[870]  6020.040
a_listing[871]  6515.298
a_listing[872]  6686.808
a_listing[873]  6818.881
a_listing[874]  6779.462
a_listing[875]  7188.220
a_listing[876]  7629.550
a_listing[877]  6449.092
a_listing[878]  7251.131
a_listing[879]  6594.072
a_listing[880]  6840.093
a_listing[881]  7239.989
a_listing[882]  6711.174
a_listing[883]  6890.145
a_listing[884]  6437.490
a_listing[885]  6786.100
a_listing[886]  7693.454
a_listing[887]  5967.924
a_listing[888]  7405.889
a_listing[889]  7263.130
a_listing[890]  6768.031
a_listing[891]  7003.862
a_listing[892]  7054.173
a_listing[893]  7647.461
a_listing[894]  6887.966
a_listing[895]  6155.957
a_listing[896]  6161.778
a_listing[897]  5957.035
a_listing[898]  5740.827
a_listing[899]  5976.215
a_listing[900]  6137.552
a_listing[901]  7179.355
a_listing[902]  6705.922
a_listing[903]  6458.267
a_listing[904]  6752.239
a_listing[905]  7654.067
a_listing[906]  8281.474
a_listing[907]  7413.023
a_listing[908]  7228.625
a_listing[909]  6512.098
a_listing[910]  6743.628
a_listing[911]  7695.125
a_listing[912]  6215.876
a_listing[913]  7367.548
a_listing[914]  6938.242
a_listing[915]  7580.944
a_listing[916]  5690.385
a_listing[917]  5141.912
a_listing[918]  7340.505
a_listing[919]  8131.291
a_listing[920]  6622.103
a_listing[921]  6213.317
a_listing[922]  7641.695
a_listing[923]  6344.336
a_listing[924]  5483.459
a_listing[925]  6893.509
a_listing[926]  6706.889
a_listing[927]  7366.697
a_listing[928]  6792.658
a_listing[929]  7976.269
a_listing[930]  7242.294
a_listing[931]  5735.815
a_listing[932]  7243.055
a_listing[933]  7738.823
a_listing[934]  5576.821
a_listing[935]  7265.424
a_listing[936]  6862.756
a_listing[937]  5867.298
a_listing[938]  7838.998
a_listing[939]  6034.818
a_listing[940]  6284.222
a_listing[941]  6893.070
a_listing[942]  7015.360
a_listing[943]  5917.999
a_listing[944]  6089.035
a_listing[945]  6284.866
a_listing[946]  6243.932
a_listing[947]  6155.938
a_listing[948]  6509.470
a_listing[949]  7673.355
a_listing[950]  7521.384
a_listing[951]  6569.095
a_listing[952]  7352.162
a_listing[953]  6322.237
a_listing[954]  6003.069
a_listing[955]  5251.322
a_listing[956]  6096.259
a_listing[957]  6958.871
a_listing[958]  5977.060
a_listing[959]  6032.340
a_listing[960]  4979.800
a_listing[961]  6810.186
a_listing[962]  5415.309
a_listing[963]  6283.387
a_listing[964]  7607.376
a_listing[965]  4359.243
a_listing[966]  6190.668
a_listing[967]  7288.941
a_listing[968]  6526.311
a_listing[969]  5003.419
a_listing[970]  5585.206
a_listing[971]  6709.067
a_listing[972]  6004.974
a_listing[973]  6783.107
a_listing[974]  6718.146
a_listing[975]  6086.903
a_listing[976]  6022.998
a_listing[977]  6427.644
a_listing[978]  7433.124
a_listing[979]  6769.341
a_listing[980]  6555.017
a_listing[981]  7105.146
a_listing[982]  6897.523
a_listing[983]  5651.234
a_listing[984]  5625.285
a_listing[985]  5164.535
a_listing[986]  6733.934
a_listing[987]  6912.054
a_listing[988]  6887.734
a_listing[989]  6900.251
a_listing[990]  5331.915
a_listing[991]  6096.449
a_listing[992]  6561.732
a_listing[993]  6622.410
a_listing[994]  6349.013
a_listing[995]  5510.961
a_listing[996]  7523.049
a_listing[997]  6590.936
a_listing[998]  8198.643
a_listing[999]  7229.287
a_listing[1000] 5730.295
a_listing[1001] 7004.516
a_listing[1002] 3363.211
a_listing[1003] 5709.839
a_listing[1004] 4412.829
a_listing[1005] 6443.410
a_listing[1006] 6867.606
a_listing[1007] 5838.166
a_listing[1008] 7571.373
a_listing[1009] 6589.286
a_listing[1010] 7332.055
a_listing[1011] 7596.417
a_listing[1012] 6494.913
a_listing[1013] 6838.186
a_listing[1014] 7307.616
a_listing[1015] 7409.260
a_listing[1016] 6973.867
a_listing[1017] 6074.235
a_listing[1018] 6558.418
a_listing[1019] 7864.125
a_listing[1020] 7002.035
a_listing[1021] 6513.196
a_listing[1022] 6018.988
a_listing[1023] 6915.909
a_listing[1024] 5176.093
a_listing[1025] 6682.426
a_listing[1026] 5878.832
a_listing[1027] 7450.791
a_listing[1028] 7302.929
a_listing[1029] 7107.649
a_listing[1030] 7098.657
a_listing[1031] 5866.525
a_listing[1032] 6964.196
a_listing[1033] 7039.270
a_listing[1034] 7089.078
a_listing[1035] 5055.722
a_listing[1036] 5003.258
a_listing[1037] 6862.812
a_listing[1038] 6619.858
a_listing[1039] 7187.426
a_listing[1040] 7035.076
a_listing[1041] 6534.515
a_listing[1042] 7511.527
a_listing[1043] 6679.875
a_listing[1044] 7069.384
a_listing[1045] 7000.054
a_listing[1046] 7294.308
a_listing[1047] 6510.739
a_listing[1048] 6237.020
a_listing[1049] 5419.753
a_listing[1050] 6218.934
a_listing[1051] 5356.390
a_listing[1052] 6060.887
a_listing[1053] 6491.246
a_listing[1054] 7158.423
a_listing[1055] 6028.293
a_listing[1056] 7438.920
a_listing[1057] 6612.971
a_listing[1058] 5038.046
a_listing[1059] 5571.418
a_listing[1060] 7186.394
a_listing[1061] 5958.163
a_listing[1062] 7073.200
a_listing[1063] 7306.953
a_listing[1064] 7377.178
a_listing[1065] 4704.744
a_listing[1066] 6886.160
a_listing[1067] 6536.987
a_listing[1068] 6872.547
a_listing[1069] 5847.740
a_listing[1070] 6599.083
a_listing[1071] 6135.436
a_listing[1072] 6902.163
a_listing[1073] 8135.568
a_listing[1074] 8320.306
a_listing[1075] 7061.836
a_listing[1076] 7148.005
a_listing[1077] 8644.970
a_listing[1078] 6465.972
a_listing[1079] 6293.243
a_listing[1080] 5260.656
a_listing[1081] 6735.309
a_listing[1082] 5329.686
a_listing[1083] 8143.686
a_listing[1084] 7871.358
a_listing[1085] 5987.601
a_listing[1086] 6512.509
a_listing[1087] 7482.456
a_listing[1088] 6468.090
a_listing[1089] 6074.731
a_listing[1090] 6185.044
a_listing[1091] 5806.767
a_listing[1092] 6426.808
a_listing[1093] 6080.083
a_listing[1094] 7354.965
a_listing[1095] 6786.302
a_listing[1096] 6811.287
a_listing[1097] 5882.679
a_listing[1098] 6950.221
a_listing[1099] 6608.166
a_listing[1100] 6030.272
a_listing[1101] 7822.933
a_listing[1102] 7328.572
a_listing[1103] 7026.903
a_listing[1104] 6855.173
a_listing[1105] 6457.117
a_listing[1106] 7010.110
a_listing[1107] 6167.200
a_listing[1108] 7254.735
a_listing[1109] 6828.555
a_listing[1110] 5674.576
a_listing[1111] 5769.595
a_listing[1112] 6477.060
a_listing[1113] 6239.892
a_listing[1114] 7243.684
a_listing[1115] 6914.842
a_listing[1116] 6633.693
a_listing[1117] 7531.075
a_listing[1118] 8360.213
a_listing[1119] 6416.823
a_listing[1120] 6777.208
a_listing[1121] 6654.278
a_listing[1122] 5970.991
a_listing[1123] 6763.880
a_listing[1124] 6744.407
a_listing[1125] 6773.232
a_listing[1126] 8018.279
a_listing[1127] 5900.036
a_listing[1128] 6131.884
a_listing[1129] 6842.030
a_listing[1130] 6938.450
a_listing[1131] 6991.292
a_listing[1132] 7684.538
a_listing[1133] 6301.749
a_listing[1134] 7724.340
a_listing[1135] 7277.160
a_listing[1136] 6849.004
a_listing[1137] 7450.964
a_listing[1138] 7052.894
a_listing[1139] 6559.442
a_listing[1140] 5857.015
a_listing[1141] 5381.742
a_listing[1142] 7014.438
a_listing[1143] 4797.481
a_listing[1144] 6024.501
a_listing[1145] 5892.421
a_listing[1146] 6944.634
a_listing[1147] 7520.458
a_listing[1148] 6783.996
a_listing[1149] 6355.296
a_listing[1150] 6571.275
a_listing[1151] 6817.962
a_listing[1152] 6375.696
a_listing[1153] 7789.148
a_listing[1154] 6603.367
a_listing[1155] 7288.551
a_listing[1156] 7463.332
a_listing[1157] 7228.068
a_listing[1158] 5902.913
a_listing[1159] 6133.815
a_listing[1160] 6778.683
a_listing[1161] 7457.786
a_listing[1162] 6964.827
a_listing[1163] 6316.859
a_listing[1164] 7100.140
a_listing[1165] 6147.777
a_listing[1166] 7211.730
a_listing[1167] 8033.749
a_listing[1168] 7850.854
a_listing[1169] 6844.643
a_listing[1170] 7277.789
a_listing[1171] 5557.229
a_listing[1172] 7448.208
a_listing[1173] 7137.909
a_listing[1174] 6412.457
a_listing[1175] 5991.251
a_listing[1176] 6632.416
a_listing[1177] 7309.029
a_listing[1178] 6602.320
a_listing[1179] 6693.378
a_listing[1180] 7277.082
a_listing[1181] 8258.289
a_listing[1182] 6693.343
a_listing[1183] 7054.502
a_listing[1184] 6615.426
a_listing[1185] 6578.232
a_listing[1186] 7023.354
a_listing[1187] 6514.421
a_listing[1188] 7067.554
a_listing[1189] 6202.196
a_listing[1190] 6787.620
a_listing[1191] 7454.627
a_listing[1192] 6432.951
a_listing[1193] 6660.105
a_listing[1194] 6362.959
a_listing[1195] 5833.711
a_listing[1196] 7569.338
a_listing[1197] 5572.927
a_listing[1198] 6785.064
a_listing[1199] 6486.922
a_listing[1200] 6268.537
