id,host_id,number_of_reviews,raw_rating,m0_unpooled,m1_approachA,m2_approachB,m3_approachC
521547,2565061,187,4.76,4.759586461518107,4.770199908742236,4.776037053587067,4.7714793364230905
537305,2639063,111,4.44,4.440401908149747,4.544433650454349,4.495965054955868,4.4432325320226775
401323,2003172,4,4.5,4.3506058644479655,4.567032142220802,4.64891159651313,4.651779408948282
420083,351018,46,5,4.982244294675261,4.8556067184014955,4.879332885128328,4.9120582704585845
602475,2981012,103,4.85,4.844468588584097,4.82392640043609,4.832045530374866,4.824856380389578
620471,3074249,7,4.57,4.472077347869864,4.603414278638782,4.589589854919856,4.67129922302886
632717,3147764,141,4.98,4.974103047350829,4.931999551392024,4.922882891428758,4.972796949521969
634976,3163165,105,4.79,4.7875649482901075,4.786019442519188,4.780713904773767,4.796357124466295
512992,2526995,27,4.42,4.413307768259465,4.59444337022388,4.561169504380078,4.602719158235639
686205,3469292,33,4.85,4.825056093439741,4.7611277106550185,4.807599472524919,4.808463968408183
1103795,2639063,435,4.46,4.461033861873442,4.501291583469533,4.481421249439557,4.499237197477804
1104183,6064341,127,4.92,4.913917077111126,4.881543198392525,4.8787212945522445,4.902374593837553
1109914,2639063,375,4.43,4.430816826800315,4.479962411533908,4.463032757315255,4.490273031352088
1153876,3147764,75,4.97,4.962348911659048,4.88452714281974,4.882772733748979,4.943930379887749
1174411,6427701,212,4.88,4.877244466902509,4.866323713384759,4.8764008064765125,4.87862005402692
884849,4687837,12,4.25,4.235194377576941,4.561193979212039,4.55874419831467,4.646079990850811
919953,4942765,14,4.31,4.290525865857578,4.575561401486599,4.598192698268982,4.594661339865185
1238591,3147764,53,4.96,4.94687928985208,4.849713855664123,4.852191575721745,4.9283980733045984
1910741,9881747,6,4.5,4.401648515039227,4.586611318664222,4.566368796802692,4.654661417078637
2373426,310186,1,5,4.214430210497537,4.496618805300166,4.48769128966977,4.617347857943969
2040676,10406778,9,4.78,4.683995837305488,4.645233106032642,4.736757918048184,4.722375555151435
2045942,7035799,2,5,4.511675478035251,4.549579194372984,4.571165168568355,4.657661764916499
1698947,8946958,18,4.94,4.888695784718203,4.73941056530546,4.807994495383328,4.812290959698888
2609150,13363520,139,4.91,4.907102701934834,4.879446160081022,4.885858729901686,4.863891491653679
2673638,13688311,12,4.92,4.831642913651941,4.698409782137039,4.766337600245159,4.775261756078822
2717379,13906062,18,4.89,4.839275067268202,4.7269848907054595,4.804368268718041,4.796504355607571
2971667,8318906,13,4.83,4.769114502391282,4.682871272104444,4.688143934448899,4.751329741717831
2982405,4028454,31,4.9,4.874433282037502,4.774405809256992,4.801975098332943,4.830098092866952
3342979,16074957,81,4.74,4.733748835913441,4.747893639190118,4.76709519362174,4.757647655602052
3736930,4814458,2,5,4.507331184685251,4.5499829569729835,4.57243150251567,4.654025917244377
3393633,7248019,44,4.93,4.911501693061194,4.819518057609415,4.83767952353995,4.901123006823807
3806681,2981012,204,4.84,4.8382315019592825,4.8357951902404945,4.841069584623023,4.854221689340268
3437352,2403696,1,4,3.786624457622537,4.480654335325166,4.498260637653483,4.582341556010151
3444369,17228136,5,4.8,4.617088030263805,4.605017291364334,4.674850585910143,4.7748132558211775
3538401,8700264,46,5,4.9779151976252605,4.853384255251496,4.87761599923755,4.911672627104614
4390181,22791764,8,4.5,4.425356827385679,4.599424196393619,4.610560501139296,4.693930820767038
4297865,115774,12,4.67,4.6120662876269405,4.645802388462039,4.675042683207097,4.634642703747418
4976793,7248019,21,5,4.95299649287384,4.77452509013002,4.820257368447664,4.868114387955718
5457340,13400856,5,4.8,4.625033358513805,4.603551444514334,4.677667914681031,4.694306941762927
5005486,20073873,48,4.81,4.792760907552369,4.766405652707674,4.80332696940448,4.814914663197263
5535422,5387627,165,4.73,4.727641293781009,4.745018334919187,4.752133008541428,4.748197232170888
5118705,26454014,8,4.88,4.760549259435679,4.656286301993619,4.729880524375073,4.740872814531574
5171925,9398374,1,5,4.219714728547537,4.498392985925166,4.494372115814559,4.6164804605733405
5703538,29569385,111,4.91,4.903237624424746,4.868395863829349,4.887447023751451,4.89118570372933
5245889,27149926,2,5,4.495975958135251,4.549186894272983,4.5742422119286354,4.6564228855538214
5284390,23444987,5,4.6,4.468468275138805,4.590947553339334,4.528449131816564,4.666297424556552
5436699,20073873,211,4.89,4.889264953954888,4.8759032306673795,4.875670305337496,4.883775302282813
6116453,31607089,1,5,4.205555369597537,4.4989807829001665,4.5006944676353875,4.61663421487885
6601756,4687837,6,5,4.813260785864227,4.638076515514221,4.695772405784052,4.61783250507701
6606399,74155715,77,4.99,4.982657020058093,4.895078008927396,4.91090317705135,4.950021880673863
6161504,28554120,291,4.96,4.959214768934909,4.940824300621605,4.935074362858777,4.9553073234088325
6611391,3530023,100,4.94,4.9320551543055,4.883888123024137,4.901872851182209,4.908229694746156
6403143,33392199,17,5,4.935737435404879,4.748544606978622,4.7982567305727075,4.827327119167967
6445907,97874184,407,4.72,4.719070639058999,4.734619243351726,4.73626747481901,4.748906079464682
6479011,31781297,393,4.92,4.918660562022005,4.912959499297919,4.909339261153228,4.917543725144861
6852895,12145458,10,5,4.893272401101519,4.6937716333871515,4.747293460352427,4.781081585487807
7043283,36932917,11,5,4.903150020335766,4.702842666563781,4.761123273146547,4.790715410625799
6812223,81450735,31,4.81,4.791631121887502,4.742474059031992,4.799464854608351,4.817747854788398
7154129,591106,99,4.92,4.913941106593717,4.8700940944212565,4.879885488044503,4.894589180603171
7401562,22791764,1,5,4.236028885097537,4.499018246325166,4.492548582975517,4.599478451106492
7205121,4687837,9,4.67,4.596716633380489,4.633748330157642,4.628944513225858,4.635382452549413
6990435,36649833,2,5,4.504455088460251,4.5487618412229835,4.580201122001009,4.660286151237167
7028058,35658741,2,5,4.507558998235251,4.549125967997984,4.575697328662128,4.659374816440791
7944519,7617642,28,4.89,4.860369977845292,4.765625584509417,4.789846511547675,4.8195293870619995
7627724,20252170,243,4.73,4.730129059717417,4.7455336089063564,4.751403852645631,4.778648367767385
7856829,28831756,46,4.98,4.956986312550261,4.845557750601496,4.879408748009625,4.899010361135272
7882923,41554419,39,4.44,4.431939686420258,4.591031920420683,4.59808632810755,4.587422038978162
8269182,6748535,54,4.74,4.731042585797178,4.737112136796697,4.730269920144007,4.758529293846033
7899279,7887884,2,5,4.501783863435251,4.551942852422983,4.568568933275333,4.656993243879473
8619800,45343269,2,4.5,4.204157573385251,4.528141643947984,4.57033407274465,4.630069601027626
8387137,24121343,8,4.38,4.322569271335679,4.582348882418619,4.606665361014153,4.6358029663082005
8992745,22791764,1,4,3.7795331501825373,4.478316328825166,4.490010838391188,4.598944640767153
8434043,11659976,1,5,4.229560538622537,4.493747268200166,4.497243877437575,4.617801483751583
8456841,6349046,38,4.68,4.667946333035568,4.6944991468098705,4.717866008421799,4.731304939327164
8493759,503602,3,5,4.653400262076513,4.581312205516404,4.622493585690966,4.685769115971405
8863709,517480,4,5,4.728985954097965,4.6075924616708015,4.651017927605943,4.705682613377137
9146471,3296814,3,5,4.644952000426513,4.579976455441404,4.6209017130211265,4.686518607207807
9152682,3267176,12,4.83,4.757428357851941,4.676890639562039,4.6734699966812885,4.7393861302303435
9303277,48297073,25,4.96,4.925494028605073,4.777317982778502,4.831762320693739,4.841624047596566
9542660,2914052,1,5,4.219749479197537,4.495431661225166,4.489265519147328,4.611908968326069
9733986,50221198,1,5,4.213251936947537,4.495927351925166,4.491243915741973,4.6155860574642205
9804811,50519420,2,4.5,4.204204066685251,4.529702093647984,4.573145724545015,4.62518247710963
9821548,42793947,99,4.93,4.921637371793717,4.877193179546256,4.878199518768501,4.901871850515754
10131999,36614308,112,4.93,4.9248209678457195,4.883610202230052,4.889400349594978,4.904392798930332
10738655,361364482,293,4.66,4.660047150680311,4.687003084952975,4.679521901735182,4.679430015012682
10748886,36274475,2,5,4.504967042560251,4.547611380547984,4.5786510223210835,4.614189541331547
11135133,17444426,2,5,4.514503285985251,4.5496547594729835,4.5756898979652085,4.654927862168195
11150682,22791764,1,5,4.213417975872537,4.497742917075166,4.502677225008629,4.599478496912026
11153345,39335228,5,4.4,4.296469074463805,4.571162550864334,4.530959314833746,4.642966546948583
10690503,40854953,63,4.87,4.858267339527815,4.812174100571258,4.835251209503639,4.842981499291097
11177215,3536893,1,5,4.227528625522537,4.495851117500166,4.500192818610496,4.615061430481675
11504014,60601655,2,5,4.509536992735251,4.547210919922984,4.576974501692244,4.65537689960177
11507346,29528984,2,4,3.890715567935251,4.508398210922984,4.575057104325596,4.596336446822843
10982683,3523298,3,4.33,4.166749727101513,4.541462444941404,4.440197741985573,4.6267963156251275
11036889,13238776,1,5,4.218729380997537,4.500912881050166,4.500976722285167,4.614995107815505
11041305,17807680,193,4.89,4.888367013504881,4.873798913591622,4.882642301792429,4.884825866094785
12215622,6535081,1,5,4.227407082772537,4.498693764750166,4.491707992525681,4.617532281412124
12002470,48854001,49,4.69,4.677985347117191,4.710312630502398,4.709487953709995,4.726090647427159
12015726,58672229,177,4.81,4.807722224808765,4.808148974490051,4.821364014739075,4.860209931737009
12078745,12643783,121,4.52,4.519016509523994,4.597600965952394,4.563542414523288,4.555209779383995
12621887,36274475,54,4.74,4.728854093972179,4.738286795071698,4.729475133408812,4.765024329426642
12665364,42021183,2,5,4.502950983485251,4.548097971197984,4.571213888838115,4.657038726371771
12674593,68866520,46,4.91,4.894668098850261,4.812937865826496,4.841150700046479,4.859128207020574
12720598,56484140,35,4.97,4.941961913061132,4.8148052270529496,4.860831236309477,4.884228229548113
12729788,2941461,3,4.67,4.416419826526513,4.560445345216404,4.621646184527802,4.655763456571509
12938403,12643783,84,4.49,4.487659407849268,4.587117307975655,4.552002445307926,4.538469650207535
13152597,73200475,3,4.33,4.167596129701513,4.541067082191404,4.433080901578978,4.625355956207514
13406907,76333387,2,5,4.513489047735251,4.548803773347983,4.581981131737052,4.657896923538344
13512606,6965510,448,4.96,4.9591706029461475,4.950215439125687,4.947169803584195,4.966495451856368
13557864,54054404,440,4.58,4.581114390340175,4.609035304846401,4.601255520253556,4.599942368499091
13851334,7073354,2,5,4.5070910072852515,4.547856845297984,4.578963551255927,4.656971753193691
13880840,25636666,4,4.25,4.154424447672965,4.545976599945801,4.493519777897515,4.621677293129646
13622372,4167197,4,4.5,4.348208562822965,4.565169001245801,4.650473862174161,4.644300000550424
13912983,3135483,2,5,4.511582533185251,4.547819482247983,4.575196630123253,4.659731384506927
13993327,83127431,22,4.91,4.87453451667348,4.748586325536598,4.826386620453395,4.85326678786368
13922207,82651607,47,4.98,4.961736751446854,4.849799045075786,4.8818260653696,4.901562648996044
13957125,83127431,12,5,4.910847670626941,4.71116516733704,4.7697444648261005,4.825315784798221
13969326,11754890,65,4.95,4.93862042693255,4.860853762468612,4.8703715252620094,4.918583425451225
13970430,83288791,2,4,3.895571495035251,4.508860049572983,4.578172573107766,4.598195038423757
14559113,6965510,381,4.97,4.968482607165102,4.957456834158763,4.947546318858588,4.9620917423262005
14311410,87475436,51,4.96,4.944611102608855,4.84660671291986,4.850413150629907,4.925859075223374
14598476,90565975,13,4.77,4.710515678666282,4.671410360954445,4.68598158360911,4.6663672723491185
14318589,13774091,99,4.81,4.805549328393718,4.797763787371257,4.800571449282481,4.811322165126911
14345029,2123693,2,4.5,4.198750960435251,4.5301083798979835,4.573536010329489,4.623748702176291
14370540,11553333,9,4.56,4.5020232637804884,4.612379891257643,4.634641575073935,4.671212948681655
14397838,2353186,7,4.57,4.474937360794864,4.600935141663782,4.589401242343794,4.670954599932621
14399607,15795663,5,5,4.787460553513805,4.623443604489334,4.681442740618288,4.722932922347162
14467029,58672229,97,4.87,4.863893708205933,4.835045538780367,4.850958120309052,4.837935901892017
14511119,6965510,408,4.97,4.969019607346996,4.958486407038312,4.950240311196953,4.964820805214439
15049161,58672229,36,4.94,4.917929465730917,4.8059355398032775,4.818371045846166,4.793406128938764
15299945,60210023,52,4.77,4.759464149191711,4.75035361785008,4.769119629271829,4.775264520715843
14856632,64227554,6,5,4.813461980889227,4.640580427164221,4.696010981727074,4.735342626135888
15168139,29164037,68,4.9,4.890562532380306,4.834950071899256,4.8436476488481315,4.868154128958141
15490376,65711243,14,4.64,4.599060973982578,4.644879399961599,4.695829858947555,4.702552670161361
15529952,33270665,9,4.89,4.786878359755489,4.666067121832643,4.739823811402829,4.744786070816852
16250299,1515058,4,4.5,4.345032622322965,4.571310119570801,4.652643280904625,4.646848526937788
15868879,53807062,89,4.83,4.8222563839978285,4.806600806462895,4.813531114525566,4.841861724303701
15870232,53807062,13,4.85,4.779218107966282,4.686372737979444,4.774393966691973,4.754456271380445
16506138,65771837,9,4.22,4.1927579351054884,4.561101961632642,4.491449729478945,4.604496153116406
16716732,110787354,126,4.87,4.86653775981553,4.8470462881940755,4.856151954689285,4.8601994284557515
17101102,66247547,5,5,4.777208869863805,4.623264940414334,4.680728457729855,4.721967524468736
16868781,6349046,2,5,4.502931761860251,4.552535094822984,4.578407022807866,4.596929393601686
17137620,24057950,6,4.83,4.678515143289227,4.621048070539222,4.696872011344202,4.707379632788169
16912190,43476494,30,4.6,4.590115537255494,4.659578836128389,4.667883501833193,4.756931259073471
17427343,27610632,136,4.51,4.5102072831930204,4.584367564597074,4.555950653131188,4.5696564827754145
17664017,21652377,168,4.91,4.907462446236981,4.884599712923473,4.884312168243253,4.897826430666297
17697225,4851236,1,5,4.220714373497537,4.496514805100166,4.493301883404994,4.61723990002581
17757636,3973206,7,5,4.836799766144864,4.656980679963782,4.7103826158999915,4.749408732213419
18157949,123430216,1,5,4.223784758947537,4.496634667225166,4.500797066006228,4.613836248344718
17791876,121543312,37,4.62,4.608014274245771,4.6706538437131115,4.650218188097117,4.6896360159162205
17957328,95663309,2,4.5,4.193166937535251,4.532246009922984,4.572734762841985,4.630006257096649
18344241,9181232,13,4.54,4.499741809516283,4.623809078129445,4.68741382688879,4.66733037055001
18286412,21092552,12,4.92,4.835980196576941,4.697711982812039,4.767733244878715,4.772831659440365
18069968,65771837,11,4.64,4.581758971610766,4.6346702372887805,4.659102723322779,4.61598398019205
18474957,19126133,126,4.95,4.94392250514053,4.9024274054690755,4.89742479540931,4.9254759893602955
18664871,129714699,2,5,4.511575642435251,4.551646852197984,4.575122540204698,4.661055201745183
18561596,116814877,12,4.83,4.7574917394019405,4.673710554737039,4.673607742912465,4.754088872099937
18562704,27207608,1,5,4.233296162297537,4.498441461750166,4.503073729739215,4.61673799476552
19312346,15052672,34,4.85,4.826722253492592,4.762335801026439,4.8095840746157785,4.808836549439472
19233984,97425581,8,5,4.864729403310679,4.666901639843618,4.724774741102919,4.757453142873674
19501445,85656129,33,4.85,4.826276151264741,4.764227731980019,4.809152179559295,4.801718961369707
19660323,60390685,17,4.65,4.613652053454879,4.656692329003621,4.72759716380599,4.711969013364378
19715748,55457105,6,4.67,4.537874399239227,4.608359776964222,4.69494027651638,4.680245435405
19926109,59851139,15,4.93,4.868220288942781,4.7187211407805725,4.789344353175013,4.811215765199335
20029439,100265398,1,5,4.226784662972537,4.496834661000166,4.492808137899831,4.6175498089052835
20054230,37931850,9,4.78,4.686195322030489,4.645493293132642,4.74390854430286,4.7253052010133585
20241827,48854787,12,4.75,4.679853680551941,4.661058257837039,4.675390952770475,4.7275440405008275
20135116,129464509,15,4.27,4.257327272117781,4.563635236455572,4.495181217763761,4.578995475113876
20533518,2570062,48,4.71,4.698952311302369,4.719299807182674,4.758100321677434,4.7377497593285565
20163410,37931850,8,4.75,4.643338636310679,4.633743115593619,4.72673448660743,4.719062358836916
20589156,828813,12,5,4.912045992551941,4.708130942537039,4.770158444555603,4.800108247089828
20601309,44327462,11,5,4.897567073660766,4.70256295753878,4.760504108306529,4.79069201122956
20170556,50262317,1,5,4.211205956322537,4.496399225575166,4.500207891511561,4.617817932253951
20404330,56494911,20,4.65,4.621463937114233,4.6655558566349695,4.666466148115352,4.704209168262602
20445849,8990717,54,4.67,4.662432442097178,4.701095155146698,4.731611471052791,4.709890281028008
20790781,66183251,115,4.73,4.727595860403814,4.745125715817846,4.7429116688884045,4.749675708683606
21143765,138152991,1,4,3.7861852477225373,4.479284896800166,4.490841274088318,4.587972317477701
21144830,3267176,2,4.5,4.204039856760251,4.529513174072983,4.579734656064247,4.656568637249263
20806918,7234573,65,4.95,4.93873379700755,4.859820929468612,4.872186841245778,4.898101350499387
21063433,151767747,263,4.89,4.8884879736884175,4.879218587739147,4.884863987070965,4.886581116969321
20856115,149684986,35,4.94,4.916701910961131,4.80336760975295,4.814650687835145,4.829256866927154
20871097,95569557,1,5,4.231189839822537,4.501123759975166,4.492557069280653,4.616012646097781
21211840,153178478,6,4.83,4.669282767039227,4.626689118289222,4.695997202654194,4.709641533596034
20895963,9218614,6,4.17,4.1298065239392265,4.552702648239221,4.568273527082566,4.6009471618418925
21391335,154955327,35,4.74,4.728788854486131,4.71876037837795,4.7589775641764245,4.711648061982013
21294054,149684986,82,4.84,4.8333096678081375,4.806797743233622,4.833219025045089,4.865759715425515
21592553,65949259,4,5,4.7279657308979655,4.605273534195801,4.652708546719659,4.708340934799135
21763163,111758214,2,5,4.498160422235251,4.549941915597984,4.580572194800081,4.656536372687485
21801259,85656129,15,4.6,4.5628395551677805,4.645524314930572,4.606215607534903,4.763853062259326
21979807,3826558,21,4.38,4.36506360512384,4.58599533573002,4.585650627675214,4.595845726150046
22238833,162503659,297,4.79,4.789693552072693,4.7971773594374945,4.792939113388608,4.790414468408707
22722032,46164752,15,4.93,4.86742369689278,4.716838611980572,4.789488143770627,4.795538639420391
22731660,167791512,9,5,4.876900242555489,4.683328801007642,4.742420926386481,4.773453178087635
22755886,123486126,33,4.55,4.540214636364741,4.640491347080019,4.620153713860147,4.652210381166093
22786693,5084727,13,4.85,4.786298572466283,4.6897098687294445,4.773128478127999,4.755051872067855
22788922,46384040,1,5,4.222219470397537,4.497558335750166,4.499354096579564,4.616114790178884
22987867,168407586,14,4.5,4.462931686482578,4.616910060061599,4.59400130248637,4.651011782272123
22539027,45092292,89,4.24,4.239444755122829,4.426930237712895,4.350001383533114,4.578105033579534
23167253,126908133,276,4.46,4.460479000141951,4.5166586110155515,4.500110452106191,4.521912873855717
23231054,154955327,35,4.63,4.618100318436132,4.67295425080295,4.702208617172511,4.710278890113962
23424692,174706944,51,4.65,4.641811503833854,4.68957692139486,4.719882031617503,4.649613507102242
23262133,18402369,1,5,4.222495782072537,4.499933809350166,4.500652269125839,4.615935195159613
23352142,3551811,117,4.87,4.866393431649234,4.842143351936921,4.847835607050301,4.900480681393601
23492068,143393503,4,5,4.730529689272965,4.604789960920801,4.652403630549234,4.687968707091807
23814293,110653225,24,5,4.957315423014655,4.786933820634856,4.829152120407058,4.872533230109948
23850089,170152501,3,5,4.643513890601513,4.580983243766404,4.619626759186991,4.684864773597082
23976455,180338111,4,5,4.726076497872965,4.6067409612458015,4.654208151331191,4.708776565444087
23879786,178793141,2,4,3.889748043735251,4.509791384022984,4.571843941206385,4.596337736177462
23603957,86301216,8,4.88,4.757698033785679,4.652790275943619,4.725953062981208,4.737906342426967
23895665,1707708,36,4.75,4.731488335805917,4.727127240578278,4.763983856758764,4.759535487342576
23631479,35936798,16,5,4.932641767673393,4.744309304891436,4.7953592116083,4.824689847358507
24049088,181038306,9,4.44,4.385514966880489,4.595581647332642,4.626279019908392,4.641875676755417
24064226,180520548,6,4.67,4.544518208539227,4.605522489189221,4.694328907436328,4.6833040669837365
24072737,51350415,8,5,4.859657606335679,4.669544627443619,4.725296412501597,4.761681124259282
24332681,183587784,187,4.76,4.758781218768108,4.771117830767236,4.776961236436355,4.772812617795503
24484853,184954770,83,4.84,4.834069571375419,4.808376094546314,4.835704456042223,4.830002364194761
24778618,143393503,1,4,3.766771663047537,4.476535859175166,4.488102894803857,4.623608581972889
25099748,23150670,10,4.8,4.708727543476519,4.657533622512152,4.7503431039349,4.7316140354872545
25360795,73913867,18,5,4.941458227543203,4.75671386253046,4.805462786168385,4.837108840344723
25389885,174706944,90,4.63,4.62848500900947,4.6770838693696275,4.68699767518055,4.673904658240533
25444960,91221573,1,5,4.209359752047537,4.497162582100166,4.490559165844751,4.616387579661185
25452685,67929669,9,4.89,4.772538207130489,4.662756710807642,4.736205558702168,4.754886133547499
25646640,110653225,4,5,4.725292418822965,4.602800489195801,4.652304731051725,4.789357857114575
24909642,188318882,12,4.33,4.298279622551941,4.580034070162039,4.558302363360812,4.563188780672467
26025647,75414771,29,4.59,4.575753752178199,4.654219462664127,4.659373522648649,4.70626229072127
25809361,170006284,117,4.76,4.755215333149234,4.76534941406192,4.771500831080713,4.772285950907393
25875591,194427388,150,4.81,4.808639578471762,4.807527260992558,4.81512660292447,4.814096788748789
25885073,56484140,8,4.88,4.752281575010679,4.650815098693618,4.7247234389433,4.815339941546191
25928356,188318882,4,4,3.964003042597965,4.530494156145801,4.492208022266344,4.512905541354241
26148264,40885230,3,4.33,4.171707867101513,4.541504765366404,4.439121295296159,4.62373092273357
26152381,132857910,170,4.88,4.8781965806588605,4.861416494465607,4.868417040785197,4.882003999301912
25972545,164584916,14,5,4.924236191807578,4.727887864211599,4.7846697483992715,4.81128459346732
27079262,194143008,4,5,4.729699631172965,4.609711673945801,4.648368151382739,4.709522693495804
27390113,11194649,10,4.9,4.805911217301519,4.674183775937151,4.751352639099233,4.755864461717885
26922652,18983147,56,4.88,4.868564511508006,4.812940986157234,4.82168298939684,4.84765522544184
27423262,194048242,28,4.79,4.767305528795292,4.7286325136094165,4.788985653407499,4.7697603753849265
27423306,194048242,15,4.8,4.7428725892177805,4.686596451555572,4.707621859013282,4.741287832444699
27423325,194048242,1,5,4.215341217897537,4.494986352525166,4.489809901672015,4.6170857579831575
27423355,194048242,8,4.25,4.210839004435679,4.5628315149936185,4.469065616102892,4.709940066145687
27272939,17753454,1,5,4.220409726047537,4.494286647850166,4.507126547911408,4.6154766246334065
27497164,127704304,2,4,3.896844771360251,4.510429626222984,4.577733406298091,4.596718026813987
27694361,85656129,12,4.92,4.832607118876941,4.6973105998370395,4.766341413765861,4.75543649402643
27960986,3551811,59,4.95,4.93918756727979,4.854464146798814,4.864906860994429,4.87296259401558
27700773,140378598,10,4.9,4.805615347401519,4.674975166687152,4.746536452240897,4.758105728441181
28064534,8990717,40,4.68,4.667112611676947,4.698017492332786,4.724135707142701,4.696171199955389
28274989,39262638,1,5,4.197413010197537,4.495200743025166,4.495868491684514,4.619058191714178
28376631,104910912,14,5,4.917911765732578,4.727221492636599,4.783004110972709,4.808708128383676
28838432,42102470,19,4.58,4.550612685647854,4.644340122987053,4.658356640427417,4.675864989108435
28476583,97874184,57,4.81,4.79521554972683,4.775139161428291,4.78248768979312,4.667221720421898
28513315,97874184,78,4.67,4.666026229257972,4.7020142735685,4.722877512445276,4.677683423757906
29327045,190547806,3,4.67,4.419608074576513,4.558593406241404,4.612944565353086,4.656383090682293
29064798,13363520,73,4.81,4.802220500849085,4.784120332788533,4.819399103305988,4.8312179006839875
29065049,13363520,123,4.85,4.8448309867244,4.830376933927042,4.830531981358786,4.855111117075412
28682069,17915643,60,4.97,4.956972368493209,4.866483893151207,4.896171915336065,4.90860811057194
30259828,226522409,88,4.24,4.246075621948908,4.428195183007233,4.3442705386033245,4.339233606273629
29655783,156649285,3,5,4.641213601526513,4.578188067441404,4.620204099946058,4.686618019906425
30043874,224769335,8,4.13,4.104347410935679,4.5494150147936185,4.466433391170127,4.582467663566969
29730842,95744828,2,5,4.504987101235251,4.548323409772983,4.580557560592904,4.661454371564432
30309527,227629520,6,5,4.819627786164227,4.642352903389222,4.697452914657222,4.738178834891283
29793118,224144264,33,4.82,4.801163812889741,4.749293397755018,4.808547944649407,4.792882899529798
29796488,224171102,8,5,4.861842891385679,4.666936249693618,4.72588797190521,4.760876753295809
30349553,90565975,35,4.74,4.721591541336132,4.72287667052795,4.759550898549143,4.711618780118677
30349944,226522409,155,4.35,4.351931080378769,4.45905617944616,4.419969822944073,4.36710989902607
30516718,13363520,164,4.85,4.849223725145852,4.836818781681439,4.847112438413364,4.867572499016639
30375452,27316546,2,5,4.518735414985251,4.546985995122983,4.574638581199427,4.660244946639855
31432619,30431448,3,4.67,4.409550373176513,4.562216923216404,4.620725539944041,4.655089469997233
30882894,35649903,1,5,4.228368364897537,4.495433449650166,4.5015055793679055,4.615852174469652
31264841,3551811,90,4.87,4.86300245015947,4.834939301694628,4.844339652562489,4.889617868409375
31825571,238510834,7,5,4.840504682719864,4.656251910138781,4.713540161692901,4.723579571876719
31831445,19222134,7,4.86,4.727114156094864,4.639947409388782,4.7149292850966935,4.722803595999277
32249790,81249253,17,4.94,4.877164013704879,4.730741108078622,4.804703963472394,4.809562549435146
32257079,221664304,17,5,4.940238548579878,4.748574038853621,4.803913894049606,4.830472772448757
31636091,12914249,2,4.5,4.196263184060251,4.529705022347984,4.581094132031721,4.624922623132665
31985487,40265421,5,5,4.7756738547388045,4.622441935839334,4.672751915841649,4.723116538062204
31683463,2413279,36,4.89,4.871105575655917,4.7861207477532774,4.818834685904429,4.834268086880593
31715264,45671985,4,4.75,4.524752586497965,4.584536606695801,4.648989009736517,4.677918077221009
32122892,238510834,16,4.69,4.649830204798393,4.664014431816436,4.71620804795167,4.759914382156785
32446274,48713321,1,5,4.210761711872537,4.4959153844251665,4.496661688590495,4.615940206009609
32206497,21048793,20,5,4.952776620364233,4.767206528359969,4.814693304204589,4.864533708889413
32713785,386025,1,5,4.219290114247537,4.499420461875166,4.4970524094867175,4.614653105434888
33239653,21048793,39,4.92,4.897675411120258,4.805948742445683,4.824924835085043,4.894502285562324
32827899,223376774,1,4,3.7821551693975373,4.480713386550166,4.496996850128485,4.585430263229825
33493385,160081272,11,4.73,4.660587035935766,4.65298725043878,4.6644600124819,4.719022418660052
33603244,193815540,56,4.75,4.740689563608006,4.742383377532234,4.737215289917348,4.652956745146799
32937113,38949319,21,4.95,4.90236460889884,4.7566952881050195,4.817982174040496,4.827237317020025
33899692,13437657,59,4.97,4.9579560182797895,4.865650420823814,4.89557488692052,4.9105375608470885
32983832,248236643,104,4.97,4.967174222854425,4.909420327572898,4.904084751204411,4.934078477197652
33030471,45092292,13,4.54,4.493778902691282,4.619676300229445,4.683617927779607,4.502883100271119
33772803,59851139,3,5,4.651914624801513,4.578433724791404,4.621967068368164,4.73703745151226
33040680,84451866,19,4.68,4.646382777447854,4.671717382662053,4.656024589678795,4.7179449029205784
34148772,45092292,39,4.82,4.799581775645258,4.7599838038456825,4.775148594526211,4.557453085384471
34229954,19634309,8,5,4.861799599660679,4.671893949393619,4.723287562884415,4.761057636360684
34388314,253015228,17,4.47,4.440557073129878,4.611542856803622,4.629851066411097,4.411431483502599
34388714,253015228,49,4.41,4.407306244117191,4.5704527070023975,4.544821202733456,4.458392611118202
34854501,76925488,29,5,4.970301114703199,4.806767026939127,4.848167169065521,4.8754040622441535
34428834,45092292,19,5,4.947974488272854,4.762052413437053,4.8081284786467995,4.5238595805507265
34462115,260131207,258,4.72,4.718676043828335,4.738487788097611,4.737555323682853,4.735743440953816
34931236,4966667,1,5,4.222774369672537,4.495559765000166,4.502227917966728,4.616923191739634
35090965,6967132,1,5,4.2285375881225375,4.496988957675166,4.499449032163314,4.616503014743766
34974850,27348595,31,4.87,4.843235874237502,4.764585183756992,4.8006804364383795,4.81607487587967
35125915,70552529,2,5,4.513364323135251,4.549270992822984,4.5699295946110885,4.654431868263364
35635108,53807062,26,4.73,4.704553920478997,4.702128473202262,4.715026763436453,4.785011283437651
36234672,37042213,25,4.8,4.7734807986800725,4.723448923428502,4.775028705131828,4.773962328325137
36515148,54049469,2,5,4.503425883985251,4.549483985697984,4.576828389060826,4.658313683306516
36351807,114231863,2,5,4.519234837085251,4.550248977522983,4.571079956901415,4.656339452058253
36035705,271102077,29,4.66,4.636369589628199,4.677690753714127,4.732731380803307,4.71069610418272
36052075,130471540,9,4.89,4.776933161905489,4.6631127595576425,4.738594650496158,4.749701474009738
36940077,162523434,36,4.83,4.814225306130917,4.756871360403277,4.76073415552678,4.816454690081072
37110638,1786668,3,5,4.638522739276513,4.579519771116404,4.620831328446765,4.687867823148081
38120086,289410115,2,4.5,4.194452116760251,4.524748320122984,4.578810878008365,4.6293063699037855
38582150,292943469,66,4.76,4.755451694327456,4.7546828664528356,4.766509946753296,4.773716147620819
38237641,290558596,1,4,3.762646833247537,4.477004194525166,4.481097785328012,4.583762319718613
38282997,291013225,5,5,4.770246339438804,4.622285080639334,4.679155473417953,4.722167206539945
39019200,60390685,1,5,4.221268720097537,4.496732093925166,4.496717313391623,4.583034167080522
38478328,2500672,20,4.95,4.903820804739232,4.751413524484969,4.8148876102267275,4.822759184292373
38777862,45092292,18,4.67,4.633944529143203,4.66804088610546,4.734188813442392,4.518795069161039
39119537,75414771,19,4.79,4.751080887047854,4.702706421087053,4.7362130596382075,4.689176364144056
38812990,38763138,7,5,4.844523417519864,4.6565921530387815,4.715126916263079,4.7489902471136585
39293761,128236627,55,4.87,4.860299208102033,4.803906357652949,4.818495679669029,4.841478721220675
39299905,301726502,36,4.83,4.8107667598809165,4.760540997703277,4.764091713894892,4.800036081753199
39682697,193815540,190,4.65,4.649324331776835,4.682765992799038,4.670026207108811,4.702813901471917
40129235,10531947,4,5,4.726387390172965,4.603623181595801,4.652782698105894,4.709781309742498
40372790,206238302,2,5,4.515912448260251,4.550590355297984,4.572432159578976,4.662214038175527
39907479,307461520,1,5,4.212352286772537,4.497381259925167,4.495882676385361,4.613258769674414
40484143,45092292,6,4.17,4.127619141939227,4.550006053464221,4.556926244210533,4.466018107225432
40485502,45092292,7,4.86,4.728284737194864,4.640079810738782,4.708889165557109,4.475591686369074
40854749,317985527,22,4.55,4.52449800877348,4.639916924536598,4.681910576426725,4.491306194045993
40738581,315172847,1,5,4.226926888172537,4.500543293500166,4.495901446634177,4.491651665606839
40771473,146131799,9,5,4.876293851505489,4.679233988357642,4.7387112057771885,4.773076607122126
41756646,329877432,3,5,4.651996964301513,4.581201096191404,4.621398624098526,4.683949567907109
41771433,257524053,23,4.91,4.8684780426875465,4.752130246153678,4.766065082795353,4.818584603241268
41809935,208410066,31,4.74,4.717124227587502,4.717389608006992,4.740509187788132,4.751253189708576
41849947,3551811,17,5,4.938645492704879,4.751545747553622,4.801085942198953,4.815024844418653
41902693,240473406,89,4.26,4.262935409572829,4.440864265787895,4.387222398435999,4.336127944282703
41920772,4324548,7,4.57,4.478179102319864,4.601327249738782,4.589005743959075,4.6684080068189315
42171947,334045878,1,5,4.234238505522537,4.497397003400166,4.49845017428152,4.615208573075831
42293580,56828592,27,4.93,4.904368914384465,4.77480412019888,4.83991020539587,4.8080077669503325
42940407,129230780,1,4,3.7831947442225373,4.476714082950166,4.4988889543550625,4.583992816062288
44548433,14120962,1,5,4.222549599047537,4.497921112650166,4.494500157639862,4.655318630678286
45097085,37865509,22,4.59,4.56674776069848,4.651292704986598,4.678678690014917,4.682057872266162
45155419,60288655,14,4.86,4.795480062507578,4.696429926861599,4.780702593031078,4.770163127966856
46018473,181038306,1,4,3.782870992922537,4.477779060275166,4.498544727418457,4.541412357915055
46049321,90565975,69,4.68,4.672282724291523,4.706318624019916,4.694482638412978,4.7406916267054795
45594786,56828592,28,4.71,4.686107952070292,4.696646097084417,4.723649771107758,4.806804982301663
46621834,99111109,17,4.94,4.883037262204879,4.7318343364536215,4.800461385762816,4.809951481770481
46155593,5030522,6,5,4.815539965464227,4.640244905964222,4.69851128662283,4.737068474656456
46745830,376378762,19,4.16,4.159419251397854,4.526601722087054,4.457190853499904,4.481797935694318
46768210,376378762,36,4.61,4.596937309780917,4.665790830603277,4.643452056139993,4.515538124494419
46768401,376378762,31,4.52,4.505282751337502,4.6270315380569915,4.60100914602604,4.507521262181508
46769222,376378762,13,4.46,4.423886870041282,4.605796110679445,4.579180791129106,4.467179211585506
46353122,10017430,11,5,4.9010902887607655,4.700042432088781,4.759610779269585,4.863131761975427
46870073,376378762,32,4.44,4.431013175411107,4.595704649639254,4.609848980872794,4.507745650919364
46870077,376378762,16,4.5,4.469579300723393,4.618979645091437,4.620043610121913,4.477389102314497
46870094,376378762,48,4.31,4.309603629027369,4.521123174882674,4.476280624423777,4.52270378887991
46871194,168617061,53,4.94,4.923469636077081,4.8382832201391235,4.854290623798957,4.882645486502013
46542159,376378762,20,4.6,4.576963941214233,4.650486166259969,4.666448077029175,4.487651862483274
47730365,162523434,5,4.4,4.298031366413805,4.568657026689334,4.5355335957243605,4.7250543542674315
47833657,385537165,58,4.88,4.867983115915913,4.815854339161945,4.827550213705804,4.849335154091191
48970663,376378762,45,4.51,4.503073151471757,4.62182281599681,4.5761635934691265,4.5242335839950885
47917429,35226881,4,5,4.720764267322965,4.609398584520801,4.646661571564732,4.712466645541401
48308585,376378762,47,4.53,4.522425370396854,4.627390484975786,4.588097986200279,4.526327233715574
49039344,24100622,92,4.9,4.893256304162975,4.8526215256993135,4.873127778748651,4.877417934136696
48370660,15205326,4,4.75,4.540618472197965,4.585848548770802,4.651609547208923,4.679381681319807
48049258,315172847,17,4.35,4.333206355679879,4.580971253853622,4.5260121332729915,4.6198656876659285
49136305,11941290,1,5,4.207680072222537,4.498632173650166,4.498201303459383,4.6175934225529005
49376352,19221413,110,4.88,4.875349460389748,4.847305346275766,4.8660544551203735,4.867116415995384
49220041,376378762,27,4.59,4.574967889959464,4.64933792589888,4.64463367074297,4.501477804341332
49220397,376378762,16,4.06,4.059381438673393,4.509524685691436,4.385397824308764,4.473498992475169
49220474,376378762,28,4.61,4.595340647195292,4.665229353834417,4.65083644073641,4.503475969333497
49220565,376378762,27,4.56,4.541670329084464,4.64228407779888,4.643344826573087,4.50134055157221
49220748,376378762,50,4.52,4.516042950917786,4.62311379375132,4.607653023577523,4.528459103323374
49220898,376378762,22,4.5,4.48058633327348,4.623385561561598,4.592389225163844,4.491474727878575
48560616,376378762,18,4.78,4.736354100743203,4.692427138280459,4.733202941241942,4.484710325933347
49237208,376378762,20,4.8,4.763498660039232,4.711413346334969,4.747304423904154,4.48976389068912
49460383,376378762,25,4.16,4.159333818005072,4.506117831978502,4.449951456501069,4.493676186694715
49242875,376378762,39,4.69,4.678281312220259,4.704130249095683,4.719566311904851,4.5202425101746995
48580532,376378762,45,4.69,4.681913425771756,4.70799822334681,4.745777392813543,4.5274990580516
48617487,376378762,20,4.5,4.476044096264233,4.623535044334969,4.663362571696223,4.486757700862306
48673920,376378762,35,4.71,4.692927038636132,4.7070877550029495,4.698414901557897,4.51563967149358
48674938,376378762,41,4.29,4.287259884745424,4.525257421935804,4.482215783320938,4.515579685980426
48686429,376378762,18,4.61,4.579350824493202,4.64943163400546,4.643756586100376,4.482747973547925
48706001,392940036,28,4.25,4.247429784095292,4.533668036934417,4.488394016202347,4.278075704095491
49955160,392940036,66,4.26,4.2621829123274555,4.467077214227836,4.404988150178538,4.315962822109395
49957115,402851325,42,4.71,4.696465912836554,4.712639281652837,4.7345185860737,4.738263678454279
48708419,392940036,4,2.25,2.6298502257054652,4.399847252395801,4.035180283014031,4.1860762426093485
48709147,392940036,56,4.23,4.232713036733006,4.463861567382234,4.375707700356158,4.308031048004626
48709546,392940036,11,4.36,4.329255264660766,4.58339308661378,4.5435196332332835,4.236236978417185
50588339,11754890,52,4.94,4.926896963291711,4.83729367940008,4.853565497065824,4.907498544215513
50300112,114471938,15,5,4.92923984566778,4.736180551505572,4.790289250529601,4.818301258351256
50613206,376378762,15,4,4.012504034442781,4.499865582105572,4.370542842241442,4.470617894613591
50318367,7112902,3,4.67,4.418852114951513,4.556719861441404,4.617048593333469,4.6559560661147374
50647536,376378762,19,4.79,4.749381597797854,4.701733218337053,4.74125044987643,4.486534723818409
50165292,253015228,108,4.47,4.469780723509893,4.567453671219515,4.54637238763793,4.49475483025646
50437902,144968199,47,4.72,4.706450395846854,4.721452011525786,4.7546900247328825,4.74585261140201
51073296,25526162,73,4.97,4.956763587949085,4.8826732989635335,4.8804385438202145,4.918592123872944
50480399,376378762,33,4.52,4.510527537639741,4.628796490730019,4.620334623053544,4.509967377705103
50481041,376378762,27,4.59,4.572885832934465,4.6544454956738806,4.6442214076310275,4.5012792227681375
51158013,376378762,19,4.42,4.403168266172854,4.596505658562053,4.559770730764248,4.484246560841247
51158129,376378762,15,4,4.00614763886778,4.500935803130572,4.364416750232357,4.470535019304369
51158456,376378762,18,4.5,4.474567850518203,4.61906415978046,4.644364388695787,4.482393191127266
51158840,376378762,16,4.38,4.357042119373393,4.592739941741436,4.619558548654546,4.47593493350402
51159000,376378762,27,4.22,4.219882734009465,4.52186196959888,4.475893178456664,4.497546785905773
51164086,376378762,17,4.24,4.230793826504879,4.552337879728622,4.53161474471653,4.477989790949146
51273062,376378762,10,4.5,4.4464563139515185,4.606729370537152,4.645485036609884,4.455410954940582
51273273,376378762,20,4.35,4.3398111633142324,4.578051524484969,4.571136019830777,4.48586841070887
50865033,376378762,39,4.54,4.533443663945258,4.633805871970683,4.6632982124935225,4.517943044314581
51301168,253015228,8,3.75,3.775562554810679,4.492301063818619,4.46002593745385,4.373806383306666
51357253,376378762,15,4.07,4.068246984992781,4.515668744355572,4.49198793601085,4.470936029631599
50952760,68991571,86,4.8,4.793891993449359,4.784574123831373,4.8086100773453415,4.799331784472483
51397574,330139450,24,4.96,4.9197198615396545,4.773381200059856,4.829766477324092,4.8325464007151595
51403680,177550432,95,4.92,4.913835438739121,4.867643638851221,4.874915850002135,4.8942327799411744
51416596,376378762,8,4.38,4.326113112110679,4.579745262118618,4.611200601580592,4.444574642157822
51636172,162523434,18,4.67,4.632241488893203,4.667859779055459,4.732598784072191,4.783402073447616
51784300,335026746,3,5,4.646704197801513,4.582190855241405,4.624797783865939,4.685913326957423
51796755,240473406,133,4.53,4.526677896995181,4.600500267825669,4.570234437146876,4.366665824358496
51937655,419867287,20,4.5,4.476207399189232,4.623348410809969,4.664518572739113,4.646227648138875
51995938,3109728,35,4.69,4.678822207361131,4.69959595400295,4.701685677828125,4.657756446336808
52031361,181038306,1,5,4.217067367622537,4.499323548650166,4.494995723281424,4.542351056871548
52082698,421693156,57,5,4.98610070927683,4.878753327278291,4.892927873661425,4.94806440119218
52088221,23666796,14,4.86,4.799203499282578,4.6955556676115995,4.782673410727413,4.767084382412314
52736237,421245848,16,4.5,4.476762901723393,4.6214724565414365,4.6247359648194655,4.6433553283395606
52146061,4785832,91,4.95,4.943411988438609,4.88521154741806,4.896709701843397,4.913564322105192
52396706,418521161,2,5,4.504392711960251,4.548192345972984,4.576658241832701,4.656543499346219
52863742,421245848,8,4.63,4.544571017360679,4.617364860968618,4.606372052548716,4.612382207080879
52875581,30764926,46,4.89,4.874645830825261,4.801819542901495,4.841840814627565,4.90188338685557
52909355,10017430,39,5,4.9800625341202585,4.839205776495683,4.869799076855377,4.9214674884389185
52910190,8362611,7,4.86,4.720180472294864,4.636463502188782,4.7137045306839305,4.723397289607105
52488547,424853657,3,5,4.641899420526513,4.581821406166404,4.624087204833369,4.688160233448808
53040075,194048242,3,4.67,4.410613520851513,4.562506287566404,4.625590072640425,4.667544026979538
53040128,194048242,3,4.67,4.4060460437515125,4.563621990516404,4.623820735709326,4.666702117643145
53040164,194048242,17,4.88,4.8248658933298785,4.717569846678622,4.724592992960337,4.747322801972502
53043810,211108,120,4.92,4.915901061405922,4.878533763149025,4.894520731061124,4.900392028196993
53324275,5731353,41,4.93,4.9109998470454235,4.810391543585804,4.829668583672723,4.859337691093695
53156926,123710005,2,5,4.504158643135251,4.547728441972984,4.5737476740881045,4.657166052896373
53207865,421693156,40,4.98,4.956605575001946,4.834585714432786,4.869798307881306,4.930887760355909
53214169,430811050,2,5,4.501282818735251,4.549084035697984,4.573699123963704,4.658145178095717
53505881,91622377,90,4.93,4.92161308893447,4.871460803819628,4.871855172970137,4.903535711054024
53469474,45546582,23,4.7,4.673023533637546,4.686823463778678,4.69480845553992,4.7363799247376965
54258463,412274729,73,4.29,4.291495526724085,4.474481973963534,4.408566072670611,4.445277883314977
54287727,19302939,105,4.92,4.914725801215107,4.873251627694188,4.883940325700349,4.896514020023765
53965916,22791764,7,4.86,4.720796603744864,4.638243014538782,4.718005412121366,4.6887413075583435
53583678,173856474,7,3.71,3.741483953394864,4.495540834238782,4.432812963564681,4.346195890919352
54407510,91134334,12,4.75,4.677306990626941,4.660817751362039,4.675666664774805,4.726449255315905
54408362,24329673,35,4.49,4.485017640036132,4.61841595390295,4.63559838388615,4.618733997152897
54140928,30346281,1,5,4.222424367172537,4.498890533300166,4.504058210201013,4.617873169334929
53673183,23747528,17,4.76,4.715269622029878,4.686927393478622,4.71987883490861,4.742628144257227
53673299,426183480,23,4.61,4.585778000287546,4.657569614578678,4.690768196234147,4.688025416870655
550783610127571060,317985527,47,4.4,4.398509866421854,4.565955993375786,4.531893006624489,4.523261258616951
552004109473731708,441286634,149,4.96,4.957170603610011,4.917549835400197,4.9252540551011474,4.937986688378472
552734449188647818,160695445,37,4.92,4.898785879820771,4.801100977563111,4.820135678217796,4.851105798686546
53740167,421245848,5,4.6,4.457005165163805,4.588182951889334,4.531639092804809,4.591340101329944
563712213648278053,56928012,1,5,4.226379877397537,4.499481552175166,4.504607279331916,4.617601370740781
554196582739249516,266965831,45,4.51,4.504837411096756,4.61859163639681,4.577865023849817,4.610528493553381
564629674821130301,240473406,179,4.16,4.164238175814256,4.298880287454764,4.222346101896616,4.356771702438035
53761504,52642683,24,4.88,4.8376849353146545,4.747184166684857,4.769519300645151,4.806911668778677
565420148988759285,11991251,9,4.78,4.682843827855489,4.6450048802826425,4.739340048844075,4.729118102274417
565934431067764677,27960592,65,4.94,4.92873703530755,4.855921393618613,4.871167656097584,4.8936511942250105
53807659,421245848,1,4,3.7879566876150372,4.4792003417501665,4.494675727729916,4.516943274355924
567164860696552047,793088,4,5,4.733841565647965,4.605705759920801,4.650978451242156,4.777307039928301
589607521318734500,346216435,2,5,4.506607623310251,4.550563845497984,4.574617087986857,4.6607692477004274
573235901808577514,91622377,12,4.83,4.759196192426941,4.676967497187039,4.678256678073156,4.8100722862474194
598899175134288026,2292688,10,5,4.878866483326519,4.689833078562152,4.748637876973422,4.7827660995738945
594062971522034147,451953852,30,4.73,4.710046926105495,4.70876774790339,4.736628427947961,4.743522199174685
602771662770031198,450528902,3,3.33,3.468794815301513,4.4827404848664045,4.441061514933998,4.3266423153154365
597494487075530521,21881808,35,4.94,4.912000037861131,4.800969636952949,4.813149941000535,4.859321294268097
607837328375932121,162076348,204,4.88,4.8786659861842825,4.866643376990495,4.872376114928534,4.876631923507736
608313117078146413,16521503,26,4.73,4.7019856454039965,4.7034092595772625,4.712917240056912,4.743629094171235
583851236290717216,287157047,1,5,4.218900769497537,4.499945051075166,4.496175860274071,4.616676600389166
607277820935648334,450528902,1,5,4.208296310447537,4.498678460350166,4.488102517410317,4.278091396388265
609868187516447724,84424746,5,5,4.779182277238805,4.626567670239334,4.675038779155166,4.720815334313548
625228514516160911,96133167,8,4.75,4.648441587560679,4.635597351168618,4.723981581741981,4.709443317591054
615073371644884523,86030963,6,5,4.811468675014227,4.645695470039222,4.700458325594131,4.741067233439393
627553264552458489,459249351,26,4.96,4.926998117153997,4.784513947002262,4.8346498219483935,4.846116807472513
623968024291515598,154371846,15,4.73,4.6825064777427805,4.672864237255572,4.704895416981899,4.726777705080328
628681248636852999,68727425,2,5,4.503647891685251,4.553989813572984,4.569077250249556,4.6617328984501265
628737461313340898,459522455,22,4.95,4.90951492542348,4.758198850461598,4.822211715898632,4.833718719405699
635527106503833045,330139450,28,4.82,4.792331044820292,4.736611816459417,4.788442554945124,4.8374088973007625
642063055534851664,444801189,9,3.67,3.7087609973804887,4.473740578957642,4.331165417579851,4.078047279727558
642063117095500909,444801189,27,3.59,3.6181538183344646,4.300615075898881,3.9778568187613472,4.123544796441883
642063215942903781,444801189,61,3.85,3.8575830061331793,4.246255254835622,4.036869782872806,4.1593905476041355
642063301865132953,444801189,37,4.22,4.220466483995771,4.499604563888111,4.436494316555523,4.145520436286172
642063432178207862,444801189,26,4.46,4.448913871728997,4.607005007727262,4.553321288177426,4.131704372081807
642063496579507445,444801189,1,2,2.8906138782150372,4.435751879525166,4.250014619671583,3.977149082280887
642063555836874697,444801189,22,3.91,3.9263089942234797,4.439695658436598,4.290316100559801,4.1182943620326435
646984415364103089,354406178,9,4.89,4.779927070355489,4.661047645807642,4.739390667494334,4.747423863742081
652744629105315348,465010822,172,4.92,4.916404352612073,4.894779140304191,4.902880937154887,4.910745750052099
658275239983835212,793088,2,5,4.511747467185251,4.5485938988229835,4.578225863717692,4.745507605360121
648672842981774361,464122129,13,4.54,4.493613797966282,4.622409571804445,4.6877254197363,4.664851573254628
648995717763961313,162523434,2,5,4.512536306860251,4.548144486797984,4.580006642279502,4.6835926124335066
653323383022727987,123710005,7,4.71,4.598177758919864,4.617194744588782,4.586956869744126,4.714344548391725
663568766193744095,1279101,22,4.86,4.82277613432348,4.735975329411598,4.759809776942344,4.79206143598654
661480810874807760,212707056,39,4.67,4.659857762945259,4.6938417843456826,4.723990080742463,4.717446682332655
654363284128544135,5843725,13,5,4.923467624666283,4.719180792079444,4.775966604116401,4.806154089726197
654553716979592341,355881816,3,3.67,3.7228640835765128,4.5010408121414045,4.445712340426032,4.569379197674162
654853931041417080,465519036,2,5,4.510706566210251,4.549173121372983,4.572084376985367,4.683845189751184
665014480370486940,11011740,2,5,4.5096763211852515,4.547975292247983,4.577403237536313,4.658877349948446
662835913719662489,104445651,2,4.5,4.200994680060251,4.530883853172984,4.572230350122389,4.630582882690652
666359378420600175,84301593,16,5,4.925714505773393,4.741954063266436,4.797021122252559,4.825963526436977
671033062451199519,2659117,18,4.89,4.838882558218203,4.722848979480459,4.806812168621302,4.793609130684475
656127782924045092,465519036,3,5,4.648382508576513,4.581475238016404,4.61648458295723,4.702720055799297
667888083728020486,30764926,32,4.97,4.940610451886107,4.806760930389254,4.853364354770258,4.886731520466029
656395339861991557,31884212,36,4.94,4.914514820430917,4.804915229603277,4.8169271547416,4.861439818813339
673293023634387656,8659214,3,5,4.643332891876513,4.5802522750414045,4.616651122373955,4.683543632119486
675798469933703440,376378762,26,4.69,4.666238880003997,4.687603944477262,4.711522640609548,4.5012497379106184
675805329460513532,376378762,5,4.8,4.615945516338805,4.605140077814334,4.67649459378375,4.42412161415132
669439924033193583,145338200,217,4.81,4.808215471109828,4.811900580970607,4.819302778540946,4.814338318570582
682196036398337430,56581006,23,4.78,4.749497776762547,4.712945137053678,4.766054553006385,4.760586501724254
683975202890941010,105937596,4,5,4.719252965222965,4.602712792645801,4.654284510266364,4.705617981198429
685473500039231809,161538903,327,4.9,4.899035209862245,4.892800562217965,4.893812080665492,4.8976659154959465
678676695937521528,376378762,24,4.67,4.641933556089655,4.679421397959857,4.700604935014286,4.497262663555359
685836034549746906,376378762,32,4.53,4.518477156811107,4.6320743243392535,4.613742825116586,4.5088511639484645
686216287495430820,473325492,15,4.93,4.8653358762927805,4.715173110880572,4.7897715514895935,4.797542805972832
690489369849081585,34359250,9,4.56,4.4991501592304886,4.611908523882642,4.621943347536386,4.670588737781354
693310163665082328,105937596,3,4.67,4.4091512945515126,4.564073396491404,4.619961318465947,4.692288733948127
680223823169671749,174706944,9,4.56,4.490226318980489,4.6152216560326424,4.6260013017638935,4.570183797770818
694616838963571270,16857444,1,4,3.783255750422537,4.478237840350166,4.496201443473166,4.585621671146397
701525927468266997,77352565,12,4.92,4.846282121151941,4.695261376087039,4.765817494762285,4.822897471938481
696675445060336781,377059,6,5,4.816634516489227,4.641550510039222,4.6938943676889355,4.733641385002212
699688762503101721,266965831,21,4.48,4.46414545217384,4.61674936290502,4.586279486478394,4.577100615928134
717323003160843165,56828592,1,5,4.231066106547537,4.498347272775166,4.498229860672242,4.655102232821141
713061244740355343,422606323,8,4.88,4.757863440610679,4.653286351293619,4.723867480726586,4.734113060682312
726631314596410200,317985527,20,4.5,4.480569152514232,4.621790034384969,4.668540430812059,4.486738478460674
729460781307589853,190564706,138,4.88,4.874410981929237,4.856259558117734,4.866129886698703,4.869752217190219
729692989725313899,435093271,96,4.43,4.431815326715083,4.545912199155492,4.497493385354637,4.52483940699542
729497179176718045,482033037,5,4,3.9824368326638044,4.534424083864334,4.530546009508065,4.33506946798638
729769289580321660,138369952,49,4.98,4.961595287842191,4.852057991102398,4.88409459146451,4.903594450256555
735638622209468548,30396063,3,5,4.655784187701513,4.582693078516404,4.6217489496648,4.619751552061974
736043532747640055,482033037,119,4.5,4.500836251127206,4.583838288192237,4.558218380027636,4.482519486434054
736044144011034308,482033037,169,4.52,4.518413486360028,4.583845777458723,4.570448098436257,4.498628322097098
736044443971390574,482033037,13,3.85,3.8645328114662827,4.478031269929445,4.315718597738228,4.376274259079387
740350635981679341,57261707,39,4.87,4.848470350820258,4.782785656445682,4.8244977137190475,4.838762877313711
741964108662709568,190564706,49,4.82,4.8058329139671905,4.7747076182773975,4.804725154386071,4.821251279766534
742065051866513093,429139117,3,5,4.650184653376513,4.584952803666404,4.618247079740222,4.782151059071368
769634779158122323,37169658,43,4.98,4.961916197736645,4.841255751533556,4.875240208996772,4.898023318296886
774696321821325313,20252170,85,4.85,4.8428010714961465,4.81712816909279,4.837142805773256,4.739490183546339
770851697605034385,136235502,24,4.88,4.8478358112146545,4.748914878409857,4.771348048169938,4.806793452561615
764681158884764348,387128792,2,5,4.507812731785251,4.548574836322984,4.572326355020471,4.658882635949639
776578486226372013,444801189,2,3,3.283018376610251,4.4666441289479835,4.3635542816673185,4.00955614335888
776578538740800043,444801189,3,4.67,4.421774548951513,4.562785576916404,4.619306053082248,4.029786181951649
776578592178629448,444801189,11,4.55,4.503227918935766,4.617607877688781,4.6616449617092846,4.09061654782038
776578645923451232,444801189,3,3.33,3.473760477576513,4.482296988441404,4.434675721828154,4.028311669645618
776578697715750262,444801189,2,4.5,4.193660289010251,4.527184345547984,4.570439662910839,4.011135567215554
776578754842289728,444801189,23,4.52,4.504006119162547,4.629499389153678,4.608087327539095,4.126658850861811
778448069427482379,444801189,12,4.33,4.301210259901941,4.579021128712039,4.564957265376715,4.093741456276714
778448121729364658,444801189,10,4,4.002525103376518,4.523867440812151,4.51873275894734,4.084102839021081
778448170695661362,444801189,6,3.5,3.578702292789227,4.478846801014222,4.3943547754637065,4.059453824371883
768033956012564846,87475436,48,4.98,4.964842456152369,4.850090045432674,4.882250246271138,4.923968696207194
768034306937841820,87475436,6,4.83,4.668103125114227,4.622650369164222,4.702410359378618,4.8276614734358265
791289466094151880,37169658,1,5,4.215357225522537,4.498808328200166,4.4985957730226325,4.724017354106668
785685462989328038,313817165,75,4.75,4.740666971084048,4.75242551914474,4.751518363788535,4.764925133907214
786732694026585402,20985828,13,5,4.910909698091283,4.7181147690794445,4.77436771388802,4.803988154319631
798510409012663089,266965831,3,4.67,4.417645493601513,4.562242819641404,4.619943569056144,4.488764402246156
796074686503928940,56828592,2,5,4.504699847385251,4.544724650147984,4.577096613656897,4.687232055385
799262039246663679,104779347,29,5,4.970149299878199,4.805619864114127,4.846512663834909,4.8769131364290486
796241521558999854,30764926,3,5,4.646294831076513,4.580347229541404,4.621001219597283,4.7765474976697035
805157854295145655,485046847,4,4.25,4.161806343022965,4.550870938420801,4.4886004413838965,4.601235325677967
800038879374450000,9675420,29,4.86,4.8301396203281985,4.755592884814127,4.7918894630101825,4.8074988849358835
812812556092459726,4868471,14,4.71,4.655960073382578,4.6611709539616,4.695910331389524,4.7214051131196015
807350759117320695,37169658,5,4.8,4.6060982224388045,4.605234464839334,4.676198569828911,4.797989864863192
821870575715971956,12892053,58,4.93,4.917108844540913,4.840937949511945,4.861834439952117,4.881411522210593
821102152381558020,14198413,17,4.76,4.714257259879878,4.686016622878622,4.722744023321171,4.7429837455049695
833399595145603813,7872766,5,5,4.776731945213805,4.624200075364334,4.676456836901938,4.725197093349883
832026840280098281,502195315,47,4.91,4.893976294696854,4.815156714275786,4.841611626674311,4.857868895371003
838454459580226978,28601889,7,4.86,4.718737841969864,4.640365835788781,4.713382457890828,4.726038041650901
840695108073942556,19211256,2,5,4.494619001485251,4.548997902222983,4.5786064158545265,4.658540195488051
837360777657095591,793088,38,4.84,4.818773120610568,4.768276058109871,4.77282229195241,4.879724556023626
852928940828023753,58672229,85,4.81,4.803478987971146,4.79122544119279,4.807856836646342,4.828969024620185
856645855614289988,502056149,80,5,4.9902050189646605,4.906678512230604,4.911648326507758,4.9503563035435
858136595662134324,502056149,123,4.95,4.945293008224399,4.900789738827042,4.896470639680711,4.9674802370812
860525184523454390,218375852,4,4.75,4.541046559497965,4.587288918645801,4.652934558437805,4.677406824128684
858503194310434597,66766128,1,5,4.222421519597537,4.496557356125166,4.493607832384179,4.613787453591097
867429474765842828,444801189,17,4.65,4.609023845604878,4.6570517234536215,4.7240161378658065,4.1125212902129
867432835339398917,444801189,2,4,3.8920058015602512,4.5095262247229835,4.57801211200219,4.010761659936952
867897033976645389,509697234,18,4.94,4.8847127655932026,4.73827615270546,4.804882547297915,4.812650203266724
871661345763802824,494482680,8,4.88,4.757461160235679,4.651036332368618,4.723608787027352,4.7394184260240255
872200314372259390,239120332,2,5,4.502903647185251,4.5492334454979835,4.5750188035474375,4.671832863728154
877994221843806861,1442539,27,4.96,4.924623365234464,4.78614909392388,4.841115197205782,4.852235484398943
881912784317448375,83941741,42,4.76,4.746300169711554,4.737028382227837,4.735473290876878,4.794801242014031
873827807661672719,482033037,1,2,2.8964336779775373,4.435431120400166,4.248895896249352,4.261012947554866
873827962315519343,482033037,10,3.8,3.8199911386015186,4.490104825612152,4.375791546011012,4.3656481399948905
879188426924364943,512103531,72,4.81,4.80089311401863,4.786455950401095,4.816236797763145,4.809060775910412
879764796854232046,508078144,20,4.8,4.763678404089233,4.706531633584969,4.746243671081986,4.765558548934473
883793715497619727,472928637,12,3.75,3.779543947751941,4.468356808087039,4.281376755881909,4.450485440473947
888367905940956010,315172847,1,5,4.212084375372537,4.499808296875166,4.497975397418158,4.491936751062611
899801626845630814,391349079,2,4,3.895796864210251,4.505770280897984,4.573370950014823,4.596806333656178
894276797036246236,54887972,2,4.5,4.189057284160251,4.526023530722983,4.567952684689847,4.62853342111564
902340402239938982,72740201,7,4.86,4.721492183844864,4.639186833163782,4.715197800068577,4.723486207788671
904860150885783507,517837368,4,5,4.720478396572965,4.605992986595801,4.649254506881519,4.702395713832549
904891065918691041,239120332,3,4.67,4.417440326201513,4.562099933541404,4.621000103342039,4.689497985833185
903497583077289008,65509081,1,1,2.4492121822225372,4.415196734000166,4.24492145505063,4.492925372321636
912465422320924395,439156774,6,3.83,3.848159454464227,4.513550739064222,4.382181408208027,4.448859297863169
907103724903381041,376378762,15,4.73,4.6792815109677806,4.672092627005572,4.704554416168693,4.4751015117444615
915040684281314663,2639063,101,4.73,4.725967898913437,4.74280843584816,4.745088845833034,4.45102886774422
915075071153229709,512103531,71,4.77,4.763934744560016,4.761262578549756,4.779952212643869,4.806829053846501
919510181981872158,145338200,195,4.81,4.8090145277615255,4.809220941834851,4.819572046138873,4.809031493986027
911117058226848369,176087226,7,4.29,4.2319392977698636,4.566375477188782,4.584647737848363,4.604351837043886
920403672257513048,7679576,36,5,4.973848970780916,4.830415291503277,4.860672086221139,4.941117105494361
920865736201863646,7679576,18,4.94,4.8813782191682025,4.74063872103046,4.806023641605342,4.909158421027409
922351083405004241,5159168,9,4.89,4.783196236130489,4.665482609732642,4.736459374681264,4.682181821887523
932500257023385827,45546582,1,5,4.226122222422537,4.5005904680501665,4.4941389172150075,4.593410508965236
929470553085091084,53807062,14,4.93,4.8587818749325775,4.7119694430116,4.784333585967246,4.758579248009459
930408227701960564,132857910,11,4.91,4.821519715335766,4.684392324138781,4.761205181483798,4.757787993499559
931182516546192654,16123823,2,5,4.512723704035251,4.544677406372983,4.570541397668805,4.659449979392047
933958760650033051,525245643,44,4.75,4.7392998146611935,4.7366908702344155,4.7434519692049975,4.760772825214518
934517152119895894,199422546,15,4.73,4.67717530926778,4.673847087430572,4.7067648380393745,4.729469734020642
942723431225969033,242045977,9,4.67,4.5848485628054885,4.632245277957642,4.625129256790031,4.6968826931282
936766201734514986,4954454,45,4.82,4.807129736421756,4.76802672222181,4.798037066330301,4.803992721450088
943262432591740434,126908133,75,4.56,4.557421826909048,4.63784979919474,4.636541339628125,4.471633092665524
941073007255709447,527211325,13,5,4.9103783142912825,4.718000471754444,4.775000096724512,4.803502227614114
944054303265751249,376378762,3,4.33,4.177637970101513,4.540262721416404,4.4417382733875135,4.400151387224325
946853892739117856,65889173,7,5,4.837511151094864,4.654470477413782,4.7132922058163995,4.753193536953204
947629251970227104,3109728,60,4.68,4.669680930093208,4.708979558651207,4.705611366361004,4.681747999396574
947676763211648135,3109728,33,4.64,4.6254748621897415,4.679173171855019,4.6881179338254695,4.6548466886851925
948434279635964043,3109728,54,4.63,4.6236875243971784,4.679789015496698,4.6838110511194815,4.67651382356317
948434554472233490,3109728,53,4.6,4.594944081702081,4.665086809664123,4.679943743385587,4.674479934544581
948435094816432993,3109728,26,4.58,4.5607689843289965,4.649488476527262,4.638017452847499,4.64280995734832
952088496274428707,132503751,2,5,4.515001269760251,4.5474098648979835,4.575513824556447,4.656576614615442
949190816881382130,450528902,7,4.71,4.603204078669864,4.618158110013781,4.58803642975569,4.368015748419845
953388176988378110,376378762,5,4.4,4.307638294263804,4.567209189039334,4.533175881926658,4.423093516141066
949902124533971909,317985527,14,4.21,4.194898650982578,4.554264750786599,4.473922594816481,4.468242068975066
954101542774918207,30396063,8,4.38,4.321737557585679,4.582058841143619,4.611035938820059,4.663892404956591
954216430249013554,376378762,1,5,4.213507353972537,4.495549598825166,4.496798084177857,4.349687639795148
954318887662503380,530880592,12,4,4.003458093851941,4.514216540612039,4.4280152635258005,4.417334908024938
967163876317351630,77352565,58,4.93,4.919228199865913,4.841115449761944,4.8631780720284405,4.89490235770887
956359498516834049,530880592,6,3.67,3.7165827257642268,4.495847141089222,4.397578056600198,4.385865459566323
968878280206734921,534539300,1,5,4.230589886472537,4.500489131075166,4.494723751751206,4.615318448850361
973348218468008659,1344631,37,4.84,4.817071623695771,4.766094872638111,4.820234131094134,4.810737343687411
957897507406106224,5159168,4,4,3.962567113172965,4.528819926245801,4.487709844025322,4.6427521878677425
974607877832317825,162523434,2,5,4.505384214935251,4.550770455547983,4.577113469378801,4.684005340152831
976145338071381948,29390733,37,4.76,4.745262713520771,4.728312687763111,4.767055158300605,4.7340027624278624
982486917525311709,450528902,1,5,4.218154052547537,4.500138604000166,4.500470014415578,4.278095488696966
982602034839080372,44498654,26,4.77,4.743361163778997,4.714745205602262,4.780095112838391,4.760734213349235
979417735202528065,525256637,5,4.6,4.454334148888805,4.585533874164334,4.526459514460454,4.509126392166259
983168588874222250,507885601,62,4.84,4.825563505375215,4.796494291279809,4.8345692888138085,4.82374105257137
988478763705302099,29390733,31,4.65,4.638373988112502,4.677656449856992,4.677347925300986,4.724615023523687
988852314063637533,301321596,57,5,4.98467872302683,4.877727632853291,4.892828449808041,4.923441806949221
984112053687962476,357313258,17,4.82,4.7735834437048785,4.701777752003622,4.722857589639733,4.766145291843912
984586718065107887,30764926,3,5,4.646868093676513,4.580461072691405,4.623631478663379,4.777196592340488
984712273692763002,2215101,2,4.5,4.208935080360251,4.529784878947984,4.5753889403962225,4.627206768747969
985909189546704433,77048367,42,5,4.978517938961554,4.847573787477837,4.872559883677734,4.909384092997375
986204180082676790,20900462,31,4.94,4.912192534612501,4.792822360156992,4.851044404513477,4.850267888476051
991042055414981912,538262651,3,5,4.645238797701513,4.582715755616404,4.62185616190835,4.687858539956306
997195594183591223,444801189,51,4.04,4.0475324984838545,4.37827568576986,4.260491165272863,4.156445667675325
993237685679989694,536783854,1,4,3.8000760214475373,4.479602823325166,4.499017196583317,4.583709603012582
1002606619297839733,490072858,1,2,2.896487048282537,4.436408372325166,4.2479145889947025,4.524022536732501
998192150610665028,83501655,1,5,4.218906183747537,4.500782469450166,4.49416831363905,4.61825224933623
1004064888383226516,12656715,2,5,4.508803580185251,4.549137107297984,4.574383822737833,4.656289458672142
995638673223149306,521399150,71,4.83,4.8221303765100165,4.799197728899756,4.815461349607797,4.810077498202786
999854824366659720,507455643,15,4.73,4.679121096317781,4.675049421830572,4.70734689385804,4.784943522804842
1006294016149284523,79437066,9,5,4.875737782380489,4.682887728932642,4.736944634168672,4.661775737088755
1006303189782433649,223328645,1,5,4.227339768447537,4.499746769700166,4.496082503120252,4.61770507497488
1006423948701723262,450528902,3,3,3.2428193419265128,4.463195347466404,4.4468002484867615,4.326344561984632
1008631217155197102,33994432,12,5,4.912632256051941,4.713310633562039,4.76849634408409,4.796120987992276
1010837048972025218,17024842,31,4.97,4.939827839837501,4.804242147781992,4.851260108338203,4.8652311373456945
1014711896434902627,453987649,1,1,2.447993501077537,4.417538576075166,4.250639882850522,4.489942254300001
1024004898033534478,104637239,17,4.82,4.771998837554879,4.701704651753622,4.723340182303858,4.7621264981098586
1022497836411589094,429139117,6,5,4.810878964939227,4.641945320264222,4.698846315324786,4.813547161059462
1025964257667072002,546773733,8,4.38,4.328745159510679,4.580494381143619,4.612317484135092,4.67309708974073
1025982885441793850,86491860,1,5,4.218838462022537,4.496437360050166,4.495680653383036,4.616921412075663
1026758392875628362,4250965,19,4.95,4.900201197172854,4.7482906188870535,4.810791716029194,4.817389782067858
1026886167803080025,526690276,99,4.91,4.902291647143717,4.864454696921256,4.879001255172364,4.858136696383245
1027702781305743736,58672229,49,4.84,4.82771399326719,4.781363138877397,4.802781099852929,4.806086656189984
1030623626345793425,240473406,74,4.22,4.223480415833484,4.432917207985929,4.372284346802687,4.32737843016276
1028840257722836368,266965831,11,4.36,4.318076674010766,4.58193904471378,4.540598197289128,4.546931229861148
1031202037873056577,211122140,16,5,4.932708168823393,4.7416152252914365,4.795733434899341,4.822328683648535
1031365869821227693,176087226,5,4.4,4.295523155988804,4.565563856539334,4.538925050425611,4.589388383893553
1029155491376456342,547436567,16,4.31,4.288342293323393,4.571148198791437,4.516163633890605,4.571869990806262
1029177853126412665,547436567,14,4.64,4.599831836282578,4.645593318111599,4.698554434213244,4.568421269706684
1029566270822346387,527420206,29,4.38,4.370505002603199,4.574314268914127,4.583948592428164,4.570794488503443
1032255778629610216,538885251,3,4.67,4.407760985076513,4.562356390566404,4.617548372675787,4.6616610881457925
1040078679754379129,502056149,73,5,4.989988374924085,4.899309063538534,4.907718884042995,4.945989642386862
1040506578154044024,444801189,9,3.67,3.705816977255489,4.474034129782642,4.342211603295856,4.07742057900662
1042875893598482018,79437066,35,4.6,4.585802953961132,4.661116824852949,4.63605791428643,4.720932230814668
1037510836436891780,502056149,76,4.95,4.944134376648282,4.872310595357688,4.882015552907412,4.945941822356125
1037677965702115179,502056149,81,4.96,4.95395808811344,4.883961027565118,4.8891979338192355,4.949350813892091
1037737232563652643,502056149,169,4.96,4.956903070435028,4.924624067833723,4.917037004298902,4.981373238316322
1041787453373119100,550032475,24,4.17,4.166955468114655,4.513408900884857,4.437523607602536,4.44070107715163
1045373433953987535,426183480,2,4.5,4.197251960110251,4.527414244497984,4.576005253917299,4.576838214772027
1045658483727717972,546773733,10,4.7,4.625926053676519,4.642866333212152,4.646115032778652,4.6843560223245415
1052930414568357321,304485690,70,4.86,4.851251770923845,4.8124315098257675,4.847245450306812,4.83677920496398
1061786159514355182,554524992,39,4.87,4.850012441945259,4.784810772945683,4.825691241522204,4.825522284222782
1062501589210987782,547436567,7,4.43,4.358331017944864,4.587768680163782,4.585030899237327,4.536181792563017
1062535175153339363,500424022,1,5,4.223304972647537,4.496191882225166,4.495692641919741,4.652390083731196
1058644991912146267,124481537,17,4.71,4.670224447204879,4.674013193828622,4.723125304500566,4.722513290502167
1068949974031764008,226522409,31,4.16,4.162652413187502,4.490433560506992,4.358599313226174,4.292346967374583
1070920838587432366,43476494,15,4.73,4.67513981601778,4.672578582205572,4.7070914640435495,4.727107024202551
1074535782040873864,310668602,38,4.97,4.948031455485568,4.824116998234871,4.865817042745462,4.881162081892147
1071019981127383232,43476494,34,4.74,4.724072775392592,4.719507245501439,4.755933187371309,4.765031520488969
1074644225900597289,550032475,28,4.5,4.490761108495292,4.6252418978344165,4.573750534226247,4.451680753730699
1076059772128071339,110181866,5,3.4,3.5038588761888048,4.474014390164334,4.346772727520708,4.499945923223915
1080998139638234454,307835849,8,4.75,4.646346117660679,4.634050082743618,4.730185493166345,4.709307257429876
1081053006222775561,509387733,76,4.92,4.9088589472232815,4.854038430582689,4.853522138411072,4.966352442983932
1081178896335119524,546773733,4,5,4.7116456115229655,4.605774778270801,4.6558715010989005,4.643038562729987
1089920750123148617,536481312,20,4.5,4.4784120354392325,4.6222629075599695,4.6629206784660955,4.6469195749432135
1078833631814885092,7165149,1,5,4.226522317572537,4.497338230075166,4.486419127095001,4.619038172715753
1094103765347655618,450528902,7,4.29,4.2346939427948636,4.567843941738782,4.594296322545276,4.367099170558842
1091914065769260881,550032475,54,4.39,4.391782139397178,4.5511426840216975,4.524389470181331,4.479137326008171
1094994386369550740,198567712,24,5,4.955390877539655,4.787845402934857,4.8321847030334,4.859680886493169
1095825386185728457,507455643,9,4.89,4.779632665280489,4.661778055657642,4.7383007323856035,4.761924011756507
1096065973158586190,376378762,6,4.5,4.396003334089227,4.587867036414222,4.567048614631232,4.431790045375837
1096081260129095657,376378762,10,4.5,4.450251828526518,4.608186982687152,4.645992234767966,4.455397967875237
1099408996071551863,5051588,3,4.33,4.187379806326513,4.541309599191404,4.4441750647834715,4.626913272780106
1102920310854593750,162523434,13,4.77,4.705430199641283,4.676117163854444,4.6846533421881125,4.769438420233482
1100120212700829457,530045075,8,4.63,4.539616546760679,4.618877942218619,4.6097840401270735,4.687424908106316
1110174324396229673,285087928,49,4.92,4.902523789767191,4.822821230352398,4.8476388337979435,4.867475082614696
1110895381172412653,16018048,20,5,4.951313513614233,4.766250538459969,4.814189999404579,4.877821696669157
1117428920373606082,567074965,15,4.93,4.862152324267781,4.719275266605572,4.790208253874807,4.847512549334824
1118799282837615677,550032475,6,4.67,4.544514239039227,4.608747803964222,4.693314482075018,4.380992648300601
1115285644506865913,444801189,13,4.38,4.348022143241282,4.5906269307544445,4.573866447117701,4.0976259488684725
1120145321125327872,568855197,8,5,4.854744355510679,4.670352923118619,4.727414395896694,4.762676457686401
1123120666873370284,32418464,1,1,2.449530861062037,4.418611827050166,4.256374261152026,4.488510317838109
1126783805718235291,219044227,3,5,4.640541726701513,4.578422316291404,4.617468842330961,4.69766494017358
1127479111366606020,545768731,20,4.2,4.192591478589232,4.534809894834969,4.471145739737442,4.496433334107434
1127479135420814197,545768731,2,3.5,3.5819813865852512,4.488800286122983,4.373562924038155,4.393265750653355
1125228268235939822,69169360,51,4.96,4.943127627858854,4.8460699588448595,4.851164728744103,4.891692082062713
1129612054996772297,16018048,13,5,4.920764619141282,4.7182344486794445,4.775376728405344,4.85772307174287
1139110950816700982,23892898,22,4.91,4.86872725174848,4.748283374186598,4.820231217848035,4.815414678564636
1132629100342171286,525256637,2,3,3.294658576585251,4.4714381936229834,4.3706379033171245,4.465657151967336
1136301296452358114,139274235,36,4.83,4.807069414605917,4.761146158953277,4.766265051974931,4.79866788753912
1136430272628020520,176087226,1,5,4.228142611047537,4.496287718975166,4.492124991356551,4.516387168830701
1143474334377519414,43001711,4,4.75,4.531171752872965,4.584262883820801,4.650078439353576,4.675712485843379
1152069646309724166,141215644,17,4.94,4.878761253404878,4.734149166153622,4.802093265220129,4.806281197110988
1148533303072359446,574186754,2,2,2.660244516947751,4.433208797147984,4.1062616188131305,4.24557225143376
1148533377331145828,574186754,1,1,2.450376103212537,4.414569738825166,4.255367417855643,4.214957745311095
1153649967600272030,521399150,57,4.81,4.79921767780183,4.7747581624282915,4.785354251825153,4.799750262745175
1150837097364429336,88977356,46,4.91,4.890409783475261,4.814757380401495,4.843402853260932,4.855023946938358
1155687637016939479,115531705,64,4.81,4.8050649578488205,4.781109656662071,4.798835069666713,4.806222956529776
1155590978848153731,67879182,2,4.5,4.200203342610251,4.527743101422984,4.583274676754595,4.625658842240446
1156289873512198479,30764926,1,5,4.216297943372537,4.500160064400166,4.494582239576448,4.726475969111521
1161609352106143932,45303483,89,4.99,4.980253300622829,4.908898176487895,4.918358686300296,4.942221808953916
1158479362107766260,266965831,3,5,4.6367555798015125,4.583184030891404,4.621284251300912,4.489781239577463
1158549248696437569,525256637,3,4.33,4.173764171151513,4.543255914416404,4.443389450062985,4.485777546441878
1162155837606455699,574186754,2,2,2.661462520890251,4.4274860113729835,4.111822298104857,4.245548748268467
1169353703753529264,240473406,60,4.55,4.544604976318208,4.636386851226207,4.61295682178014,4.327201795122664
1169548984442372834,793088,25,5,4.964323540980073,4.792696622803502,4.834316504147615,4.862705973385747
1178178287383251282,429139117,2,5,4.516460415235251,4.547913273197984,4.5775911110453595,4.763246112318375
1176761963922471966,145338200,133,4.79,4.785563277820181,4.7904639800756685,4.795352647324452,4.791752806872316
1178214247782955039,429139117,1,5,4.221794764797537,4.499289510975166,4.493674170369837,4.731743951986577
1181890397113219660,304485690,17,4.94,4.885827446654878,4.732392384428621,4.798991431718995,4.772324322926442
1178392746616331098,122267707,9,4.89,4.780023450605489,4.664819168607642,4.738513106390634,4.745292693067816
1182367263380961496,577476392,147,4.9,4.8952778558461665,4.875632723743635,4.872503425170204,4.88785810664841
1183802748836943508,547436567,6,4.5,4.398493681614227,4.589170154439222,4.562131085536076,4.529054239843408
1187473510604218118,57261707,8,4.88,4.756833855585679,4.650699942418619,4.725482931780205,4.76571213940313
1187690181923391341,527420206,63,4.62,4.616839058652816,4.673836498846258,4.672717798859103,4.60942260481985
1185617602045719843,11943107,8,5,4.861273311160679,4.6694896549186184,4.72588516052196,4.756977848890781
1188931782581447978,429139117,1,5,4.213241896797537,4.498400537450166,4.496491372227935,4.731956004253381
1188932381059345324,429139117,1,5,4.202771720872537,4.496650010700166,4.4962956508635825,4.732054815129519
1180945483986554701,232614123,20,5,4.945608831564233,4.767129217759969,4.813708051328113,4.878273412667362
1191133709325261312,449647062,37,4.89,4.869766996370771,4.787245665038111,4.817702641978922,4.835456780011865
1189982328778993950,586495487,6,3.83,3.845021999764227,4.514921745864221,4.390442540649474,4.547715149956501
1190382698240950635,202807340,8,4.38,4.321967610310679,4.582059918093619,4.610812969931318,4.670161376810396
1190641412533653440,109855854,12,4.92,4.8395702432519405,4.695851743187039,4.768955724596743,4.775306886224022
1195010526507511753,9895072,2,5,4.501929519335251,4.548849266747983,4.578796304110273,4.659846880872905
1198576064355101848,50531253,18,4.94,4.888451092393203,4.738497648180459,4.80583127974317,4.817201921619248
1198745449366930615,512103531,58,4.84,4.826434553115913,4.7912390300369445,4.8252599180984745,4.80023205072068
1200218105805236684,589683821,1,1,2.446452011341537,4.417173795675166,4.25523729212308,4.48711057951955
1201996822527081929,590137557,18,4.56,4.533766984043202,4.63837510205546,4.644920950043598,4.673117057363568
1201465713543476409,589997828,2,5,4.506971952885251,4.549425711972984,4.576025601313413,4.659501275400779
1201564063862458539,50531253,40,4.85,4.834512227126947,4.775351442182787,4.779387910391612,4.852547671185868
1208434115166212578,567074965,7,5,4.847682846744864,4.658318971463782,4.712023466189787,4.812325001622892
1208816151147394773,18443050,2,5,4.5138725373602515,4.546448587922984,4.576115653101997,4.659026458674257
1204285147395112412,8990717,3,4.67,4.406400774851513,4.5641067626164045,4.623839844607589,4.578426060611878
1206029054703520289,450528902,1,1,2.461453649791037,4.4206457951001665,4.248835303369985,4.276605113368518
1213640057983697894,546598842,96,4.68,4.677263421165083,4.709811461555492,4.703411222040797,4.738585758719577
1213640332916604260,546598842,12,4.5,4.454952987226941,4.6125253069120395,4.562796595823822,4.6448982336589335
1214217735747791171,291080171,5,4.6,4.4549953666638045,4.587026148714334,4.533238663383052,4.667198325164269
1213640333398656935,546598842,24,4.88,4.843151986289655,4.749791350509857,4.772074345830217,4.679881483990853
1213640476818817544,546598842,3,4.67,4.410382171876513,4.561510010691404,4.6155019618353865,4.5823650290095825
1213640743360570000,546598842,22,4.68,4.65184731312348,4.680281396936598,4.683643124000707,4.673829426521391
1216761701839992615,3109728,36,4.78,4.762290560330917,4.737033344753277,4.763224169473284,4.660760762966478
1221129718321029208,523293967,5,4.6,4.452733565013805,4.585549319689334,4.529993102277457,4.672376228535839
1218172317666687754,439156774,4,3.5,3.586549099397965,4.488991789020801,4.288140928900613,4.429657728369223
1223097135826982722,596123380,1,4,3.786207895897537,4.477923355200166,4.497532880545914,4.465556407195745
1223097219052821455,596123380,1,5,4.227312443897537,4.498825324475166,4.493654972919086,4.466210817647925
1223097452675479537,596123380,11,4.18,4.162326896110765,4.551838947288781,4.538051076313986,4.573894719764141
1226961735629058320,3109728,37,4.73,4.713418998570771,4.716400901363111,4.769595581097729,4.660977675091678
1229631307852338541,232614123,29,4.93,4.899480963278199,4.781424245839127,4.792190420753652,4.895297311699612
1230384147129717772,450528902,2,3.5,3.583368640110251,4.489539397622984,4.362657179876648,4.308755841778976
1228029718549970881,25492815,24,4.83,4.796572242739655,4.734237429459856,4.770779903630849,4.785673362089962
1235361486597812288,29390733,17,4.71,4.664064504729879,4.674529046803622,4.726125743882139,4.698518912185654
1232782028187213495,589041179,5,4.8,4.617834747613805,4.604020094189334,4.678580460693523,4.693318460754554
1233278325660312154,538885251,2,4.5,4.208508258735251,4.524370906972984,4.576026931450252,4.642524611812693
1228963890755373531,450528902,1,2,2.891271936522537,4.436073196475166,4.255496812717519,4.2765636897003025
1233401594124988779,42888687,6,4.83,4.672963522239227,4.621011825139222,4.69506506986616,4.708911500892247
1242599514426929895,444801189,3,4.33,4.179138636776513,4.541898307566404,4.442442685196342,4.029502080803345
1242599598674680142,444801189,6,3.67,3.7190975448142267,4.494767927214221,4.393644914751934,4.060075674212589
1242599690527390043,444801189,44,4.32,4.314348696636194,4.531672916359415,4.505455769496731,4.155023266220885
1242599774475604279,444801189,3,2.67,3.0118795073265128,4.446750449516404,4.213419793443041,4.0272369278538385
1238356862296152250,650183776,77,4.66,4.657759332183093,4.696825212052397,4.6807086145274734,4.700709230838871
1239087592369786950,3109728,38,4.68,4.668562510235568,4.6972232746348705,4.714513595766781,4.66149549230309
1243902698483979623,538885251,1,5,4.245805961472537,4.498717462550166,4.494505686486201,4.610496824703734
1239709630772844685,219044227,1,5,4.212714120397537,4.498259647075166,4.500576871898708,4.647156376339016
1244146003211546691,538885251,5,4.6,4.459885454013804,4.587995613939334,4.528608163938844,4.684819437326175
1244363682891199066,651684707,101,4.75,4.746375660963436,4.75629785204816,4.773182017027987,4.76475472118948
1240814017497785758,239120332,1,5,4.216147290072537,4.498803613675166,4.494852453523509,4.639779106285405
1250543868146085451,653251907,1,3,3.330872710297537,4.456654626450166,4.251642259559427,4.14510791679663
1251295691786540006,653251907,1,1,2.457179360847537,4.419991709525166,4.2576036859293085,4.143341471078625
1251688513236099284,653251907,1,3,3.347263337447537,4.459266650725166,4.250102852520689,4.145050745094803
1252919253474370392,653251907,1,1,2.449924551140037,4.418070344250166,4.256289870244831,4.144372919837174
1252923984351406234,653251907,1,4,3.768642585672537,4.474047904275166,4.4954563555022835,4.145800265999511
1252929924477440412,31574706,22,4.95,4.90480904644848,4.762056548411598,4.826297607157207,4.832054723799239
1252943656291499772,653251907,1,4,3.778021253747537,4.476479994750166,4.500806218306313,4.145792463858423
1256388822891435508,202807340,2,5,4.505482614335251,4.551501974347984,4.574245672405102,4.607809117601417
1253564784449627845,653251907,1,1,2.464053761620037,4.416233979550166,4.241786807419188,4.144253870513078
1253587280174778136,653251907,1,4,3.761300118022537,4.479791857375166,4.494346720503972,4.144953824375185
1253599389478313647,653251907,1,2,2.881064637400037,4.439352221175166,4.2476790586864,4.143598612933958
1262776182174362766,413543613,1,4,3.7790930935975373,4.478434984525166,4.5030635659529326,4.586350484588873
1263577187252877964,311130131,1,5,4.231878018497537,4.496888975975166,4.4945569999592685,4.618552265147581
1264609551506252026,41880004,1,5,4.2114565466225375,4.499376476275166,4.501770273949089,4.618450044246353
1265232973260911329,19532465,12,5,4.908197468476941,4.7111322641370394,4.766410364615005,4.795822383302115
1261091786163331413,174706944,26,4.62,4.602150733453996,4.667352059952262,4.712584315769079,4.618557783466721
1268718911799011214,81450735,13,4.92,4.845918599441283,4.701865760904445,4.772988442962836,4.778420850074117
1261645886905055697,74155715,11,5,4.899707447910766,4.70273606473878,4.7598697886140835,4.859680560853013
1274109647192902030,103518243,15,4.67,4.62522796801778,4.658901424980572,4.710112732921712,4.779288052224432
1274564348848796606,11991251,1,5,4.220431583197537,4.494932731075166,4.494138982081148,4.628868766887785
1272652562496603143,595762855,5,5,4.780205288463804,4.6271537768143345,4.671023663370919,4.719403010166136
1280929012000972871,538885251,2,5,4.522940153710251,4.547148599822983,4.576950547844908,4.6422480066984
1277015701208531066,538885251,5,4.8,4.623086137438805,4.606264577789334,4.6747300294108305,4.684642889506725
1282369776939900828,660456356,6,4.5,4.408154517864227,4.586128949389222,4.559725963473254,4.520951454666377
1283188670426635363,429139117,1,5,4.227061340722537,4.4949310609251665,4.494381943538521,4.73187252147466
1283275732602800214,538885251,1,5,4.218209865422537,4.496231493500166,4.494497917998317,4.610967703791752
1279111575605026319,316474752,7,4.71,4.588798775119864,4.619837548188782,4.591341774475172,4.658915271110462
1279125035446904038,316474752,13,4.62,4.571638806441283,4.643444160904445,4.6873881933295385,4.687601639441719
1279139355417265928,316474752,4,3.75,3.772931352522965,4.510601009820801,4.493438898056298,4.631585285262291
1279143339823899368,316474752,24,4.83,4.794495684639655,4.7297414205348565,4.770947544004593,4.716535459107368
1283513667824097724,23868972,3,5,4.631598055426513,4.581948506991404,4.621543374190304,4.669800968230405
1286022413623451010,655901152,33,4.97,4.942967561614742,4.810783996305019,4.855726359569496,4.8993679152734835
1286242325600040217,661312143,18,5,4.942414713018203,4.756003788830459,4.80709125266407,4.8331696769857
1289024455693437874,232614123,15,4.93,4.86663038269278,4.715806548405572,4.789986976722268,4.864680421858018
1287825785921147030,590507550,1,5,4.2269286495475376,4.496771881050166,4.495686188467132,4.597609127542487
1296441062763742451,485046847,1,4,3.790190655447537,4.478590098325166,4.49277866319436,4.537479997283291
1297804211105520099,415596454,3,5,4.649659048326513,4.580828430741404,4.623828130175944,4.684594359971567
1300604048397220539,664330092,50,4.5,4.497089796142786,4.61318500872632,4.61205091163803,4.491033199136317
1293330090935749565,395752083,13,4.46,4.430608525916282,4.607655500754444,4.578573963106883,4.645911514116644
1298625369286348931,444801189,17,3.88,3.8934352493548787,4.460689877178622,4.287862029250549,4.106794882338645
1298625455157042394,444801189,1,5,4.226449497047537,4.496162357850166,4.5001143249393305,3.979534777330039
1298625544628186791,444801189,25,3.84,3.8606683963050723,4.398486552278502,4.247397937046341,4.123202527247914
1298625628151837751,444801189,1,5,4.224683025122537,4.501075586675166,4.505051904894929,3.97889850093239
1298628090967193261,444801189,3,2.67,2.999026986101513,4.443482429641404,4.202492518958277,4.026622941225776
1298628177387041078,444801189,7,4.43,4.353082325494864,4.584251652063782,4.584228366085985,4.068570103956128
1301970091039740173,590507550,1,4,3.7884272227225373,4.476196671400166,4.489404862211291,4.59747286658739
1303714322730633402,540378224,120,4.83,4.8265031006559225,4.816034597024025,4.827074735468422,4.8281737616357026
1302111214917039973,664842180,1,5,4.2127078055225375,4.495110017200166,4.501394214338023,4.6139721481504985
1302215089755313657,17228136,17,5,4.940574784154879,4.7470293009036215,4.800551210768366,4.83188056151818
1303530635682511638,231621397,12,4.58,4.523781595326941,4.627444987687039,4.675471290059946,4.451852005386655
1303531132432659684,231621397,4,3.75,3.7691053047479652,4.506371917820801,4.4928483446709215,4.399974145977135
1305057668324162921,231621397,6,4.67,4.537560299864227,4.605344930764222,4.694299787978027,4.420496508893928
1305116940585276604,444801189,11,4.73,4.6587478260107655,4.6498446665887805,4.658760400580357,4.092049844320691
1305117030072711249,444801189,126,4.35,4.35148854796553,4.472771056444075,4.439485381769495,4.208094356847168
1305117385952118832,444801189,36,4.33,4.328525988030917,4.546875674253277,4.505346381540072,4.1459582366826915
1305607883704177430,665661069,21,4.76,4.72749421012384,4.69909388178002,4.752968690060775,4.750668890564941
1308158278539672239,205038144,7,4.86,4.720876672644864,4.638894863913782,4.712281816071237,4.72147442172424
1310873000759594316,316474752,10,4.7,4.630958663576519,4.642611495162152,4.649512801799901,4.675673032364622
1311596983733302968,103518243,5,5,4.770873178763805,4.623623672514334,4.672718820758637,4.730206122982445
1312487049884480025,666495092,27,5,4.964092666834465,4.80127606377388,4.840099615855087,4.867120873391683
1309598204433644642,23868972,1,4,3.781262080272537,4.4764644606251665,4.495505740516212,4.619232578138578
1313007325928066732,102520412,1,5,4.2077577458475375,4.4942507989001665,4.4910936683825105,4.61701557658772
1313091649948812499,500424022,8,4.88,4.752590190510679,4.655024203468619,4.730805004570321,4.748012850248089
1320995437385962149,2444375,2,5,4.511155963660251,4.5495408020729835,4.574801691539038,4.66017055369646
1313154475172338253,287734649,38,4.76,4.745365500385568,4.732308173009871,4.7709497679815005,4.821393459338997
1315215233287972992,162523434,5,5,4.781368114763804,4.624548287339334,4.67461733642098,4.726981161403949
1315887518350859769,429139117,1,5,4.239544470847537,4.496453481075166,4.492399156470696,4.731412927865691
1323371749117119260,669747852,50,4.76,4.749308250742786,4.74578303725132,4.763571505394074,4.770103697735529
1324842271376327087,7679576,8,5,4.859879338560679,4.671237561968619,4.724575382601503,4.872055073828722
1327596842143863096,19415344,4,5,4.724125839572965,4.607688704020801,4.653614953385956,4.70056971417143
1328117627428097988,256175596,19,4.58,4.550702469922854,4.641543971112053,4.653820284306813,4.678515023012303
1329893960156131286,7679576,11,5,4.903811176010766,4.701609920488781,4.7572717493455885,4.886783302499778
1329693092097404878,304485690,16,4.75,4.701712638698393,4.679487721016436,4.715241650313941,4.768278324336399
1332558868270237085,5211945,4,5,4.725844752647965,4.603280979995801,4.648458733038986,4.70394935724927
1334725386206953951,444801189,2,3.5,3.5846846570602513,4.489098924572984,4.366411447078584,4.009898237515406
1340536344982516798,496751383,3,4.67,4.404292764926513,4.559658295116404,4.62655010251676,4.657556558816303
1341228670970129840,6733611,1,5,4.216477562522537,4.499856449050166,4.500741493853021,4.62011608941009
1338499450382983777,674188438,1,4,3.788983470397537,4.478457995625166,4.495698294360352,4.58315000941737
1338948548732082627,444801189,3,1.33,2.060647493179763,4.369732018166404,3.9320178423918772,4.025644067720006
1342728610672695617,2774995,10,5,4.877159071751518,4.693238648937152,4.745436518347684,4.781791108247098
1344139007796030099,509387733,47,4.91,4.892518829046854,4.816374665950786,4.843410775969061,4.945031015709487
1344152878171971487,509387733,41,4.88,4.861517914420424,4.789296153010804,4.830268613499972,4.939407768044859
1344296546877910839,47015703,10,4.9,4.798144813826519,4.674795558962152,4.755349972506149,4.757846625525382
1344528328375645969,96328364,12,4.67,4.612437073076941,4.647139068037039,4.675728939930296,4.706686840078405
1343991336860365461,573795711,13,4.38,4.351393853316282,4.588923671079445,4.5780378062968206,4.62278079516194
1345552522989744981,429139117,1,5,4.211464690247537,4.493433058650166,4.492443734165546,4.731710527660417
1345601542165420247,291025107,4,5,4.730375255347965,4.605100111420801,4.653232344167818,4.702972992457138
1347628844936340414,509387733,15,4.87,4.80817302189278,4.704768625730572,4.786648591448674,4.893446532528972
1347630420339018369,509387733,3,5,4.650267281276513,4.578250777166404,4.618477101811873,4.820553196679016
1347631534156655274,509387733,32,4.94,4.908015667011107,4.792393826039254,4.855202251226118,4.9282151682797055
1347636946095925334,509387733,28,5,4.967288249795292,4.805505259534417,4.844423063998449,4.923233412890772
1345610979609788469,43476494,6,4.67,4.5452644952142265,4.606477356889222,4.700534473358474,4.6854991886655775
1348410811396767731,444801189,3,3,3.235863860701513,4.466299852641404,4.443597052012785,4.027232071818369
1348411022683449224,444801189,2,3,3.2778147960352513,4.468572299847984,4.359741987774811,4.0101411437696495
1348411206879385268,444801189,1,4,3.7733058062225373,4.474231664025166,4.495916236415112,3.9785973724902353
1346549820905362018,444801189,2,2.5,2.960708486812751,4.450706124597984,4.369565810163827,4.0090390470851425
1346549914633994378,444801189,12,4.08,4.074440548326941,4.529767271562039,4.4202635186408425,4.093041327068134
1346550007365543223,444801189,3,3.67,3.697563716326513,4.5023246500914045,4.444041055753907,4.028433712693666
1346550105782567749,444801189,2,3.5,3.5806469675102512,4.488235670372983,4.370167397872663,4.009871277597638
1339820604856822381,361085104,8,5,4.858534350585679,4.668028779268619,4.726699856657385,4.766069507876735
1351868143279762068,444801189,10,4.1,4.093835350051519,4.539414842687152,4.517236096300746,4.084164508405976
1352090668190341981,253015228,1,3,3.333464696787537,4.457229985650166,4.2574272963970605,4.280014359605521
1340157382096615049,512103531,20,4.65,4.616932494939233,4.665327741659969,4.662352564205099,4.749811895407214
1355013725572071829,677234184,5,4.4,4.2965855709138046,4.568737406964334,4.532331488507492,4.638946779525552
1360865770531852288,419807526,37,4.89,4.865110057870771,4.785923933813111,4.816957389238178,4.834656380590218
1356272248846779001,507455643,7,4.86,4.724208280669864,4.637761668788782,4.716546755353603,4.75007571162444
1356289039282508312,507455643,7,4.86,4.723589821569864,4.635754245738782,4.708185162498893,4.751139476007385
1361607815060861500,231621397,14,4.21,4.199972181857578,4.5519766829365995,4.473984622617233,4.4569996118136554
1363716259569322730,231621397,31,4.48,4.471711575237501,4.611959804131992,4.604427440510945,4.494603261693676
1359414348813111516,664330092,28,4.21,4.2076906788452915,4.515607985409417,4.400810415441988,4.460691512505088
1368203958051475927,681952053,13,4.46,4.426188620116283,4.604650584629445,4.572766541920483,4.646621838332088
1369547430699554923,266965831,3,4,3.938935474576513,4.520120823891404,4.44520089070479,4.488731531188631
1360192655978596611,527420206,1,5,4.221286809572537,4.499066370900166,4.493971209601304,4.419126727153772
1371171064833709691,682790261,1,1,2.4647366996350373,4.418625044425166,4.2600609111446115,4.490141011573142
1374595574994072284,21811744,16,4.44,4.414073364798393,4.604104049816436,4.624507034303217,4.630841082621882
1381103682798051665,444801189,4,4.25,4.156763191297965,4.544927077495801,4.497876296376269,4.04255738632695
1383327358635593457,65008078,1,5,4.213834316672537,4.500049798850166,4.4973534229511865,4.61291683179668
1387056612171060563,118193080,4,5,4.722665595022965,4.603924332870801,4.652134282009165,4.706347931402966
1385959725619264907,664330092,70,4.39,4.389460139148846,4.538906497575767,4.482626386670761,4.50254185266624
1385972281562052107,83436803,31,4.9,4.873899161862502,4.777310375581992,4.799985902908112,4.832426141037681
1386059291899358076,684939088,3,4.33,4.172210957476513,4.544251657166404,4.446968479102395,4.527020854187479
1386184819464547891,162523434,2,5,4.508844521935251,4.549208076497984,4.572299031988012,4.684357133875214
1389081363451431782,128984163,9,4.56,4.486714324205489,4.611543916132642,4.628402708025639,4.6760745237115495
1389758931686640125,684939088,1,5,4.207403662747537,4.497900689575166,4.492065441205753,4.477205754850394
1389833709819815645,684939088,1,4,3.773863928472537,4.474384944300166,4.488449707536201,4.476562563989649
1389864064373841796,3109728,13,4.23,4.213973981866283,4.556281805679444,4.45284419062307,4.6094249672387395
1390368709267205170,684939088,5,3.4,3.4991707966638046,4.476090020464334,4.342474993456618,4.548298888340292
1390518518419248976,684939088,1,4,3.7729698212475373,4.477567490000166,4.497342706910666,4.476887226267956
1390591409412161552,14412772,2,5,4.510729412110251,4.550596536247983,4.573332335443989,4.6543106157595044
1392865375906519572,7679576,14,4.93,4.864471538857578,4.7144330885615995,4.781951999135847,4.8973995678591695
1396470510517598027,49168076,5,4.2,4.135232253038804,4.552915397664334,4.531449243375664,4.616307917978236
1396606679668704588,690264601,30,4.8,4.777229796980494,4.735686704903389,4.738489177600015,4.782719099509629
1397258270693616277,689483344,2,1,2.054788281982751,4.390254236172984,4.107067075244644,3.8605852071315803
1394124781489960714,684939088,4,4.75,4.538952299372965,4.585927205570801,4.651277567019452,4.54089260161159
1401418280426101813,173856474,25,4.16,4.1639929142300725,4.505403640828502,4.450754033278592,4.403712777745361
1401485736419921037,173856474,23,4.3,4.292867592787546,4.555469634228678,4.513118114704429,4.401742326296574
1399901834288381108,550032475,2,3.5,3.591059733185251,4.489116430222984,4.3684459605258095,4.32910226146828
1400579075595506946,689483344,1,2,2.8953468373300373,4.434535536650166,4.245101006314452,3.8304763283630683
1400596395113605591,689483344,2,3,3.284843421360251,4.468876199297983,4.381532745479475,3.8626692402375244
1400603758468961808,689483344,3,2,2.529201240686513,4.406159491016404,4.212782380260639,3.878873623461004
1402681514469774530,667882593,15,4.47,4.44448256801778,4.609189260430572,4.607625971071504,4.589558903126942
1404987770046281001,689385573,1,4,3.777466837997537,4.477785402200166,4.498143778893789,4.580879536953341
1405050210776284402,444801189,2,2.5,2.981452463610251,4.4479503280729835,4.373992972052755,4.009283749977161
1405087223281370624,689483344,3,2.33,2.7712398020115128,4.428863510966404,4.2151626050263,3.879605580498715
1405090488843157660,689483344,3,2.33,2.761187709884013,4.425682749716404,4.212778948952814,3.8798140661439122
1394775661627058327,688830150,25,4.88,4.8483788888550725,4.751278983878502,4.774000761938057,4.8088054918666145
1405824786876254408,470889260,3,3.33,3.460749195076513,4.482629996541404,4.436337433206983,4.538313892064745
1406559153800480160,226522409,8,4.13,4.113277943960679,4.546022891743618,4.46650798894887,4.2321954085271685
1410644172143845750,538885251,2,4,3.888875920060251,4.507739435297983,4.575447102939622,4.642186290105886
1413597266691345340,103518243,8,4.88,4.751985164010679,4.653258092093619,4.729010119957162,4.751552953770335
1411432461920151033,9319883,6,5,4.806136327264227,4.642427804889222,4.697898123993359,4.7381876222931325
1413908775370947519,162523434,3,5,4.645113258326513,4.5809936973414045,4.623074333313797,4.70304416182079
1412214630784702582,173856474,3,3.67,3.716960277376513,4.502528427416404,4.449888110992101,4.308762995439709
1412225049592884018,173856474,6,4.67,4.544083176639227,4.608323242939222,4.701310727118624,4.342140714921439
1413058849836362201,115774,21,4.52,4.49761033417384,4.62584536183002,4.587651325829222,4.6586033312640955
1413215383429008733,660456356,11,4.09,4.0828705868357655,4.534436518963781,4.397733456383024,4.546440759667804
1416854688731031850,103518243,8,4.88,4.753706698535679,4.654123572943619,4.722991074854744,4.7516231285819135
1420891033089926935,14120962,9,4.89,4.784294200905489,4.659062713432642,4.7391836121000726,4.756197037418982
1419104652387772704,694987817,3,4.67,4.414318506601513,4.561479416066404,4.618417029516221,4.660025809941676
1423159354923247453,691418852,11,4.64,4.570231541135766,4.63645450936378,4.66161941082854,4.650988783758287
1426531962539919154,43476494,3,5,4.6444701701515125,4.577853161491404,4.623852825498077,4.654412252837423
1426537347754646555,43476494,3,5,4.647371428651513,4.580873023441404,4.616553114476023,4.653977084816614
1426545998152627560,43476494,1,5,4.239828665772537,4.495442281125166,4.495661316332633,4.603418161030591
1430976645244181282,3556840,4,5,4.719218482597965,4.607194445320801,4.651305286106395,4.706099780183264
1435694200232575556,672810411,30,4.97,4.939087812730494,4.795257994903389,4.848524820655803,4.865319356035494
1434769894974843659,444801189,5,4.6,4.459476239338804,4.585377184614334,4.525201161854736,4.054043402028447
1434769993669331995,444801189,11,3.73,3.7579285773607656,4.46765016923878,4.404304857575816,4.087085710199717
1436948768211750371,266965831,2,4.5,4.217688451160251,4.530483446822983,4.577578259994895,4.470753267669871
1441796182549200054,568734560,3,4.67,4.406739909601513,4.561872233291404,4.620425088490134,4.6687118723789345
1444809459847654271,266965831,2,5,4.497897257710251,4.549397951022984,4.580253143559747,4.470850266729405
1442168797321905030,28554120,7,5,4.843277466744864,4.655484351188782,4.709458733642363,4.784313986336221
1445104862115384859,21686919,2,5,4.527007489710251,4.546348320622983,4.573665047400421,4.661429900573186
1439963111297640172,417838756,29,4.79,4.768080323053199,4.731717223839127,4.732409159566431,4.817281215231089
1439990043864061834,444801189,41,4.34,4.339233025320424,4.545388092835804,4.476608003728754,4.152476751700246
1450218807238673554,664330092,51,4.57,4.563333303983854,4.64825861021986,4.668892039581654,4.4932581309482185
1450222461927258151,664330092,57,4.51,4.50693238470183,4.614345768378291,4.595691366600829,4.496849893192251
1448357857454105953,361085104,5,4.8,4.622854114138804,4.606278032139334,4.677860380614484,4.743791955529074
1450679051114608751,504426128,4,3.5,3.579437377147965,4.492553521095801,4.28450092716928,4.536775303165531
1450696033215084407,43476494,18,4.94,4.888909220343203,4.7383150842554596,4.804542954301719,4.737670622801115
1449440609969245289,449647062,12,4.67,4.6094267382019405,4.645804664987039,4.6724618977776915,4.7822267832906356
1452853754172998170,551032924,23,4.48,4.4665360643375465,4.618306395203678,4.609566024150788,4.520743710932683
1456717343633281322,592488,3,5,4.641942728351513,4.580422539891404,4.62425004830258,4.684347650242467
1455150781182466253,226444604,21,4.81,4.77642126837384,4.71220145278002,4.752302395413437,4.772021827938952
1457252023194530339,691418852,10,4.3,4.268647710576519,4.569185057287152,4.520176335868251,4.644854448119501
1461509955818394976,551032924,2,3.5,3.5835251623852513,4.487199138547983,4.370811690882758,4.4084812388304435
1461514933604035244,376378762,2,2.5,2.980008379355251,4.447212173972984,4.366434193041584,4.379713885430357
1462171179533689138,218444767,4,4.75,4.534724767672965,4.588191207570802,4.652580936042933,4.6734685475868245
1461662213341458286,444801189,10,3.2,3.2904761896765184,4.387149270162151,4.203970039404653,4.080280415610632
1462069500740146989,376378762,4,4.75,4.538262755747965,4.5866634206458015,4.656677815504695,4.413739331188053
1468064991700016269,304485690,15,4.47,4.4416600894177805,4.610749956730572,4.607104343426971,4.7633919965128415
1468857822148836389,90551270,21,4.9,4.8620079631238395,4.739728879755019,4.753121253762999,4.804836004520768
1472652954609528354,58672229,3,5,4.649716091401513,4.581607938516404,4.618240532565341,4.677180360240982
1470523713914567026,533190300,27,4.59,4.567416015684465,4.65344018664888,4.646590938492777,4.681297612458409
1476257826364419000,444801189,10,4.5,4.443973906001519,4.608186827562152,4.644687189644693,4.086175562073156
1476681831139306844,231621397,9,3.89,3.906782301730489,4.508812177682642,4.491615620847435,4.436013871945414
1477456815316739382,710137554,1,4,3.781160109722537,4.473943271225166,4.496753887539151,4.583747406742175
1481195928245917823,587537307,2,4.5,4.2147384680102515,4.529419756347984,4.576036044842255,4.647839842029313
1478822071368504273,162503659,28,4.61,4.592819901995292,4.6605163509594165,4.652952995677265,4.680794105516119
1479247909465759679,449647062,6,5,4.802632717214227,4.644399020664221,4.694371062401167,4.751815497271863
1484161280463535331,684939088,1,5,4.204855814822537,4.495924040200166,4.492814000359054,4.477471806781867
1482544387934986906,525256637,2,4.5,4.203810332685251,4.527376911997984,4.5708227463081705,4.467187676076872
1482661163845004502,287734649,41,4.8,4.782664970895424,4.751846634610804,4.781075092906325,4.825402700958301
1483133294730906435,677146853,4,4.25,4.153448931747965,4.549288642495801,4.488145247637572,4.654766388720109
1486893093941572317,202807340,2,5,4.519702747510251,4.547083817297984,4.574174180981986,4.607892247839864
1486917935338500071,525256637,1,1,2.437165790087537,4.414835745375166,4.2511509720749965,4.433783559516783
1489277949780099369,83941741,22,4.86,4.82437952274848,4.734000879511598,4.758625226553411,4.766550320674208
1494304444060836110,3109728,13,4.77,4.712548694041282,4.6699848284294445,4.686440501516789,4.612600521064965
1494528158349269330,12069531,7,4.71,4.585134529744864,4.616820635163782,4.5890572072541955,4.6962136666561465
1500771997761855715,716664740,7,5,4.839274519594864,4.654381259263782,4.713286831814965,4.745651428701322
1497640190858192330,177796227,16,4.44,4.420647545948393,4.604558749316436,4.6197219219567085,4.647191722441964
1496513599117901033,521399150,21,4.67,4.64075726069884,4.67565478280502,4.6762027355299365,4.753084757588452
1502115308005872424,677146853,7,4.86,4.717259121169864,4.642460431863782,4.714261936698449,4.681803551903966
1502211798731120703,444801189,4,4.25,4.157504914572965,4.551364510020801,4.4911163871758975,4.04268037659497
1502211911835014984,444801189,1,3,3.337538145172537,4.455818415025166,4.252553950982414,3.9782340935420586
1502212088208837627,444801189,32,4.22,4.222670245361107,4.510574431039254,4.4553195825084115,4.138771729681286
1499450160481250603,551032924,24,4.33,4.320073851964655,4.567056083284856,4.530270097841768,4.521248994144396
1506567853354846100,304485690,4,5,4.723811039797965,4.604772450995801,4.649823696073343,4.704841861691777
1505327322258668276,515710119,16,4.44,4.415657290748393,4.607703495416437,4.6232572450381895,4.683715682407198
1506734809007320878,664330092,40,4.68,4.667638132176947,4.700163295107787,4.724210503204756,4.483808503380373
1507038114253925296,303296414,11,4.73,4.6562649782857655,4.65398497171378,4.658451750933857,4.718514218784397
1511456415282023408,719076186,2,4.5,4.216748944535251,4.5296211611479835,4.573589874599736,4.629415741438936
1507237010065024599,559948928,8,4.63,4.543483070860679,4.615326200318619,4.609678445810823,4.685890632019495
1507851353950878051,173856474,8,4.13,4.107179772485679,4.546343250918619,4.477035305103795,4.353406651094918
1508476920630500615,716676246,2,4.5,4.201880193235251,4.529459497522984,4.573924041488471,4.62886747948399
1511816743235441008,226522409,6,4.5,4.408190635764227,4.588046554639222,4.560814823952253,4.219682687479417
1508671392860292544,718627665,14,5,4.9254462848075775,4.726256627336599,4.782848678369318,4.815970352064634
1515125522469918973,509889377,32,4.75,4.724441108386107,4.723439326114254,4.748137684031697,4.772729996755039
1510769058481840888,664330092,24,4.63,4.612570276539655,4.663074613359857,4.698224093050805,4.459170142304508
1521954291072945883,664330092,34,4.56,4.5497558824175925,4.64303542430144,4.628846281975865,4.473938270117841
1524502313201704578,465010822,54,4.87,4.859560984672179,4.8033747029716976,4.816720720994335,4.8569523380749535
1524692538276580330,173856474,23,4.48,4.467776956712547,4.615380131978678,4.60705444784221,4.402949397664997
1525938193925209847,722588278,6,5,4.809898013439227,4.639703140189222,4.698857901920061,4.742467522851006
1526877877881688991,266965831,6,4.5,4.397348991514227,4.585831335989222,4.566184627102483,4.520511313546116
1531893161041837053,444801189,1,2,2.887820341097537,4.436078456150166,4.251651514185706,3.9776752903039285
1531893268632137685,444801189,2,4.5,4.189785195960251,4.526285847822984,4.5767184057930965,4.011238056770115
1532627790729012802,724158322,11,4.82,4.735962773785766,4.668799072513781,4.7603585652161335,4.739896984013193
1537200039225227860,657271070,7,4.86,4.724612842494864,4.6393933380637815,4.712621225296758,4.726166395048701
1537697697356099883,568485012,24,4.88,4.845439387414655,4.746307596084857,4.76963889181903,4.8032490609859275
1538347277292768011,444801189,2,4.5,4.207390000685251,4.531269070422984,4.573416934111131,4.0109405381223135
1538348469534623850,444801189,9,4.44,4.379912957480489,4.594915843332642,4.629023634361671,4.0811358586823525
1538348567898763158,444801189,4,4,3.972742573972965,4.527383304495801,4.49415782770847,4.041932456976816
1538348723624726487,444801189,1,3,3.340948632672537,4.456543759175166,4.269364422986933,3.9787081915864877
1539794803207961897,42587715,5,4.6,4.453258725863805,4.587786575789334,4.528182851243504,4.668250525879032
1543546975212148687,266965831,1,5,4.210493125097537,4.496692384975166,4.490330426188108,4.4388195502736245
1545125801416075063,35226881,1,5,4.217734131597537,4.494583293725166,4.506680352551561,4.649072070804717
1547833593482300333,706947737,1,5,4.216334771922537,4.4999788956251665,4.4913726893983075,4.613622452289767
1548499782507436828,509387733,23,5,4.955307798912547,4.780910881678678,4.828340083666055,4.914864435361221
1548502477554034012,509387733,22,4.91,4.86989089547348,4.747885522011598,4.824678293312604,4.911355455393237
1548537527745064594,509387733,16,4.88,4.818387756423393,4.710593428291436,4.794390981329512,4.895928081153733
1548557200864396532,509387733,15,4.93,4.860872156517781,4.718464598580572,4.78769405111368,4.894093058848172
1548572783626085294,509387733,9,4.89,4.776754655880489,4.664834281032642,4.737726414741428,4.870457454952625
1546396194952844711,723322546,1,3,3.332147810022537,4.456067688700166,4.251063335451779,4.5162274107509
1546398339290286381,723322546,2,4,3.892583322210251,4.5084002697729835,4.568055079710576,4.54899388755767
1548707101985620195,568734560,1,5,4.235564610797537,4.4978045218751666,4.501664369025367,4.617615873911824
1551307655251632853,567074965,1,5,4.2211247551725375,4.4948730512751665,4.498188867990736,4.722876616685945
1546399565288731018,723322546,2,5,4.502622221435251,4.547583035422984,4.5770958289406485,4.549484677247207
1546401211927350184,723322546,1,4,3.777109019347537,4.474509582175166,4.49499757296828,4.516358880711572
1546402498862952035,723322546,1,4,3.759698890047537,4.475977630575166,4.489026101782999,4.516908237613733
1552081058913386971,691418852,3,5,4.648625714301513,4.584409012316404,4.609805739159067,4.591895026640381
1552959921244202872,16681905,4,5,4.720527706972965,4.606016992370801,4.657197347096037,4.703766996529267
1555713213433156527,667882593,25,4.32,4.307259977680072,4.5612416710535015,4.544458310820409,4.610695231650801
1547318871747708603,212590042,1,5,4.220423623572537,4.498852186900166,4.4941051083434775,4.618988416605358
1556005905999627485,74779280,3,4.67,4.417916579051513,4.563328753716404,4.622222524093878,4.652069882374957
1556353659209289883,287734649,24,4.96,4.918193392639655,4.775731029359857,4.831574572766904,4.803034161721063
1554385592974808171,287734649,8,4.88,4.755979741110679,4.6515897260436185,4.721047635455181,4.751353037537061
1557075491703461381,667882593,17,4.76,4.713228722879879,4.683566470453622,4.724112223232038,4.597448516431617
1557146536910286552,444801189,4,2.25,2.632168525122965,4.394124975145801,4.041737445444005,4.038622346589999
1557149973517441875,444801189,5,3.6,3.6611767841638048,4.495196268289334,4.347668234560761,4.051869739677324
1558142146695188020,655901152,13,5,4.914817163391283,4.717854561804445,4.777367494544562,4.857010457744888
1555140936373781279,255603172,2,5,4.508837599410251,4.547520734397984,4.576740686909428,4.657276374985973
1563396915187048655,47777659,12,4.42,4.380399528726941,4.596201722987039,4.5608985436267995,4.586944013122888
1564731588936591407,47777659,14,4.57,4.528561578407578,4.6329096031615995,4.591604564205581,4.5947509344752016
1565078888151206384,527420206,7,4.29,4.237637898944864,4.566618599538782,4.589826911943846,4.5081050095530095
1563054414518859701,731143733,20,4.9,4.854827615389232,4.741443483134969,4.814924884453734,4.803650222867001
1567584302647915409,664330092,26,4.27,4.265421224053997,4.543450184327262,4.464684182165373,4.458675453778564
1569660752063166633,561388589,7,4.71,4.585134118194864,4.623869013763782,4.588851208789836,4.693937494406001
1568709794850953636,509889377,3,5,4.641795499026513,4.582262327416404,4.624779609276958,4.665084100570795
1574609361338169053,711907023,1,4,3.7860343469225373,4.477936267950166,4.502794462372589,4.5844002153628125
1574668341826559920,567074965,5,5,4.779709122363805,4.6260522268393345,4.672385059537905,4.797104442949624
1575230092142192333,509387733,7,5,4.841049035294864,4.657933212563782,4.7103225512924585,4.859430571456103
1575232972526007532,509387733,5,5,4.780319395163804,4.625567312989334,4.678441073925144,4.843442707255118
1575233466018600673,509387733,4,5,4.716262961647965,4.603731811845801,4.6507228832449945,4.833074325718217
1575355274204233419,509387733,11,5,4.901914353885766,4.69892901208878,4.7567243492572295,4.880074420870686
1575355697596409989,509387733,9,4.89,4.7813185188804885,4.661433500482643,4.741865516272703,4.870520587553395
1577608779254432664,733712813,12,4.92,4.835264117601941,4.692611386537039,4.76633624524066,4.770263199951333
1576006728500128743,177796227,12,4.92,4.829978813851941,4.6985615960120395,4.766511007690844,4.636632674519531
1576033506063016764,177796227,14,4.57,4.5280503447075775,4.630414989661599,4.590488089311639,4.642342627316485
1576036804318468149,177796227,6,4.83,4.674607565389227,4.623075488364222,4.697567181857962,4.603792707223197
1576039952361235050,177796227,7,4.86,4.716332876519864,4.640288959013782,4.714021026456985,4.611731077982926
1576043471652877762,177796227,15,4.53,4.499238902267781,4.623087668180572,4.610456463029468,4.645170560282946
1578126305406431776,734515100,3,4.67,4.406851103476513,4.564128846666404,4.617601080121116,4.656725910948804
1576239132438395658,417838756,12,5,4.913461609626941,4.709614469637039,4.764081980494179,4.778238628479714
1578331144446791910,266965831,1,5,4.223688759472537,4.494921534575166,4.502812826384828,4.43890431632995
1579327630527065582,664330092,21,4.52,4.50035069277384,4.628614564855019,4.587708058321921,4.451154471133826
1579379475890990580,664330092,24,4.58,4.558195391614655,4.649527706834856,4.622420414533186,4.458410535056446
1579396591321079901,664330092,22,4.59,4.56838407904848,4.650086586461598,4.681835888189742,4.454250997835352
1580469293396561063,509387733,4,5,4.7359702553729655,4.604087013920801,4.649338193082748,4.833244522476722
1582676042334627614,43476494,9,5,4.877254030780489,4.684411117932642,4.737499578882784,4.704866886724591
1585733322136180840,26740831,1,5,4.223752071822537,4.499597419150166,4.489061071923522,4.61391598200237
1581142043278385560,664330092,8,4.38,4.329251310560679,4.582948721768619,4.611079550894904,4.407189557361055
1583672612863662771,664330092,8,4.38,4.328383269085679,4.581105342693618,4.610551905495155,4.406706116751401
1583676478414578347,664330092,5,4,3.9772350207638048,4.532237570214334,4.531599470816508,4.384285620273134
1584139352916082436,502056149,17,4.94,4.8831591999048785,4.732750988803621,4.800643844089256,4.877722581456109
1584906962159330643,43476494,1,5,4.232447935522537,4.497724433625166,4.492905409172319,4.6036569136783525
1592795800262453633,555265721,13,4.92,4.836635684166283,4.703110089354444,4.778017936114693,4.781127071891146
1587218160832709960,43476494,5,4.4,4.297873184388805,4.568815547014334,4.535459628905023,4.67607916363296
1587225133810330968,43476494,1,5,4.213680478522537,4.498027177250166,4.494680918140817,4.603898099812987
1594526655873894573,76512896,10,4.4,4.3560919655265185,4.586825081012152,4.520212156275696,4.637431161720183
1599584086310636142,547436567,1,3,3.329974146830037,4.456983111025166,4.25357895662053,4.446124423581606
1597388096133495352,664330092,14,4.29,4.273281021682578,4.566525883286599,4.587423411813664,4.431139529002385
1597428300996491848,664330092,8,4.63,4.542414436385679,4.617384202268619,4.608740839386616,4.407726309740118
1597765325647889816,515710119,18,4.83,4.780442567068203,4.71054305490546,4.732610412037589,4.6918119698801455
1601974062877142939,47777659,6,4.17,4.129917655389227,4.548393217164222,4.5611840929603,4.555261435800686
1602132031189704782,44134955,1,5,4.2251272137975375,4.498830798575166,4.498096896845406,4.616103220085938
1602241748367779905,4936550,8,4.63,4.543432053860679,4.621619927318619,4.610335175764818,4.685091614872612
1605031245217203633,43476494,1,5,4.216567531147537,4.4988494249001665,4.496472982602623,4.603611063807012
1606953225615284595,512103531,14,4.93,4.860192189382578,4.708988434911599,4.781193818382536,4.735440134697412
1603478712403830994,526690276,13,4.46,4.424578359716283,4.604503679154445,4.576913501472543,4.760810853222751
1609352871048113065,743168179,9,4.78,4.681652923630489,4.646917537707642,4.738440583928296,4.721193547980351
1609522030771644203,73078708,13,4.62,4.570674556941283,4.6403498423544445,4.689895009891253,4.692310652438668
1614025415580308578,169080699,4,5,4.7241484754729655,4.601676371720801,4.655609822732001,4.702286317296156
1613122890158794877,664330092,11,4.55,4.494276321010766,4.619832192463781,4.658521068833876,4.421947578477988
1613164893778529806,691418852,1,5,4.208007070222537,4.499429798975166,4.491972679106412,4.541925022146133
1613346264535608442,684939088,3,5,4.644956572926513,4.581076625041404,4.620212347550392,4.5281270118476025
1615931153180343368,744865849,2,5,4.515693248135251,4.548470164297984,4.577675058292215,4.6581666869146545
1614674377160187243,744573440,12,4.67,4.618093750626941,4.645205523362039,4.675440500067388,4.7048388912985954
1618390200861391251,16634634,9,4.89,4.777597725055489,4.663080543207642,4.738950558274278,4.749284561083514
1618969766340393452,664330092,4,2.5,2.8263658057729653,4.413042456795801,4.286135312181962,4.371054441602565
1621091534013709474,664330092,6,4.33,4.260449205939227,4.567512974639222,4.561147709307297,4.3932382268980295
1615305743136993695,744711807,5,4.6,4.458774712563804,4.585294421839334,4.524792771673735,4.669287129685191
1621958563246901724,50531253,7,4.71,4.595320443969864,4.616639033488782,4.584770399502402,4.772753844709476
1622335661762611452,43476494,1,5,4.228228176322537,4.500539819100166,4.497505195768082,4.6036132540432755
1622365489572973752,43476494,1,1,2.465730226643787,4.419362942325166,4.247277127277681,4.601644837392245
1628184864687501675,113803040,5,5,4.778326389413805,4.627828435339334,4.677399660532383,4.718585534207714
1625352455585859854,736234599,3,4.67,4.415827087301513,4.559324552466404,4.613033093472297,4.657450569788498
1629746038389939501,748421089,4,3.5,3.571001064772965,4.490796102570801,4.294796186325273,4.604993972354689
1625534518849349446,509387733,6,5,4.811210700439227,4.640880752114222,4.699231111118885,4.852054478437737
1625550682807700529,509387733,4,5,4.717630420847965,4.604783016870801,4.647693899023774,4.83298138319121
1625556802112983510,509387733,4,5,4.718171503322965,4.604339694570801,4.65152744494128,4.833272983807484
1631251459310397158,664330092,6,4.5,4.4022382366142265,4.586948692864222,4.565402299472142,4.394048020171116
1634096756593964717,664330092,8,4.25,4.207573168985679,4.563233976343619,4.466971905563728,4.406719633040766
1634111513798057829,357692545,3,5,4.6353512465015125,4.582886189416405,4.617679931657187,4.683693228707672
1632873165050120768,748421089,10,4.9,4.799993347151519,4.674618427262152,4.751035214879074,4.65039664848641
1633379395564263915,162523434,1,5,4.2327609886225375,4.4972850139751666,4.502512310397333,4.652721360083798
1636821173775797720,177796227,2,3.5,3.577411376285251,4.491118832647984,4.372313736068032,4.552099922178713
1636849038049661527,177796227,5,4.6,4.450199195488804,4.588044861164334,4.52714033341634,4.594979437510174
1637260423861110151,82375365,12,4.92,4.835950635676941,4.695963420137039,4.767427901825844,4.7775133889463355
1640897261101506750,664330092,3,4,3.939085719851513,4.5204471822664045,4.4364469304697565,4.361061494290312
1641488971599633702,50531253,4,5,4.732373928372965,4.606304475520801,4.652639008452395,4.747968746389688
1642923876103661488,587537307,2,5,4.518962914260251,4.548743151997984,4.573417545040097,4.64793585658611
1639176318969535818,664330092,4,3.75,3.771360137872965,4.510314872820802,4.495524610479898,4.373382715368992
1644182150585876803,173856474,6,4.5,4.394774708589227,4.5874737762892215,4.56279632054629,4.34152159037953
1644268174921451907,525256637,2,5,4.513923553860251,4.548668473747984,4.5715115639185235,4.467801509147374
1644557282321835944,664330092,5,3.4,3.5053160982638047,4.473489046089334,4.345926023494313,4.382875972563543
1645057491935164847,552276501,1,4,3.777334458047537,4.4761317923001664,4.502420834920912,4.580719768385031
1647289417319856246,664330092,8,4.25,4.225365252285679,4.561921907343619,4.461429301136092,4.4062704556963235
1647825929219206860,664330092,12,4.25,4.234237635051941,4.559009568112039,4.559477444370546,4.424526112647055
1649220376845110829,753384504,6,5,4.813752575989227,4.640853708289222,4.697842506561328,4.7388309043416115
1649330465631391287,552276501,1,4,3.782965818147537,4.477668543650166,4.5010637842521355,4.579909657791062
1649336938811899635,552276501,1,5,4.220416826672537,4.4999191361751665,4.486562951467308,4.580734263788483
1648162456258169480,47777659,1,5,4.2161093177225375,4.499232943200166,4.494144387667271,4.473903209806091
1648414195253632803,667882593,6,5,4.809954718139227,4.639382512714222,4.691498062482955,4.549957341260433
1653096365014088460,754400134,1,1,2.441234002005287,4.417262551625166,4.256123953445383,4.491951497466418
1653703841114823835,754555581,7,4.57,4.475577034919864,4.603859042238782,4.58510910923645,4.665813075136364
1651480443362110515,691418852,2,4.5,4.205235272585251,4.527006737147984,4.576347453844407,4.572132381379952
1651538825467021233,664330092,16,4.69,4.647363288023393,4.668355312541436,4.717515608071448,4.44013241065462
1656768448464941302,173856474,4,4.5,4.327860116572965,4.566994922170801,4.6525641459145595,4.32285165988487
1652378088582238379,547436567,1,4,3.784267088397537,4.474897563250166,4.4896978753371135,4.446409439461513
1661702198710129179,509387733,4,5,4.729278055147965,4.604818259170801,4.6496710088079425,4.8331714728955655
1663834467100945275,669382011,1,5,4.219910006872537,4.499087202175166,4.494204688529175,4.616831688876894
1664427187774342616,650446937,4,5,4.721913930922965,4.604076183370801,4.655392353455404,4.70600027463351
1668156061321231079,4218453,2,5,4.506200304635251,4.547254656172984,4.576280758429709,4.6568475115728605
1670219472576978394,664330092,4,4.25,4.149132475722965,4.548390746120801,4.495593561875061,4.374551082898255
1673830230209131664,664330092,1,5,4.2214073957225375,4.495267677650166,4.4965562406809685,4.311584243689683
1675334949615178916,519205614,5,4.4,4.304094273363805,4.567678905139334,4.526203411964393,4.638759682490666
1673042261799562732,266965831,1,5,4.221690975497537,4.501077913150166,4.494497001024662,4.438847459121929
1676271190785877656,568485012,3,4.67,4.417215791726513,4.558366226641404,4.620129189232807,4.707129225029522
1676730535868403002,754555581,4,4.5,4.345859623022965,4.565815314745802,4.653517596794583,4.6400129618558354
1677748094238313083,739344382,2,5,4.501991771435251,4.549288360297984,4.575833574825199,4.658289780877641
1678188082341855548,754555581,1,5,4.215486787672537,4.497233507425166,4.501807201393553,4.576498969207184
1678248330236574686,450528902,1,5,4.208726384547537,4.497969182100166,4.500153203388046,4.278215349444574
1680321484199607460,190938492,2,3,3.281711210960251,4.470045103572984,4.37490472920927,4.535271871653777
1680473461486596068,547436567,2,5,4.506667734660251,4.549293403847984,4.575752216139354,4.478833235709362
1684059029984881155,1679206435485477650,3,4.67,4.4242165371765125,4.563080586366405,4.622445907759043,4.656166282131118
1686812604830328835,667882593,1,4,3.7792484321475373,4.4730857646001665,4.494815260080541,4.465729626675742
1688552672830233524,1679206435485477650,3,4.67,4.418420694176513,4.5593290625664045,4.61626388535996,4.65698276272727
1689788628581387182,667882593,1,5,4.226060641372537,4.499903690450166,4.4996072893857395,4.466253285008936
1690058586319655469,177796227,5,4.6,4.460249527513804,4.586897215464334,4.526078180953066,4.59512093318751
1690073644991022497,177796227,1,5,4.220171431197537,4.499107094900166,4.499796308581553,4.522001147873522
1690078809486714863,177796227,2,5,4.518313773935251,4.5472117266979835,4.572743183420867,4.55328772260949
1690082370732067236,177796227,1,5,4.205962662497537,4.503525532500166,4.49601490143078,4.521301195018676
1690085546016920506,177796227,1,4,3.801253621547537,4.479862357850166,4.500832155546639,4.5210360111037025
1690091876297141930,177796227,7,4.57,4.478919164819864,4.601392933688782,4.588649925878871,4.6110064267029225
1690093992360513468,177796227,1,3,3.3304172152975373,4.457461155125166,4.247165884462604,4.521194967309973
1690095948425623390,177796227,2,4,3.890551845435251,4.507432904122983,4.577093205821126,4.553096948808299
1690098107176941058,177796227,1,5,4.224629483897537,4.498693142575166,4.494989841403662,4.521717108315151
1690101354282821212,177796227,2,5,4.511916006685251,4.5483788335229836,4.5713280437435975,4.553818395720975
1690103268051836928,177796227,4,4.25,4.155527519447965,4.550020977470801,4.490018307277082,4.584281579678721
1694750875047391099,667882593,1,4,3.780482867617537,4.474605903600166,4.490934532845339,4.466276023758246
1691815834647760402,177796227,1,5,4.224322942922537,4.496679515475166,4.496935523106803,4.521710818606378
1692994493529912646,542394829,3,5,4.642108975026513,4.582971862091404,4.616421617733796,4.686371771961256
1695141987833580027,173856474,2,4.5,4.203217785510251,4.527459590022984,4.574064190659415,4.290636195047853
1697688315591262463,416597377,7,4.71,4.6003807294698635,4.620677928963782,4.585526138264161,4.695199841186598
1700818875490798732,1700818501683459323,1,5,4.215720533497537,4.498316958900166,4.49851185464762,4.616575274843309
1701340502348510429,57800271,6,5,4.814767987989227,4.642267508214221,4.694906168016185,4.733592733062859
